,date,close,high,low,open,volume,adjClose,adjHigh,adjLow,adjOpen,adjVolume,divCash,splitFactor
0,2012-05-03T00:00:00.000Z,22.05,22.45,21.85,22.0,13298700,12.6080454684,12.8367628465,12.4936867793,12.5794557961,13298700,0.0,1.0
1,2012-05-04T00:00:00.000Z,22.05,22.088,22.0,22.05,6276200,12.6080454684,12.6297736193,12.5794557961,12.6080454684,6276200,0.0,1.0
2,2012-05-07T00:00:00.000Z,22.01,22.09,22.0,22.07,2800000,12.5851737306,12.6309172062,12.5794557961,12.6194813373,2800000,0.0,1.0
3,2012-05-08T00:00:00.000Z,22.0,22.05,22.0,22.01,6862700,12.5794557961,12.6080454684,12.5794557961,12.5851737306,6862700,0.0,1.0
4,2012-05-09T00:00:00.000Z,21.75,22.06,21.023,22.0,4307200,12.4365074348,12.6137634029,12.0208136001,12.5794557961,4307200,0.0,1.0
5,2012-05-10T00:00:00.000Z,21.72,21.75,21.5,21.5,464000,12.4193536315,12.4365074348,12.2935590735,12.2935590735,464000,0.0,1.0
6,2012-05-11T00:00:00.000Z,21.35,21.83,21.15,21.72,267000,12.2077900567,12.4822509104,12.0934313676,12.4193536315,267000,0.0,1.0
7,2012-05-14T00:00:00.000Z,21.03,21.44,20.98,21.15,357900,12.0248161542,12.2592514668,11.996226482,12.0934313676,357900,0.0,1.0
8,2012-05-15T00:00:00.000Z,21.12,21.39,21.0,21.22,521000,12.0762775643,12.2306617945,12.0076623509,12.1334569088,521000,0.0,1.0
9,2012-05-16T00:00:00.000Z,21.57,21.6,21.01,21.09,313200,12.3335846147,12.350738418,12.0133802853,12.0591237609,313200,0.0,1.0
10,2012-05-17T00:00:00.000Z,21.1,21.51,21.0,21.3,329700,12.0648416954,12.2992770079,12.0076623509,12.1792003844,329700,0.0,1.0
11,2012-05-18T00:00:00.000Z,21.11,21.4,21.0,21.0,343900,12.0705596298,12.236379729,12.0076623509,12.0076623509,343900,0.0,1.0
12,2012-05-21T00:00:00.000Z,21.05,22.0,21.0,22.0,130500,12.0362520231,12.5794557961,12.0076623509,12.5794557961,130500,0.0,1.0
13,2012-05-22T00:00:00.000Z,21.0,21.27,20.24,21.06,334000,12.0076623509,12.1620465811,11.5730993324,12.0419699576,334000,0.0,1.0
14,2012-05-23T00:00:00.000Z,20.14,20.94,20.0,20.83,510000,11.5159199879,11.9733547441,11.4358689056,11.9104574652,510000,0.0,1.0
15,2012-05-24T00:00:00.000Z,20.39,20.62,20.0,20.18,204300,11.6588683492,11.7903808417,11.4358689056,11.5387917257,204300,0.0,1.0
16,2012-05-25T00:00:00.000Z,21.51,21.6,20.27,20.27,306000,12.2992770079,12.350738418,11.5902531358,11.5902531358,306000,0.0,1.0
17,2012-05-29T00:00:00.000Z,21.06,21.73,20.97,21.73,97000,12.0419699576,12.4250715659,11.9905085475,12.4250715659,97000,0.0,1.0
18,2012-05-30T00:00:00.000Z,21.21,21.4,20.32,20.82,157300,12.1277389744,12.236379729,11.6188428081,11.9047395307,157300,0.0,1.0
19,2012-05-31T00:00:00.000Z,21.12,21.199,20.71,21.09,366700,12.0762775643,12.1214492465,11.8418422517,12.0591237609,366700,0.0,1.0
20,2012-06-01T00:00:00.000Z,21.02,21.4,20.66,20.66,347700,12.0190982198,12.236379729,11.8132525795,11.8132525795,347700,0.0,1.0
21,2012-06-04T00:00:00.000Z,20.96,21.17,20.5,21.17,116900,11.984790613,12.1048672366,11.7217656282,12.1048672366,116900,0.0,1.0
22,2012-06-05T00:00:00.000Z,20.94,21.09,20.32,20.32,231500,11.9733547441,12.0591237609,11.6188428081,11.6188428081,231500,0.0,1.0
23,2012-06-06T00:00:00.000Z,21.38,21.38,20.31,21.1,165900,12.2249438601,12.2249438601,11.6131248736,12.0648416954,165900,0.0,1.0
24,2012-06-07T00:00:00.000Z,21.6,21.67,21.23,21.5,162500,12.350738418,12.3907639592,12.1391748433,12.2935590735,162500,0.0,1.0
25,2012-06-08T00:00:00.000Z,21.75,21.875,21.36,21.67,1368100,12.4365074348,12.5079816155,12.2135079912,12.3907639592,1368100,0.0,1.0
26,2012-06-11T00:00:00.000Z,21.42,21.89,21.3,21.8,177200,12.2478155979,12.5165585172,12.1792003844,12.4650971071,177200,0.0,1.0
27,2012-06-12T00:00:00.000Z,21.8,22.01,21.63,21.75,389800,12.4650971071,12.5851737306,12.3678922214,12.4365074348,389800,0.0,1.0
28,2012-06-13T00:00:00.000Z,21.88,21.9,21.67,21.67,165500,12.5108405827,12.5222764516,12.3907639592,12.3907639592,165500,0.0,1.0
29,2012-06-14T00:00:00.000Z,21.79,22.06,21.56,21.95,221600,12.4593791726,12.6137634029,12.3278666802,12.5508661239,221600,0.0,1.0
30,2012-06-15T00:00:00.000Z,21.94,21.95,21.69,21.87,97200,12.5451481894,12.5508661239,12.4021998281,12.5051226482,97200,0.0,1.0
31,2012-06-18T00:00:00.000Z,21.85,21.98,21.73,21.98,95200,12.4936867793,12.5680199272,12.4250715659,12.5680199272,95200,0.0,1.0
32,2012-06-19T00:00:00.000Z,21.79,21.92,21.68,21.85,174200,12.4593791726,12.5337123205,12.3964818936,12.4936867793,174200,0.0,1.0
33,2012-06-20T00:00:00.000Z,21.88,21.95,21.72,21.85,394900,12.5108405827,12.5508661239,12.4193536315,12.4936867793,394900,0.0,1.0
34,2012-06-21T00:00:00.000Z,21.795,22.03,21.508,21.91,168200,12.4622381399,12.5966095995,12.2981334211,12.5279943861,168200,0.0,1.0
35,2012-06-22T00:00:00.000Z,21.85,22.02,21.74,21.97,42500,12.4936867793,12.590891665,12.4307895004,12.5623019928,42500,0.0,1.0
36,2012-06-25T00:00:00.000Z,21.9,22.0,21.51,21.95,45800,12.5222764516,12.5794557961,12.2992770079,12.5508661239,45800,0.0,1.0
37,2012-06-26T00:00:00.000Z,21.61,22.0,21.61,21.97,232700,12.3564563525,12.5794557961,12.3564563525,12.5623019928,232700,0.0,1.0
38,2012-06-27T00:00:00.000Z,21.73,21.98,21.6,21.8,91600,12.4250715659,12.5680199272,12.350738418,12.4650971071,91600,0.0,1.0
39,2012-06-28T00:00:00.000Z,22.16,22.16,21.33,21.48,907700,12.6709427474,12.6709427474,12.1963541878,12.2821232046,907700,0.0,1.0
40,2012-06-29T00:00:00.000Z,22.43,22.44,22.16,22.3,171500,12.8253269776,12.8310449121,12.6709427474,12.7509938297,171500,0.0,1.0
41,2012-07-02T00:00:00.000Z,22.9,23.0,22.4,22.45,475000,13.0940698969,13.1512492414,12.8081731742,12.8367628465,475000,0.0,1.0
42,2012-07-03T00:00:00.000Z,22.95,23.01,22.9,22.94,92700,13.1226595692,13.1569671759,13.0940698969,13.1169416347,92700,0.0,1.0
43,2012-07-05T00:00:00.000Z,23.08,23.487,22.86,22.86,92000,13.196992717,13.4297126493,13.0711981591,13.0711981591,92000,0.0,1.0
44,2012-07-06T00:00:00.000Z,23.13,23.76,23.05,23.76,62800,13.2255823893,13.5858122598,13.1798389137,13.5858122598,62800,0.0,1.0
45,2012-07-09T00:00:00.000Z,23.24,23.35,22.87,23.04,117200,13.2884796683,13.3513769473,13.0769160935,13.1741209792,117200,0.0,1.0
46,2012-07-10T00:00:00.000Z,23.06,23.37,23.06,23.37,103300,13.1855568481,13.3628128162,13.1855568481,13.3628128162,103300,0.0,1.0
47,2012-07-11T00:00:00.000Z,23.18,23.46,23.1,23.25,114900,13.2541720616,13.4142742262,13.2084285859,13.2941976027,114900,0.0,1.0
48,2012-07-12T00:00:00.000Z,22.73,23.48,22.55,23.39,95400,12.9968650112,13.4257100951,12.893942191,13.3742486851,95400,0.0,1.0
49,2012-07-13T00:00:00.000Z,23.08,23.15,22.76,22.76,130900,13.196992717,13.2370182582,13.0140188145,13.0140188145,130900,0.0,1.0
50,2012-07-16T00:00:00.000Z,23.11,23.25,23.01,23.16,87700,13.2141465204,13.2941976027,13.1569671759,13.2427361927,87700,0.0,1.0
51,2012-07-17T00:00:00.000Z,23.05,23.34,22.87,23.33,103600,13.1798389137,13.3456590128,13.0769160935,13.3399410784,103600,0.0,1.0
52,2012-07-18T00:00:00.000Z,22.93,23.22,22.82,23.03,49600,13.1112237002,13.2770437994,13.0483264213,13.1684030448,49600,0.0,1.0
53,2012-07-19T00:00:00.000Z,23.0,23.27,23.0,23.06,39800,13.1512492414,13.3056334716,13.1512492414,13.1855568481,39800,0.0,1.0
54,2012-07-20T00:00:00.000Z,23.42,23.44,22.76,22.92,110600,13.3914024884,13.4028383573,13.0140188145,13.1055057658,110600,0.0,1.0
55,2012-07-23T00:00:00.000Z,22.92,23.45,22.61,23.36,181400,13.1055057658,13.4085562918,12.9282497978,13.3570948817,181400,0.0,1.0
56,2012-07-24T00:00:00.000Z,23.37,23.949,23.28,23.29,211900,13.3628128162,13.693881221,13.3113514061,13.3170693405,211900,0.0,1.0
57,2012-07-25T00:00:00.000Z,23.71,23.9,23.02,23.48,91300,13.5572225876,13.6658633422,13.1626851103,13.4257100951,91300,0.0,1.0
58,2012-07-26T00:00:00.000Z,24.0,24.0,23.47,23.76,74100,13.7230426867,13.7230426867,13.4199921607,13.5858122598,74100,0.0,1.0
59,2012-07-27T00:00:00.000Z,24.15,24.5,23.87,23.99,181200,13.8088117035,14.0089394093,13.6487095388,13.7173247522,181200,0.0,1.0
60,2012-07-30T00:00:00.000Z,24.21,24.5,23.93,24.44,164400,13.8431193102,14.0089394093,13.6830171455,13.9746318026,164400,0.0,1.0
61,2012-07-31T00:00:00.000Z,24.43,24.52,24.0,24.0,723400,13.9689138682,14.0203752782,13.7230426867,13.7230426867,723400,0.0,1.0
62,2012-08-01T00:00:00.000Z,24.02,24.8399,23.92,24.46,69800,13.7344785556,14.2032920014,13.6772992111,13.9860676715,69800,0.0,1.0
63,2012-08-02T00:00:00.000Z,23.87,24.25,23.24,23.9,70400,13.6487095388,13.865991048,13.2884796683,13.6658633422,70400,0.0,1.0
64,2012-08-03T00:00:00.000Z,24.37,24.5,24.0,24.49,51600,13.9346062614,14.0089394093,13.7230426867,14.0032214749,51600,0.0,1.0
65,2012-08-06T00:00:00.000Z,24.28,24.89,23.8,24.7,138300,13.8831448514,14.231938853,13.6086839976,14.1232980984,138300,0.0,1.0
66,2012-08-07T00:00:00.000Z,24.47,25.24,24.0201,25.0,261600,13.991785606,14.4320665588,13.7345357349,14.294836132,261600,0.0,1.0
67,2012-08-08T00:00:00.000Z,24.34,24.64,23.64,24.2,266800,13.9174524581,14.0889904917,13.5171970464,13.8374013757,266800,0.0,1.0
68,2012-08-09T00:00:00.000Z,24.02,25.95,23.7201,24.64,140700,13.7344785556,14.838039905,13.5629977014,14.0889904917,140700,0.0,1.0
69,2012-08-10T00:00:00.000Z,23.79,24.36,23.75,24.1,133100,13.6029660632,13.928888327,13.5800943254,13.7802220312,133100,0.0,1.0
70,2012-08-13T00:00:00.000Z,24.98,25.1,23.89,23.93,40000,14.2834002631,14.3520154765,13.6601454077,13.6830171455,40000,0.0,1.0
71,2012-08-14T00:00:00.000Z,24.93,25.23,24.4,24.86,73900,14.2548105908,14.4263486244,13.9517600648,14.2147850496,73900,0.0,1.0
72,2012-08-15T00:00:00.000Z,24.9,25.08,24.5,24.7,142400,14.2376567874,14.3405796076,14.0089394093,14.1232980984,142400,0.0,1.0
73,2012-08-16T00:00:00.000Z,24.99,25.2,24.78,25.2,239000,14.3520154765,14.4726206486,14.2314103044,14.4726206486,239000,0.11,1.0
74,2012-08-17T00:00:00.000Z,25.05,25.12,24.95,25.05,150200,14.3864740971,14.4266758211,14.3290430628,14.3864740971,150200,0.0,1.0
75,2012-08-20T00:00:00.000Z,24.47,25.5,24.4,25.5,32300,14.053374098,14.6449137515,14.013172374,14.6449137515,32300,0.0,1.0
76,2012-08-21T00:00:00.000Z,25.0,25.21,24.51,24.7,85600,14.3577585799,14.478363752,14.0763465118,14.185465477,85600,0.0,1.0
77,2012-08-22T00:00:00.000Z,24.99,25.48,24.5676,25.48,157600,14.3520154765,14.6334275447,14.1094267875,14.6334275447,157600,0.0,1.0
78,2012-08-23T00:00:00.000Z,25.1,25.19,24.83,25.0,66600,14.4151896143,14.4668775451,14.2601258216,14.3577585799,66600,0.0,1.0
79,2012-08-24T00:00:00.000Z,25.11,25.41,25.0,25.17,39000,14.4209327177,14.5932258206,14.3577585799,14.4553913383,39000,0.0,1.0
80,2012-08-27T00:00:00.000Z,25.25,25.32,25.06,25.25,21300,14.5013361657,14.5415378898,14.3922172005,14.5013361657,21300,0.0,1.0
81,2012-08-28T00:00:00.000Z,25.44,26.0,25.1,25.32,127100,14.6104551309,14.9320689231,14.4151896143,14.5415378898,127100,0.0,1.0
82,2012-08-29T00:00:00.000Z,25.79,25.95,25.38,25.95,57000,14.8114637511,14.903353406,14.5759965103,14.903353406,57000,0.0,1.0
83,2012-08-30T00:00:00.000Z,25.88,26.0,25.62,25.97,111400,14.8631516819,14.9320689231,14.7138309927,14.9148396128,111400,0.0,1.0
84,2012-08-31T00:00:00.000Z,26.215,26.31,25.81,26.14,162900,15.0555456469,15.1101051295,14.8229499579,15.0124723712,162900,0.0,1.0
85,2012-09-04T00:00:00.000Z,26.28,27.9,25.76,27.9,253000,15.0928758192,16.0232585752,14.7942344408,16.0232585752,253000,0.0,1.0
86,2012-09-05T00:00:00.000Z,26.34,26.6,25.78,26.4,171400,15.1273344398,15.276655129,14.8057206476,15.1617930604,171400,0.0,1.0
87,2012-09-06T00:00:00.000Z,26.2,26.61,26.2,26.2,140700,15.0469309918,15.2823982325,15.0469309918,15.0469309918,140700,0.0,1.0
88,2012-09-07T00:00:00.000Z,26.47,26.85,26.21,26.6,296900,15.2019947844,15.4202327148,15.0526740952,15.276655129,296900,0.0,1.0
89,2012-09-10T00:00:00.000Z,26.47,26.59,26.29,26.59,145700,15.2019947844,15.2709120256,15.0986189227,15.2709120256,145700,0.0,1.0
90,2012-09-11T00:00:00.000Z,26.59,26.78,26.38,26.4,102900,15.2709120256,15.3800309908,15.1503068535,15.1617930604,102900,0.0,1.0
91,2012-09-12T00:00:00.000Z,26.89,27.87,26.65,27.78,148400,15.4432051286,16.0060292649,15.3053706462,15.954341334,148400,0.0,1.0
92,2012-09-13T00:00:00.000Z,26.72,26.89,26.4,26.51,223500,15.3455723702,15.4432051286,15.1617930604,15.2249671982,223500,0.0,1.0
93,2012-09-14T00:00:00.000Z,27.02,27.15,26.5,26.7,193300,15.5178654732,15.5925258178,15.2192240947,15.3340861634,193300,0.0,1.0
94,2012-09-17T00:00:00.000Z,27.25,27.4,26.6,27.1,136100,15.6499568521,15.7361034036,15.276655129,15.5638103006,136100,0.0,1.0
95,2012-09-18T00:00:00.000Z,27.12,27.26,26.89,27.05,98100,15.5752965075,15.6556999556,15.4432051286,15.5350947835,98100,0.0,1.0
96,2012-09-19T00:00:00.000Z,26.82,27.15,26.75,27.11,87900,15.4030034046,15.5925258178,15.3628016805,15.5695534041,87900,0.0,1.0
97,2012-09-20T00:00:00.000Z,26.51,27.0,26.11,26.8,155000,15.2249671982,15.5063792663,14.9952430609,15.3915171977,155000,0.0,1.0
98,2012-09-21T00:00:00.000Z,26.42,27.0,26.42,26.58,52100,15.1732792673,15.5063792663,15.1732792673,15.2651689222,52100,0.0,1.0
99,2012-09-24T00:00:00.000Z,26.17,27.0,26.15,26.5,49300,15.0297016815,15.5063792663,15.0182154746,15.2192240947,49300,0.0,1.0
100,2012-09-25T00:00:00.000Z,25.84,26.4,25.75,26.25,64500,14.8401792682,15.1617930604,14.7884913373,15.0756465089,64500,0.0,1.0
101,2012-09-26T00:00:00.000Z,25.69,25.9437,25.34,25.89,82000,14.7540327167,14.8997352508,14.5530240966,14.8688947854,82000,0.0,1.0
102,2012-09-27T00:00:00.000Z,25.85,25.88,25.53,25.61,77000,14.8459223716,14.8631516819,14.6621430618,14.7080878893,77000,0.0,1.0
103,2012-09-28T00:00:00.000Z,26.24,26.84,25.55,25.55,266800,15.0699034055,15.4144896114,14.6736292687,14.6736292687,266800,0.0,1.0
104,2012-10-01T00:00:00.000Z,26.12,26.21,25.96,26.21,59100,15.0009861643,15.0526740952,14.9090965094,15.0526740952,59100,0.0,1.0
105,2012-10-02T00:00:00.000Z,25.64,26.21,25.5,26.21,119800,14.7253171996,15.0526740952,14.6449137515,15.0526740952,119800,0.0,1.0
106,2012-10-03T00:00:00.000Z,25.6,26.19,25.49,25.63,155800,14.7023447859,15.0411878883,14.6391706481,14.7195740961,155800,0.0,1.0
107,2012-10-04T00:00:00.000Z,25.66,26.17,25.56,25.62,52300,14.7368034064,15.0297016815,14.6793723721,14.7138309927,52300,0.0,1.0
108,2012-10-05T00:00:00.000Z,25.86,26.9192,25.76,25.85,143500,14.8516654751,15.4599749906,14.7942344408,14.8459223716,143500,0.0,1.0
109,2012-10-08T00:00:00.000Z,25.62,25.735,25.41,25.52,204200,14.7138309927,14.7798766822,14.5932258206,14.6563999584,204200,0.0,1.0
110,2012-10-09T00:00:00.000Z,25.76,25.89,25.38,25.54,69200,14.7942344408,14.8688947854,14.5759965103,14.6678861653,69200,0.0,1.0
111,2012-10-10T00:00:00.000Z,26.2,26.28,25.82,25.85,173000,15.0469309918,15.0928758192,14.8286930614,14.8459223716,173000,0.0,1.0
112,2012-10-11T00:00:00.000Z,26.19,26.27,26.0001,26.2,58300,15.0411878883,15.0871327158,14.9321263542,15.0469309918,58300,0.0,1.0
113,2012-10-12T00:00:00.000Z,25.65,26.56,25.54,26.34,101000,14.731060303,15.2536827153,14.6678861653,15.1273344398,101000,0.0,1.0
114,2012-10-15T00:00:00.000Z,26.2,26.38,25.65,25.68,94900,15.0469309918,15.1503068535,14.731060303,14.7482896133,94900,0.0,1.0
115,2012-10-16T00:00:00.000Z,26.03,26.55,25.71,26.55,106900,14.9492982334,15.2479396119,14.7655189236,15.2479396119,106900,0.0,1.0
116,2012-10-17T00:00:00.000Z,26.32,26.36,25.81,25.81,84500,15.115848233,15.1388206467,14.8229499579,14.8229499579,84500,0.0,1.0
117,2012-10-18T00:00:00.000Z,26.32,26.45,26.0,26.45,111700,15.115848233,15.1905085776,14.9320689231,15.1905085776,111700,0.0,1.0
118,2012-10-19T00:00:00.000Z,25.77,26.37,25.7,26.23,113500,14.7999775442,15.1445637501,14.7597758202,15.0641603021,113500,0.0,1.0
119,2012-10-22T00:00:00.000Z,26.25,26.33,25.8,26.14,143000,15.0756465089,15.1215913364,14.8172068545,15.0124723712,143000,0.0,1.0
120,2012-10-23T00:00:00.000Z,25.69,26.19,25.62,26.17,54100,14.7540327167,15.0411878883,14.7138309927,15.0297016815,54100,0.0,1.0
121,2012-10-24T00:00:00.000Z,25.73,25.86,25.55,25.84,32300,14.7770051305,14.8516654751,14.6736292687,14.8401792682,32300,0.0,1.0
122,2012-10-25T00:00:00.000Z,25.95,26.1299,25.4115,25.82,69900,14.903353406,15.0066718367,14.5940872862,14.8286930614,69900,0.0,1.0
123,2012-10-26T00:00:00.000Z,25.82,25.92,25.51,25.9,27900,14.8286930614,14.8861240957,14.650656855,14.8746378888,27900,0.0,1.0
124,2012-10-31T00:00:00.000Z,25.99,26.08,25.6805,26.08,16600,14.9263258197,14.9780137506,14.7485767685,14.9780137506,16600,0.0,1.0
125,2012-11-01T00:00:00.000Z,25.97,26.2,25.49,26.14,63900,14.9148396128,15.0469309918,14.6391706481,15.0124723712,63900,0.0,1.0
126,2012-11-02T00:00:00.000Z,26.16,26.24,25.8,25.96,41300,15.023958578,15.0699034055,14.8172068545,14.9090965094,41300,0.0,1.0
127,2012-11-05T00:00:00.000Z,26.41,26.41,25.95,26.24,27500,15.1675361638,15.1675361638,14.903353406,15.0699034055,27500,0.0,1.0
128,2012-11-06T00:00:00.000Z,26.14,26.25,25.96,26.25,41200,15.0124723712,15.0756465089,14.9090965094,15.0756465089,41200,0.0,1.0
129,2012-11-07T00:00:00.000Z,25.59,26.02,25.42,25.95,35400,14.6966016824,14.94355513,14.5989689241,14.903353406,35400,0.0,1.0
130,2012-11-08T00:00:00.000Z,25.42,26.03,25.42,25.53,32100,14.5989689241,14.9492982334,14.5989689241,14.6621430618,32100,0.0,1.0
131,2012-11-09T00:00:00.000Z,25.64,26.36,25.5,25.52,96300,14.7253171996,15.1388206467,14.6449137515,14.6563999584,96300,0.0,1.0
132,2012-11-12T00:00:00.000Z,25.99,26.14,25.66,25.82,146600,14.9263258197,15.0124723712,14.7368034064,14.8286930614,146600,0.0,1.0
133,2012-11-13T00:00:00.000Z,25.55,26.14,25.51,25.95,49500,14.6736292687,15.0124723712,14.650656855,14.903353406,49500,0.0,1.0
134,2012-11-14T00:00:00.000Z,25.62,25.82,25.45,25.7,183200,14.7138309927,14.8286930614,14.6161982344,14.7597758202,183200,0.0,1.0
135,2012-11-15T00:00:00.000Z,25.56,25.65,25.26,25.47,380400,14.771262027,14.823273513,14.597890407,14.719250541,380400,0.16,1.0
136,2012-11-16T00:00:00.000Z,25.5,25.57,25.25,25.57,88300,14.736587703,14.777041081,14.592111353,14.777041081,88300,0.0,1.0
137,2012-11-19T00:00:00.000Z,25.76,26.0,25.35,25.57,137000,14.8868431071,15.0255404031,14.649901893,14.777041081,137000,0.0,1.0
138,2012-11-20T00:00:00.000Z,25.55,25.96,25.5,25.84,111000,14.765482973,15.0024241871,14.736587703,14.9330755391,111000,0.0,1.0
139,2012-11-21T00:00:00.000Z,25.34,25.76,25.27,25.5,81400,14.644122839,14.8868431071,14.603669461,14.736587703,81400,0.0,1.0
140,2012-11-23T00:00:00.000Z,25.19,25.36,25.06,25.34,49800,14.557437029,14.655680947,14.482309327,14.644122839,49800,0.0,1.0
141,2012-11-26T00:00:00.000Z,25.23,25.65,25.21,25.43,24700,14.580553245,14.823273513,14.568995137,14.696134325,24700,0.0,1.0
142,2012-11-27T00:00:00.000Z,24.99,25.36,24.52,25.2,87000,14.441855949,14.655680947,14.1702404109,14.563216083,87000,0.0,1.0
143,2012-11-28T00:00:00.000Z,24.99,25.48,24.77,24.77,22700,14.441855949,14.725029595,14.3147167609,14.3147167609,22700,0.0,1.0
144,2012-11-29T00:00:00.000Z,25.0,25.5,24.8201,25.15,29500,14.447635003,14.736587703,14.3436698215,14.534320813,29500,0.0,1.0
145,2012-11-30T00:00:00.000Z,25.08,25.4599,25.01,25.14,19900,14.493867435,14.7134136965,14.453414057,14.528541759,19900,0.0,1.0
146,2012-12-03T00:00:00.000Z,24.9677,25.24,24.91,25.16,36400,14.4289686585,14.586332299,14.395623517,14.540099867,36400,0.0,1.0
147,2012-12-04T00:00:00.000Z,25.16,25.21,24.85,24.85,30600,14.540099867,14.568995137,14.3609491929,14.3609491929,30600,0.0,1.0
148,2012-12-05T00:00:00.000Z,25.26,25.41,25.03,25.15,32900,14.597890407,14.684576217,14.464972165,14.534320813,32900,0.0,1.0
149,2012-12-06T00:00:00.000Z,24.95,25.48,24.91,25.09,71400,14.418739733,14.725029595,14.395623517,14.499646489,71400,0.0,1.0
150,2012-12-07T00:00:00.000Z,24.95,25.1868,24.81,25.0,69200,14.418739733,14.5555877317,14.3378329769,14.447635003,69200,0.0,1.0
151,2012-12-10T00:00:00.000Z,24.94,24.97,24.761,24.89,29400,14.412960679,14.430297841,14.3095156123,14.384065409,29400,0.0,1.0
152,2012-12-11T00:00:00.000Z,25.1,25.15,24.93,24.95,288700,14.505425543,14.534320813,14.407181625,14.418739733,288700,0.0,1.0
153,2012-12-12T00:00:00.000Z,24.85,25.25,24.73,25.01,62800,14.3609491929,14.592111353,14.2916005449,14.453414057,62800,0.0,1.0
154,2012-12-13T00:00:00.000Z,24.8284,24.9388,24.6424,24.9388,40000,14.3484664363,14.4122671925,14.2409760319,14.4122671925,40000,0.0,1.0
155,2012-12-14T00:00:00.000Z,24.71,24.97,24.515,24.74,99900,14.2800424369,14.430297841,14.1673508839,14.2973795989,99900,0.0,1.0
156,2012-12-17T00:00:00.000Z,25.28,26.06,24.71,24.71,52200,14.609448515,15.0602147271,14.2800424369,14.2800424369,52200,0.0,1.0
157,2012-12-18T00:00:00.000Z,26.27,26.3,25.05,25.4,139300,15.1815748611,15.1989120231,14.476530273,14.678797163,139300,0.0,1.0
158,2012-12-19T00:00:00.000Z,26.11,26.25,25.98,26.25,49200,15.0891099971,15.1700167531,15.0139822951,15.1700167531,49200,0.0,1.0
159,2012-12-20T00:00:00.000Z,26.2,26.45,26.04,26.04,100000,15.1411214831,15.2855978331,15.0486566191,15.0486566191,100000,0.0,1.0
160,2012-12-21T00:00:00.000Z,26.18,26.18,25.86,26.0,22500,15.1295633751,15.1295633751,14.9446336471,15.0255404031,22500,0.0,1.0
161,2012-12-24T00:00:00.000Z,26.1,26.18,26.01,26.18,2800,15.0833309431,15.1295633751,15.0313194571,15.1295633751,2800,0.0,1.0
162,2012-12-26T00:00:00.000Z,26.01,26.3188,26.0,26.14,30400,15.0313194571,15.2097766446,15.0255404031,15.1064471591,30400,0.0,1.0
163,2012-12-27T00:00:00.000Z,26.19,26.2,26.0,26.2,29500,15.1353424291,15.1411214831,15.0255404031,15.1411214831,29500,0.0,1.0
164,2012-12-28T00:00:00.000Z,25.85,26.2,25.85,26.02,45700,14.9388545931,15.1411214831,14.9388545931,15.0370985111,45700,0.0,1.0
165,2012-12-31T00:00:00.000Z,26.03,26.099,25.75,25.75,64400,15.0428775651,15.0827530377,14.8810640531,14.8810640531,64400,0.0,1.0
166,2013-01-02T00:00:00.000Z,26.2,26.4699,26.11,26.26,70500,15.1411214831,15.2970981506,15.0891099971,15.1757958071,70500,0.0,1.0
167,2013-01-03T00:00:00.000Z,26.28,26.93,26.2,26.5,81100,15.1873539151,15.5629924252,15.1411214831,15.3144931031,81100,0.0,1.0
168,2013-01-04T00:00:00.000Z,26.39,26.5,26.19,26.2,176400,15.2509235091,15.3144931031,15.1353424291,15.1411214831,176400,0.0,1.0
169,2013-01-07T00:00:00.000Z,26.4,26.47,26.3,26.4,98600,15.2567025631,15.2971559411,15.1989120231,15.2567025631,98600,0.0,1.0
170,2013-01-08T00:00:00.000Z,26.46,26.744,26.3201,26.43,94400,15.2913768871,15.4555020208,15.2105279217,15.2740397251,94400,0.0,1.0
171,2013-01-09T00:00:00.000Z,26.45,26.77,26.4,26.77,103000,15.2855978331,15.4705275612,15.2567025631,15.4705275612,103000,0.0,1.0
172,2013-01-10T00:00:00.000Z,26.62,26.71,26.4655,26.6,81400,15.3838417512,15.4358532372,15.2945553668,15.3722836432,81400,0.0,1.0
173,2013-01-11T00:00:00.000Z,26.57,26.7,26.45,26.62,190600,15.3549464812,15.4300741832,15.2855978331,15.3838417512,190600,0.0,1.0
174,2013-01-14T00:00:00.000Z,26.63,26.74,26.46,26.49,174300,15.3896208052,15.4531903992,15.2913768871,15.3087140491,174300,0.0,1.0
175,2013-01-15T00:00:00.000Z,27.0,27.0,26.56,26.64,105000,15.6034458032,15.6034458032,15.3491674272,15.3953998592,105000,0.0,1.0
176,2013-01-16T00:00:00.000Z,27.91,28.9199,27.0,27.0,153900,16.1293397173,16.7129663809,15.6034458032,15.6034458032,153900,0.0,1.0
177,2013-01-17T00:00:00.000Z,27.93,28.24,27.56,27.73,84300,16.1408978253,16.3200484994,15.9270728273,16.0253167453,84300,0.0,1.0
178,2013-01-18T00:00:00.000Z,28.58,29.156,27.98,27.98,120500,16.5165363354,16.8494098459,16.1697930953,16.1697930953,120500,0.0,1.0
179,2013-01-22T00:00:00.000Z,29.12,29.31,28.27,28.64,132600,16.8286052515,16.9384072775,16.3373856614,16.5512106594,132600,0.0,1.0
180,2013-01-23T00:00:00.000Z,29.15,29.19,28.99,29.15,71000,16.8459424135,16.8690586295,16.7534775494,16.8459424135,71000,0.0,1.0
181,2013-01-24T00:00:00.000Z,29.74,29.98,29.0,29.17,211800,17.1869065995,17.3256038956,16.7592566034,16.8575005215,211800,0.0,1.0
182,2013-01-25T00:00:00.000Z,30.98,31.739,29.74,30.05,191900,17.9035092957,18.3421394944,17.1869065995,17.3660572736,191900,0.0,1.0
183,2013-01-28T00:00:00.000Z,30.61,31.4399,30.0102,31.0,167400,17.6896842976,18.1692879892,17.3430566386,17.9150674037,167400,0.0,1.0
184,2013-01-29T00:00:00.000Z,30.55,30.72,30.05,30.41,67000,17.6550099736,17.7532538916,17.3660572736,17.5741032176,67000,0.0,1.0
185,2013-01-30T00:00:00.000Z,30.53,30.795,30.5,30.5,42300,17.6434518656,17.7965967967,17.6261147036,17.6261147036,42300,0.0,1.0
186,2013-01-31T00:00:00.000Z,31.24,31.47,30.51,30.65,53200,18.0537646997,18.1866829417,17.6318937576,17.7128005136,53200,0.0,1.0
187,2013-02-01T00:00:00.000Z,31.9,33.419,31.58,32.62,173300,18.4351822638,19.3130205666,18.2502525357,18.8512741519,173300,0.0,1.0
188,2013-02-04T00:00:00.000Z,31.02,32.32,31.0,31.87,83500,17.9266255117,18.6779025318,17.9150674037,18.4178451018,83500,0.0,1.0
189,2013-02-05T00:00:00.000Z,30.49,31.69,29.7,31.23,294700,17.6203356496,18.3138221298,17.1637903835,18.0479856457,294700,0.0,1.0
190,2013-02-06T00:00:00.000Z,31.49,32.0,30.5,31.29,153900,18.1982410497,18.4929728038,17.6261147036,18.0826599697,153900,0.0,1.0
191,2013-02-07T00:00:00.000Z,31.1,32.38,30.59,31.61,114800,17.9728579437,18.7125768558,17.6781261896,18.2675896978,114800,0.0,1.0
192,2013-02-08T00:00:00.000Z,32.17,32.2,31.1,31.21,65800,18.5912167218,18.6085538838,17.9728579437,18.0364275377,65800,0.0,1.0
193,2013-02-11T00:00:00.000Z,32.5,33.6295,32.26,32.4,110200,18.7819255039,19.4346696533,18.6432282078,18.7241349638,110200,0.0,1.0
194,2013-02-12T00:00:00.000Z,32.77,32.99,32.51,32.99,86200,18.9379599619,19.0650991499,18.7877045579,19.0650991499,86200,0.0,1.0
195,2013-02-13T00:00:00.000Z,33.43,33.97,32.65,32.99,98000,19.319377526,19.631446442,18.8686113139,19.0650991499,98000,0.0,1.0
196,2013-02-14T00:00:00.000Z,33.71,33.9999,33.3101,33.65,111800,19.481191038,19.6487258135,19.2500866685,19.446516714,111800,0.0,1.0
197,2013-02-15T00:00:00.000Z,35.51,36.59,33.34,33.75,200500,20.5214207582,21.1455585903,19.26736604,19.504307254,200500,0.0,1.0
198,2013-02-19T00:00:00.000Z,37.3,37.74,35.968,36.1,491100,21.5558714244,21.8101498005,20.7861014315,20.8623849443,491100,0.0,1.0
199,2013-02-20T00:00:00.000Z,36.67,37.89,36.61,37.5,363700,21.1917910224,21.8968356105,21.1571166983,21.6714525045,363700,0.0,1.0
200,2013-02-21T00:00:00.000Z,33.8,35.25,32.04,35.0,616200,19.533202524,20.3711653542,18.5160890198,20.2266890042,616200,0.0,1.0
201,2013-02-22T00:00:00.000Z,34.18,34.58,33.5801,34.48,158600,19.7528065761,19.9839687361,19.4061211265,19.9261781961,158600,0.0,1.0
202,2013-02-25T00:00:00.000Z,32.25,34.5,31.91,34.5,296700,18.6374491538,19.9377363041,18.4409613178,19.9377363041,296700,0.0,1.0
203,2013-02-26T00:00:00.000Z,31.84,32.41,31.5,32.41,371500,18.4005079398,18.7299140178,18.2040201037,18.7299140178,371500,0.0,1.0
204,2013-02-27T00:00:00.000Z,32.99,32.99,31.61,31.74,312100,19.0650991499,19.0650991499,18.2675896978,18.3427173998,312100,0.0,1.0
205,2013-02-28T00:00:00.000Z,31.68,32.82,31.3101,32.2,364200,18.7992626659,19.4757512845,18.5797599114,19.1078364217,364200,0.85,1.0
206,2013-03-01T00:00:00.000Z,31.09,32.353,30.57,31.31,241400,18.4491501352,19.1986283153,18.1405763793,18.5797005703,241400,0.0,1.0
207,2013-03-04T00:00:00.000Z,30.5,31.12,30.3,30.95,202000,18.0990376044,18.4669524672,17.9803553906,18.3660725855,202000,0.0,1.0
208,2013-03-05T00:00:00.000Z,30.59,31.55,30.1352,31.0,318400,18.1524446007,18.7221192269,17.8825612465,18.3957431389,318400,0.0,1.0
209,2013-03-06T00:00:00.000Z,31.15,32.345,30.35,31.0,361200,18.4847547993,19.1938810267,18.0100259441,18.3957431389,361200,0.0,1.0
210,2013-03-07T00:00:00.000Z,32.56,32.97,31.042,31.61,144900,19.3214644066,19.5647629449,18.4206664038,18.757723891,144900,0.0,1.0
211,2013-03-08T00:00:00.000Z,33.45,34.24,33.18,34.24,165800,19.849600258,20.3183950025,19.6893792694,20.3183950025,165800,0.0,1.0
212,2013-03-11T00:00:00.000Z,32.6,33.45,32.5101,33.45,144900,19.3452008493,19.849600258,19.2918531942,19.849600258,144900,0.0,1.0
213,2013-03-12T00:00:00.000Z,32.5,32.87,32.34,32.87,183200,19.2858597424,19.505421838,19.1909139714,19.505421838,183200,0.0,1.0
214,2013-03-13T00:00:00.000Z,32.3,32.9,32.05,32.5,197600,19.1671775286,19.52322417,19.0188247614,19.2858597424,197600,0.0,1.0
215,2013-03-14T00:00:00.000Z,32.37,32.89,32.33,32.66,330400,19.2087163035,19.5172900593,19.1849798607,19.3808055135,330400,0.0,1.0
216,2013-03-15T00:00:00.000Z,30.088,30.7,29.91,30.2299,2849600,17.854552244,18.2177198182,17.7489250737,17.9387572747,2849600,0.0,1.0
217,2013-03-18T00:00:00.000Z,30.71,31.0,30.0,30.0,372300,18.2236539289,18.3957431389,17.8023320699,17.8023320699,372300,0.0,1.0
218,2013-03-19T00:00:00.000Z,30.5,31.004,30.5,30.8,330700,18.0990376044,18.3981167832,18.0990376044,18.2770609251,330700,0.0,1.0
219,2013-03-20T00:00:00.000Z,30.78,30.86,30.585,30.66,193400,18.2651927038,18.3126655893,18.1494775453,18.1939833755,193400,0.0,1.0
220,2013-03-21T00:00:00.000Z,30.96,31.1899,29.86,31.09,416800,18.3720066962,18.5084319009,17.7192545203,18.4491501352,416800,0.0,1.0
221,2013-03-22T00:00:00.000Z,30.65,31.47,30.58,31.46,152800,18.1880492648,18.6746463414,18.14651049,18.6687122307,152800,0.0,1.0
222,2013-03-25T00:00:00.000Z,30.72,31.73,30.56,31.73,155000,18.2295880396,18.8289332193,18.1346422686,18.8289332193,155000,0.0,1.0
223,2013-03-26T00:00:00.000Z,30.75,31.0,30.44,30.87,91700,18.2473903717,18.3957431389,18.0634329403,18.3185997,91700,0.0,1.0
224,2013-03-27T00:00:00.000Z,30.25,30.85,30.064,30.59,243100,17.9506848372,18.3067314786,17.8403103784,18.1524446007,243100,0.0,1.0
225,2013-03-28T00:00:00.000Z,30.25,30.54,30.03,30.03,496600,17.9506848372,18.1227740472,17.820134402,17.820134402,496600,0.0,1.0
226,2013-04-01T00:00:00.000Z,30.34,30.81,30.17,30.81,73200,18.0040918334,18.2829950358,17.9032119517,18.2829950358,73200,0.0,1.0
227,2013-04-02T00:00:00.000Z,30.53,30.95,30.34,30.34,128800,18.1168399365,18.3660725855,18.0040918334,18.0040918334,128800,0.0,1.0
228,2013-04-03T00:00:00.000Z,30.38,31.49,30.33,31.29,255600,18.0278282762,18.6865145628,17.9981577227,18.567832349,255600,0.0,1.0
229,2013-04-04T00:00:00.000Z,30.67,31.0599,30.29,30.55,143900,18.1999174862,18.431288462,17.97442128,18.1287081579,143900,0.0,1.0
230,2013-04-05T00:00:00.000Z,30.13,30.58,29.9,30.4,254000,17.8794755089,18.14651049,17.742990963,18.0396964975,254000,0.0,1.0
231,2013-04-08T00:00:00.000Z,30.34,30.64,30.03,30.45,107800,18.0040918334,18.1821151541,17.820134402,18.069367051,107800,0.0,1.0
232,2013-04-09T00:00:00.000Z,30.66,30.85,30.32,30.69,276600,18.1939833755,18.3067314786,17.992223612,18.2117857076,276600,0.0,1.0
233,2013-04-10T00:00:00.000Z,31.53,32.45,30.89,31.04,601300,18.7102510055,19.256189189,18.3304679214,18.4194795817,601300,0.0,1.0
234,2013-04-11T00:00:00.000Z,32.41,32.65,31.83,31.83,473000,19.2324527462,19.3748714028,18.8882743262,18.8882743262,473000,0.0,1.0
235,2013-04-12T00:00:00.000Z,32.23,33.12,31.64,32.0,312700,19.1256387538,19.6537746052,18.7755262231,18.9891542079,312700,0.0,1.0
236,2013-04-15T00:00:00.000Z,31.61,32.39,31.31,31.9,195900,18.757723891,19.2205845249,18.5797005703,18.929813101,195900,0.0,1.0
237,2013-04-16T00:00:00.000Z,32.87,32.93,32.0,32.01,185700,19.505421838,19.5410265021,18.9891542079,18.9950883186,185700,0.0,1.0
238,2013-04-17T00:00:00.000Z,31.89,32.8398,31.72,32.52,360400,18.9238789904,19.4875008237,18.8229991086,19.2977279638,360400,0.0,1.0
239,2013-04-18T00:00:00.000Z,31.51,32.04,31.31,31.89,113400,18.6983827841,19.0128906507,18.5797005703,18.9238789904,113400,0.0,1.0
240,2013-04-19T00:00:00.000Z,32.41,32.61,31.33,31.68,85600,19.2324527462,19.35113496,18.5915687917,18.7992626659,85600,0.0,1.0
241,2013-04-22T00:00:00.000Z,32.61,32.97,31.95,32.78,121800,19.35113496,19.5647629449,18.9594836545,19.4520148418,121800,0.0,1.0
242,2013-04-23T00:00:00.000Z,32.6,33.47,32.33,32.99,168000,19.3452008493,19.8614684794,19.1849798607,19.5766311662,168000,0.0,1.0
243,2013-04-24T00:00:00.000Z,31.08,31.45,31.0,31.15,1080000,18.4432160245,18.66277812,18.3957431389,18.4847547993,1080000,0.0,1.0
244,2013-04-25T00:00:00.000Z,31.8,31.89,31.11,31.2,513400,18.8704719941,18.9238789904,18.4610183565,18.5144253527,513400,0.0,1.0
245,2013-04-26T00:00:00.000Z,31.99,32.4,31.6101,31.8,285700,18.9832200973,19.2265186355,18.7577832321,18.8704719941,285700,0.0,1.0
246,2013-04-29T00:00:00.000Z,31.42,32.44,31.27,32.19,275900,18.6449757879,19.2502550783,18.5559641276,19.1019023111,275900,0.0,1.0
247,2013-04-30T00:00:00.000Z,32.48,32.8,31.42,31.59,580500,19.2739915211,19.4638830631,18.6449757879,18.7458556697,580500,0.0,1.0
248,2013-05-01T00:00:00.000Z,31.83,32.85,31.69,32.6,388100,18.8882743262,19.4935536166,18.8051967766,19.3452008493,388100,0.0,1.0
249,2013-05-02T00:00:00.000Z,31.99,32.366,31.27,31.97,113200,18.9832200973,19.2063426592,18.5559641276,18.9713518759,113200,0.0,1.0
250,2013-05-03T00:00:00.000Z,32.44,32.86,32.43,32.82,256000,19.2502550783,19.4994877273,19.2443209676,19.4757512845,256000,0.0,1.0
251,2013-05-06T00:00:00.000Z,31.96,32.89,31.88,32.89,538100,18.9654177652,19.5172900593,18.9179448797,19.5172900593,538100,0.0,1.0
252,2013-05-07T00:00:00.000Z,31.87,32.3,31.55,32.2,760100,18.912010769,19.1671775286,18.7221192269,19.1078364217,760100,0.0,1.0
253,2013-05-08T00:00:00.000Z,32.2,32.2825,31.9017,32.02,335300,19.1078364217,19.1567928349,18.9308218999,19.0010224293,335300,0.0,1.0
254,2013-05-09T00:00:00.000Z,30.95,32.1,30.85,32.05,611400,18.3660725855,19.0484953148,18.3067314786,19.0188247614,611400,0.0,1.0
255,2013-05-10T00:00:00.000Z,30.2,31.05,29.8,31.0,917600,17.9210142837,18.4254136924,17.6836498561,18.3957431389,917600,0.0,1.0
256,2013-05-13T00:00:00.000Z,29.33,30.02,29.06,29.86,598900,17.4047466537,17.8142002913,17.2445256651,17.7192545203,598900,0.0,1.0
257,2013-05-14T00:00:00.000Z,29.98,30.5785,29.08,29.23,954300,17.7904638486,18.1456203734,17.2563938865,17.3454055468,954300,0.0,1.0
258,2013-05-15T00:00:00.000Z,30.27,30.63,29.71,29.71,413900,17.9625530586,18.1761810434,17.6302428599,17.6302428599,413900,0.0,1.0
259,2013-05-16T00:00:00.000Z,29.99,30.64,29.71,30.57,472500,17.8913437303,18.2791187695,17.724302175,18.2373583806,472500,0.16,1.0
260,2013-05-17T00:00:00.000Z,30.19,30.5,29.915,30.31,467400,18.010659127,18.1955979918,17.8466004565,18.082248365,467400,0.0,1.0
261,2013-05-20T00:00:00.000Z,30.26,30.97,30.1001,30.46,467100,18.0524195158,18.475989174,17.9570268562,18.1717349125,467100,0.0,1.0
262,2013-05-21T00:00:00.000Z,30.76,30.8199,30.16,30.24,197800,18.3507080075,18.3864429688,17.9927618175,18.0404879761,197800,0.0,1.0
263,2013-05-22T00:00:00.000Z,30.12,31.32,29.57,30.97,329900,17.9688987381,18.6847911181,17.6407813973,18.475989174,329900,0.0,1.0
264,2013-05-23T00:00:00.000Z,29.78,29.94,29.1,29.82,191000,17.7660625638,17.8615148811,17.3603902151,17.7899256431,191000,0.0,1.0
265,2013-05-24T00:00:00.000Z,30.1,30.34,29.6,29.6,172900,17.9569671985,18.1001456745,17.6586787068,17.6586787068,172900,0.0,1.0
266,2013-05-28T00:00:00.000Z,30.48,30.955,30.22,30.45,415800,18.1836664521,18.4670405192,18.0285564365,18.1657691426,415800,0.0,1.0
267,2013-05-29T00:00:00.000Z,29.69,30.7,29.495,30.62,189200,17.7123706353,18.3149133885,17.5960381235,18.2671872298,189200,0.0,1.0
268,2013-05-30T00:00:00.000Z,29.49,29.95,29.269,29.64,273000,17.5930552386,17.867480651,17.4612117253,17.6825417861,273000,0.0,1.0
269,2013-05-31T00:00:00.000Z,29.16,29.69,28.98,29.4,158100,17.3961848341,17.7123706353,17.2888009771,17.5393633101,158100,0.0,1.0
270,2013-06-03T00:00:00.000Z,29.39,30.28,29.01,29.62,313700,17.5333975403,18.0643510555,17.3066982866,17.6706102465,313700,0.0,1.0
271,2013-06-04T00:00:00.000Z,27.816,28.75,27.65,28.75,1065800,16.5943853685,17.151588271,16.4953535893,17.151588271,1065800,0.0,1.0
272,2013-06-05T00:00:00.000Z,27.01,27.95,26.76,27.93,1465600,16.1135443199,16.6743266843,15.9644000741,16.6623951446,1465600,0.0,1.0
273,2013-06-06T00:00:00.000Z,26.25,26.62,26.12,26.45,8105800,15.6601458126,15.8808792964,15.5825908048,15.7794612093,8105800,0.0,1.0
274,2013-06-07T00:00:00.000Z,26.74,26.9,26.26,26.26,2130900,15.9524685344,16.0479208518,15.6661115824,15.6661115824,2130900,0.0,1.0
275,2013-06-10T00:00:00.000Z,26.77,27.02,26.32,26.73,1322700,15.9703658439,16.1195100898,15.7019062014,15.9465027646,1322700,0.0,1.0
276,2013-06-11T00:00:00.000Z,26.11,26.69,26.0301,26.55,327900,15.5766250349,15.9226396853,15.528958534,15.8391189076,327900,0.0,1.0
277,2013-06-12T00:00:00.000Z,26.03,26.4,25.82,26.4,689700,15.5288988763,15.7496323601,15.4036177098,15.7496323601,689700,0.0,1.0
278,2013-06-13T00:00:00.000Z,26.86,27.08,26.1,26.4,989500,16.0240577724,16.1553047088,15.5706592651,15.7496323601,989500,0.0,1.0
279,2013-06-14T00:00:00.000Z,26.8,27.05,26.35,26.7,515700,15.9882631534,16.1374073993,15.7198035109,15.9286054551,515700,0.0,1.0
280,2013-06-17T00:00:00.000Z,26.68,27.04,26.53,26.93,734900,15.9166739154,16.1314416294,15.8271873679,16.0658181613,734900,0.0,1.0
281,2013-06-18T00:00:00.000Z,26.66,26.8099,26.41,26.6,501100,15.9047423758,15.9941692656,15.7555981299,15.8689477568,501100,0.0,1.0
282,2013-06-19T00:00:00.000Z,26.49,26.85,26.35,26.66,482600,15.8033242886,16.0180920026,15.7198035109,15.9047423758,482600,0.0,1.0
283,2013-06-20T00:00:00.000Z,25.65,26.25,25.5,26.25,494300,15.3021996226,15.6601458126,15.2127130751,15.6601458126,494300,0.0,1.0
284,2013-06-21T00:00:00.000Z,25.094,26.19,24.55,25.78,963600,14.9705028199,15.6243511936,14.6459649409,15.3797546304,963600,0.0,1.0
285,2013-06-24T00:00:00.000Z,24.19,24.88,23.85,24.58,586200,14.4311972269,14.8428353454,14.2283610526,14.6638622504,586200,0.0,1.0
286,2013-06-25T00:00:00.000Z,24.99,25.06,24.241,24.54,405500,14.9084588136,14.9502192024,14.4616226531,14.6399991711,405500,0.0,1.0
287,2013-06-26T00:00:00.000Z,24.96,25.71,24.92,25.23,324400,14.8905615041,15.3379942416,14.8666984248,15.0516372896,324400,0.0,1.0
288,2013-06-27T00:00:00.000Z,25.17,25.3799,24.65,24.95,612500,15.0158426706,15.1410641794,14.7056226393,14.8845957343,612500,0.0,1.0
289,2013-06-28T00:00:00.000Z,25.63,25.78,24.932,25.27,318900,15.2902680829,15.3797546304,14.8738573486,15.0755003689,318900,0.0,1.0
290,2013-07-01T00:00:00.000Z,25.21,25.89,24.83,25.89,582100,15.0397057499,15.4453780986,14.8130064963,15.4453780986,582100,0.0,1.0
291,2013-07-02T00:00:00.000Z,25.23,25.625,25.0,25.06,331500,15.0516372896,15.287285198,14.9144245834,14.9502192024,331500,0.0,1.0
292,2013-07-03T00:00:00.000Z,25.07,25.32,24.98,25.2,116100,14.9561849723,15.1053292181,14.9024930438,15.0337399801,116100,0.0,1.0
293,2013-07-05T00:00:00.000Z,25.36,25.52,25.07,25.51,126500,15.1291922974,15.2246446148,14.9561849723,15.2186788449,126500,0.0,1.0
294,2013-07-08T00:00:00.000Z,25.694,25.97,25.4,25.52,331500,15.3284490099,15.4931042573,15.1530553768,15.2246446148,331500,0.0,1.0
295,2013-07-09T00:00:00.000Z,26.62,26.79,25.69,25.91,868500,15.8808792964,15.9822973836,15.3260627019,15.4573096383,868500,0.0,1.0
296,2013-07-10T00:00:00.000Z,25.79,26.8,25.711,26.8,312200,15.3857204003,15.9882631534,15.3385908186,15.9882631534,312200,0.0,1.0
297,2013-07-11T00:00:00.000Z,26.36,26.43,26.03,26.15,359000,15.7257692808,15.7675296696,15.5288988763,15.6004881143,359000,0.0,1.0
298,2013-07-12T00:00:00.000Z,26.75,26.76,26.36,26.36,258700,15.9584343043,15.9644000741,15.7257692808,15.7257692808,258700,0.0,1.0
299,2013-07-15T00:00:00.000Z,27.0,27.1,26.81,26.85,282900,16.1075785501,16.1672362484,15.9942289233,16.0180920026,282900,0.0,1.0
300,2013-07-16T00:00:00.000Z,26.54,27.1,26.5,27.0,525300,15.8331531378,16.1672362484,15.8092900584,16.1075785501,525300,0.0,1.0
301,2013-07-17T00:00:00.000Z,26.85,27.1,26.6,26.61,526900,16.0180920026,16.1672362484,15.8689477568,15.8749135266,526900,0.0,1.0
302,2013-07-18T00:00:00.000Z,27.51,27.73,26.9,27.1,821300,16.4118328116,16.543079748,16.0479208518,16.1672362484,821300,0.0,1.0
303,2013-07-19T00:00:00.000Z,28.3,28.69,27.5221,27.59,516000,16.8831286285,17.115793652,16.4190513931,16.4595589703,516000,0.0,1.0
304,2013-07-22T00:00:00.000Z,28.84,28.97,28.5,28.5,532200,17.2052801995,17.2828352073,17.0024440251,17.0024440251,532200,0.0,1.0
305,2013-07-23T00:00:00.000Z,28.68,29.1,28.54,28.99,360300,17.1098278821,17.3603902151,17.0263071045,17.294766747,360300,0.0,1.0
306,2013-07-24T00:00:00.000Z,28.5,29.12,28.07,28.91,352100,17.0024440251,17.3723217548,16.7459159223,17.2470405883,352100,0.0,1.0
307,2013-07-25T00:00:00.000Z,28.2,28.7,27.88,28.49,228000,16.8234709301,17.1217594218,16.6325662955,16.9964782553,228000,0.0,1.0
308,2013-07-26T00:00:00.000Z,28.24,28.61,28.02,28.07,323700,16.8473340095,17.0680674933,16.7160870731,16.7459159223,323700,0.0,1.0
309,2013-07-29T00:00:00.000Z,27.68,28.46,27.62,28.24,259400,16.5132508988,16.9785809458,16.4774562798,16.8473340095,259400,0.0,1.0
310,2013-07-30T00:00:00.000Z,27.99,28.1899,27.79,27.79,230400,16.6981897636,16.8174455026,16.578874367,16.578874367,230400,0.0,1.0
311,2013-07-31T00:00:00.000Z,27.99,28.44,27.9,28.11,186400,16.6981897636,16.9666494061,16.6444978351,16.7697790016,186400,0.0,1.0
312,2013-08-01T00:00:00.000Z,28.81,28.99,28.06,28.3,510800,17.18738289,17.294766747,16.7399501525,16.8831286285,510800,0.0,1.0
313,2013-08-02T00:00:00.000Z,28.51,29.0493,28.36,28.85,368600,17.008409795,17.3301437621,16.9189232475,17.2112459693,368600,0.0,1.0
314,2013-08-05T00:00:00.000Z,28.49,28.8,28.2,28.56,243800,16.9964782553,17.1814171201,16.8234709301,17.0382386441,243800,0.0,1.0
315,2013-08-06T00:00:00.000Z,28.31,29.1,28.31,28.73,444600,16.8890943983,17.3603902151,16.8890943983,17.1396567313,444600,0.0,1.0
316,2013-08-07T00:00:00.000Z,27.98,28.25,27.46,28.2,830800,16.6922239938,16.8532997793,16.3820039625,16.8234709301,830800,0.0,1.0
317,2013-08-08T00:00:00.000Z,27.21,27.87,26.908,27.35,1039500,16.2328597166,16.6266005256,16.0526934676,16.3163804943,1039500,0.0,1.0
318,2013-08-09T00:00:00.000Z,27.05,27.37,26.51,27.16,667600,16.1374073993,16.3283120339,15.8152558283,16.2030308674,667600,0.0,1.0
319,2013-08-12T00:00:00.000Z,26.92,27.42,26.78,26.78,322900,16.0598523914,16.3581408831,15.9763316138,15.9763316138,322900,0.0,1.0
320,2013-08-13T00:00:00.000Z,26.99,27.1,26.8,26.85,199000,16.1016127803,16.1672362484,15.9882631534,16.0180920026,199000,0.0,1.0
321,2013-08-14T00:00:00.000Z,26.87,27.2825,26.55,26.55,449800,16.0300235423,16.2761115479,15.8391189076,15.8391189076,449800,0.0,1.0
322,2013-08-15T00:00:00.000Z,25.97,26.6482,25.63,26.43,563500,15.5885565746,15.9956477979,15.3844707357,15.8646727095,563500,0.16,1.0
323,2013-08-16T00:00:00.000Z,25.7,26.25,25.4,26.01,294000,15.4264884085,15.7566272654,15.2464126683,15.6125666733,294000,0.0,1.0
324,2013-08-19T00:00:00.000Z,24.75,25.76,24.66,25.54,377400,14.8562485646,15.4625035565,14.8022258425,15.3304480137,377400,0.0,1.0
325,2013-08-20T00:00:00.000Z,25.41,25.52,24.88,24.88,272400,15.2524151929,15.3184429643,14.9342813853,14.9342813853,272400,0.0,1.0
326,2013-08-21T00:00:00.000Z,25.67,25.81,25.11,25.11,691800,15.4084808344,15.4925161799,15.0723394528,15.0723394528,691800,0.0,1.0
327,2013-08-22T00:00:00.000Z,26.51,27.04,25.8,25.8,454600,15.9126929069,16.2308267146,15.4865136552,15.4865136552,454600,0.0,1.0
328,2013-08-23T00:00:00.000Z,26.53,27.09,26.44,26.69,269400,15.9246979563,16.2608393379,15.8706752342,16.020738351,269400,0.0,1.0
329,2013-08-26T00:00:00.000Z,26.7,27.0,26.35,26.53,157300,16.0267408757,16.2068166159,15.8166525122,15.9246979563,157300,0.0,1.0
330,2013-08-27T00:00:00.000Z,25.52,26.64,25.5,26.29,403700,15.3184429643,15.9907257277,15.306437915,15.7806373641,403700,0.0,1.0
331,2013-08-28T00:00:00.000Z,26.145,26.36,25.55,25.55,162100,15.6936007564,15.8226550368,15.3364505384,15.3364505384,162100,0.0,1.0
332,2013-08-29T00:00:00.000Z,26.37,26.49,25.98,25.98,91800,15.8286575615,15.9006878576,15.5945590993,15.5945590993,91800,0.0,1.0
333,2013-08-30T00:00:00.000Z,26.18,26.63,26.1,26.47,96700,15.7146095927,15.984723203,15.6665893954,15.8886828082,96700,0.0,1.0
334,2013-09-03T00:00:00.000Z,25.38,26.48,25.29,26.48,290000,15.2344076189,15.8946853329,15.1803848969,15.8946853329,290000,0.0,1.0
335,2013-09-04T00:00:00.000Z,25.12,25.97,25.07,25.3,199400,15.0783419774,15.5885565746,15.0483293541,15.1863874216,199400,0.0,1.0
336,2013-09-05T00:00:00.000Z,25.51,25.64,25.13,25.14,234200,15.3124404397,15.3904732604,15.0843445021,15.0903470268,234200,0.0,1.0
337,2013-09-06T00:00:00.000Z,25.05,25.71,25.05,25.71,321400,15.0363243047,15.4324909331,15.0363243047,15.4324909331,321400,0.0,1.0
338,2013-09-09T00:00:00.000Z,25.37,25.77,25.1,25.1,339400,15.2284050943,15.4685060812,15.0663369281,15.0663369281,339400,0.0,1.0
339,2013-09-10T00:00:00.000Z,25.45,25.91,25.36,25.44,286800,15.2764252916,15.5525414266,15.2224025696,15.270422767,286800,0.0,1.0
340,2013-09-11T00:00:00.000Z,25.42,25.7,25.19,25.31,253000,15.2584177176,15.4264884085,15.1203596502,15.1923899462,253000,0.0,1.0
341,2013-09-12T00:00:00.000Z,25.69,25.86,25.15,25.5,364500,15.4204858838,15.5225288032,15.0963495515,15.306437915,364500,0.0,1.0
342,2013-09-13T00:00:00.000Z,25.81,25.93,25.6,25.7,92300,15.4925161799,15.5645464759,15.3664631617,15.4264884085,92300,0.0,1.0
343,2013-09-16T00:00:00.000Z,25.83,26.34,25.41,26.07,313700,15.5045212292,15.8106499875,15.2524151929,15.6485818213,313700,0.0,1.0
344,2013-09-17T00:00:00.000Z,26.32,26.4,25.57,26.32,399800,15.7986449382,15.8466651355,15.3484555877,15.7986449382,399800,0.0,1.0
345,2013-09-18T00:00:00.000Z,26.31,26.64,26.1,26.35,429500,15.7926424135,15.9907257277,15.6665893954,15.8166525122,429500,0.0,1.0
346,2013-09-19T00:00:00.000Z,25.73,26.465,25.61,26.4,348400,15.4444959825,15.8856815459,15.3724656864,15.8466651355,348400,0.0,1.0
347,2013-09-20T00:00:00.000Z,25.13,26.04,25.1,26.04,463800,15.0843445021,15.6305742473,15.0663369281,15.6305742473,463800,0.0,1.0
348,2013-09-23T00:00:00.000Z,25.26,25.42,24.95,25.1,544800,15.1623773229,15.2584177176,14.976299058,15.0663369281,544800,0.0,1.0
349,2013-09-24T00:00:00.000Z,25.39,25.56,25.16,25.27,441300,15.2404101436,15.342453063,15.1023520761,15.1683798475,441300,0.0,1.0
350,2013-09-25T00:00:00.000Z,26.03,26.05,25.365,25.49,161700,15.6245717226,15.636576772,15.2254038319,15.3004353903,161700,0.0,1.0
351,2013-09-26T00:00:00.000Z,26.63,26.65,25.98,26.17,225600,15.984723203,15.9967282523,15.5945590993,15.7086070681,225600,0.0,1.0
352,2013-09-27T00:00:00.000Z,26.51,26.75,26.12,26.5,1137200,15.9126929069,16.0567534991,15.6785944447,15.9066903823,1137200,0.0,1.0
353,2013-09-30T00:00:00.000Z,25.72,26.5,25.61,26.07,267900,15.4384934578,15.9066903823,15.3724656864,15.6485818213,267900,0.0,1.0
354,2013-10-01T00:00:00.000Z,25.69,26.25,25.5,25.84,674500,15.4204858838,15.7566272654,15.306437915,15.5105237539,674500,0.0,1.0
355,2013-10-02T00:00:00.000Z,25.8,25.87,25.475,25.52,401700,15.4865136552,15.5285313279,15.2914316033,15.3184429643,401700,0.0,1.0
356,2013-10-03T00:00:00.000Z,26.87,26.935,25.6,25.82,662300,16.1287837951,16.1678002055,15.3664631617,15.4985187045,662300,0.0,1.0
357,2013-10-04T00:00:00.000Z,27.14,28.17,26.4,26.98,634400,16.2908519613,16.9091120026,15.8466651355,16.1948115665,634400,0.0,1.0
358,2013-10-07T00:00:00.000Z,27.58,27.9,26.76,27.18,742000,16.5549630469,16.7470438364,16.0627560237,16.31486206,742000,0.0,1.0
359,2013-10-08T00:00:00.000Z,27.39,27.5476,27.18,27.44,632000,16.4409150781,16.535514867,16.31486206,16.4709277015,632000,0.0,1.0
360,2013-10-09T00:00:00.000Z,27.13,27.5,26.57,27.42,686600,16.2848494366,16.5069428495,15.948708055,16.4589226521,686600,0.0,1.0
361,2013-10-10T00:00:00.000Z,27.89,28.13,27.08,27.5,1450700,16.7410413117,16.8851019039,16.2548368133,16.5069428495,1450700,0.0,1.0
362,2013-10-11T00:00:00.000Z,28.93,29.27,27.94,28.22,797400,17.3653038777,17.5693897166,16.7710539351,16.9391246259,797400,0.0,1.0
363,2013-10-14T00:00:00.000Z,29.76,30.0,28.31,28.66,609600,17.8635134255,18.0075740176,16.993147348,17.2032357115,609600,0.0,1.0
364,2013-10-15T00:00:00.000Z,29.86,30.05,29.31,29.73,583500,17.9235386722,18.037586641,17.5933998152,17.8455058515,583500,0.0,1.0
365,2013-10-16T00:00:00.000Z,30.97,31.0,29.68,29.97,1268800,18.5898189109,18.6078264849,17.8154932281,17.9895664436,1268800,0.0,1.0
366,2013-10-17T00:00:00.000Z,30.95,31.36,30.51,30.85,770600,18.5778138615,18.8239173731,18.3137027759,18.5177886148,770600,0.0,1.0
367,2013-10-18T00:00:00.000Z,31.57,31.87,30.47,30.61,573700,18.9499703912,19.1300461314,18.2896926773,18.3737280227,573700,0.0,1.0
368,2013-10-21T00:00:00.000Z,30.4,31.7999,30.21,31.6,623500,18.2476750046,19.0879684335,18.1336270358,18.9679779653,623500,0.0,1.0
369,2013-10-22T00:00:00.000Z,31.0,31.25,30.21,30.6,622000,18.6078264849,18.7578896017,18.1336270358,18.367725498,622000,0.0,1.0
370,2013-10-23T00:00:00.000Z,30.34,31.0,29.97,30.62,195000,18.2116598565,18.6078264849,17.9895664436,18.3797305473,195000,0.0,1.0
371,2013-10-24T00:00:00.000Z,30.02,30.47,29.93,30.28,138100,18.019579067,18.2896926773,17.9655563449,18.1756447085,138100,0.0,1.0
372,2013-10-25T00:00:00.000Z,29.86,30.41,29.67,30.17,213000,17.9235386722,18.2536775292,17.8094907035,18.1096169371,213000,0.0,1.0
373,2013-10-28T00:00:00.000Z,30.37,30.83,29.8101,29.94,441000,18.2296674305,18.5057835655,17.8935860741,17.9715588696,441000,0.0,1.0
374,2013-10-29T00:00:00.000Z,30.92,31.08,29.8,30.25,392700,18.5598062875,18.6558466823,17.8875235242,18.1576371345,392700,0.0,1.0
375,2013-10-30T00:00:00.000Z,31.25,31.26,30.5175,30.9,380300,18.7578896017,18.7638921264,18.3182046695,18.5478012382,380300,0.0,1.0
376,2013-10-31T00:00:00.000Z,30.92,31.17,30.82,31.17,255000,18.5598062875,18.7098694043,18.4997810408,18.7098694043,255000,0.0,1.0
377,2013-11-01T00:00:00.000Z,30.8,31.03,30.08,30.78,211200,18.4877759915,18.6258340589,18.055594215,18.4757709421,211200,0.0,1.0
378,2013-11-04T00:00:00.000Z,30.94,31.18,30.46,30.92,348200,18.5718113369,18.715871929,18.2836901526,18.5598062875,348200,0.0,1.0
379,2013-11-05T00:00:00.000Z,30.13,31.28,29.82,30.83,459100,18.0856068384,18.7758971757,17.8995285735,18.5057835655,459100,0.0,1.0
380,2013-11-06T00:00:00.000Z,30.542,31.22,29.5,29.5,465500,18.3329108549,18.7398820277,17.707447784,17.707447784,465500,0.0,1.0
381,2013-11-07T00:00:00.000Z,30.15,30.88,30.04,30.65,399400,18.0976118877,18.5357961888,18.0315841163,18.3977381214,399400,0.0,1.0
382,2013-11-08T00:00:00.000Z,30.77,30.87,29.51,29.97,298600,18.4697684174,18.5297936642,17.7134503087,17.9895664436,298600,0.0,1.0
383,2013-11-11T00:00:00.000Z,29.91,31.89,29.51,30.79,1024500,17.9535512956,19.1420511808,17.7134503087,18.4817734668,1024500,0.0,1.0
384,2013-11-12T00:00:00.000Z,30.8,30.94,29.52,30.07,467200,18.4877759915,18.5718113369,17.7194528334,18.0495916904,467200,0.0,1.0
385,2013-11-13T00:00:00.000Z,30.64,30.77,30.07,30.07,344500,18.3917355967,18.4697684174,18.0495916904,18.0495916904,344500,0.0,1.0
386,2013-11-14T00:00:00.000Z,31.864,31.93,30.74,31.25,942400,19.2224850114,19.262300603,18.5444134211,18.8520793562,942400,0.16,1.0
387,2013-11-15T00:00:00.000Z,31.52,32.2,31.17,32.2,470600,19.0149613218,19.4251825686,18.803818033,19.4251825686,470600,0.0,1.0
388,2013-11-18T00:00:00.000Z,32.34,33.3,31.65,32.77,1012400,19.5096398841,20.0887757619,19.0933859719,19.7690444961,1012400,0.0,1.0
389,2013-11-19T00:00:00.000Z,32.51,32.75,31.62,32.35,545300,19.6121951958,19.7569791653,19.0752879758,19.5156725495,545300,0.0,1.0
390,2013-11-20T00:00:00.000Z,32.16,32.68,32.0,32.68,353600,19.401051907,19.7147505075,19.3045292607,19.7147505075,353600,0.0,1.0
391,2013-11-21T00:00:00.000Z,32.48,32.63,32.0105,32.21,249000,19.5940971996,19.6845871806,19.3108635594,19.431215234,249000,0.0,1.0
392,2013-11-22T00:00:00.000Z,32.48,32.99,32.08,32.42,496500,19.5940971996,19.9017631347,19.3527905839,19.5579012073,496500,0.0,1.0
393,2013-11-25T00:00:00.000Z,32.83,33.46,32.3,32.66,495500,19.8052404884,20.1852984083,19.4855092226,19.7026851767,495500,0.0,1.0
394,2013-11-26T00:00:00.000Z,32.82,33.2899,32.3301,32.93,376700,19.799207823,20.0826827699,19.5036675454,19.8655671424,376700,0.0,1.0
395,2013-11-27T00:00:00.000Z,32.11,32.88,31.75,32.84,350300,19.3708885801,19.8354038154,19.1537126259,19.8112731538,350300,0.0,1.0
396,2013-11-29T00:00:00.000Z,32.5,32.64,32.0001,32.08,49100,19.6061625304,19.6906198459,19.3045895874,19.3527905839,49100,0.0,1.0
397,2013-12-02T00:00:00.000Z,31.95,32.9099,31.87,32.71,227500,19.2743659338,19.8534414849,19.2261046106,19.7328485037,227500,0.0,1.0
398,2013-12-03T00:00:00.000Z,31.25,32.1499,31.081,32.0,327800,18.8520793562,19.394958915,18.750127311,19.3045292607,327800,0.0,1.0
399,2013-12-04T00:00:00.000Z,31.99,32.15,31.1,31.32,183900,19.2984965953,19.3950192416,18.7615893753,18.8943080139,183900,0.0,1.0
400,2013-12-05T00:00:00.000Z,32.03,32.56,31.71,32.0,292200,19.3226272569,19.6423585228,19.1295819643,19.3045292607,292200,0.0,1.0
401,2013-12-06T00:00:00.000Z,32.99,33.02,31.96,32.61,397100,19.9017631347,19.9198611309,19.2803985992,19.6725218498,397100,0.0,1.0
402,2013-12-09T00:00:00.000Z,32.77,33.309,32.63,33.17,291000,19.7690444961,20.0942051608,19.6845871806,20.0103511118,291000,0.0,1.0
403,2013-12-10T00:00:00.000Z,33.03,33.26,32.2,33.0,416200,19.9258937963,20.0646451004,19.4251825686,19.9077958001,416200,0.0,1.0
404,2013-12-11T00:00:00.000Z,32.61,33.21,32.39,32.98,299500,19.6725218498,20.0344817734,19.5398032111,19.8957304693,299500,0.0,1.0
405,2013-12-12T00:00:00.000Z,32.88,33.33,31.95,32.5,421300,19.8354038154,20.1068737581,19.2743659338,19.6061625304,421300,0.0,1.0
406,2013-12-13T00:00:00.000Z,33.44,33.51,32.7,32.83,421000,20.1732330775,20.2154617352,19.7268158383,19.8052404884,421000,0.0,1.0
407,2013-12-16T00:00:00.000Z,33.9,34.42,33.2,33.73,494600,20.4507356856,20.7644342861,20.028449108,20.3481803739,494600,0.0,1.0
408,2013-12-17T00:00:00.000Z,34.53,35.41,33.69,33.99,1003300,20.8307936054,21.3616681601,20.3240497123,20.5050296741,1003300,0.0,1.0
409,2013-12-18T00:00:00.000Z,35.24,35.55,34.55,35.07,507600,21.2591128484,21.4461254756,20.8428589362,21.1565575367,507600,0.0,1.0
410,2013-12-19T00:00:00.000Z,34.9,35.57,34.7,35.12,785800,21.054002225,21.4581908064,20.9333489171,21.1867208637,785800,0.0,1.0
411,2013-12-20T00:00:00.000Z,34.67,35.4,34.25,34.7,434300,20.9152509209,21.3556354947,20.6618789744,20.9333489171,434300,0.0,1.0
412,2013-12-23T00:00:00.000Z,35.35,35.7,34.49,34.92,564600,21.3254721677,21.5366154565,20.8066629438,21.0660675558,564600,0.0,1.0
413,2013-12-24T00:00:00.000Z,36.11,36.71,35.2,35.5,289100,21.7839547377,22.1459146613,21.2349821868,21.4159621486,289100,0.0,1.0
414,2013-12-26T00:00:00.000Z,36.14,36.48,35.22,36.3,389200,21.8020527338,22.0071633572,21.2470475176,21.8985753801,389200,0.0,1.0
415,2013-12-27T00:00:00.000Z,35.73,36.33,35.6,36.33,251200,21.5547134527,21.9166733763,21.4762888026,21.9166733763,251200,0.0,1.0
416,2013-12-30T00:00:00.000Z,34.61,35.77,34.54,35.72,383100,20.8790549286,21.5788441143,20.8368262708,21.5486807873,383100,0.0,1.0
417,2013-12-31T00:00:00.000Z,35.62,35.69,34.54,34.55,167000,21.4883541334,21.5305827911,20.8368262708,20.8428589362,167000,0.0,1.0
418,2014-01-02T00:00:00.000Z,34.99,35.71,34.43,35.46,191000,21.1082962135,21.5426481219,20.7704669515,21.391831487,191000,0.0,1.0
419,2014-01-03T00:00:00.000Z,35.93,36.21,35.015,35.18,210200,21.6753667606,21.8442813916,21.123377877,21.222916856,210200,0.0,1.0
420,2014-01-06T00:00:00.000Z,35.95,36.8399,35.88,36.26,418800,21.6874320914,22.2242789848,21.6452034336,21.8744447186,418800,0.0,1.0
421,2014-01-07T00:00:00.000Z,35.91,36.699,35.66,36.03,346600,21.6633014298,22.1392787294,21.5124847949,21.7356934145,346600,0.0,1.0
422,2014-01-08T00:00:00.000Z,36.06,36.478,35.73,36.09,176000,21.7537914107,22.0059568242,21.5547134527,21.7718894069,176000,0.0,1.0
423,2014-01-09T00:00:00.000Z,36.42,37.27,35.87,36.27,401200,21.9709673649,22.4837439234,21.6391707682,21.880477384,401200,0.0,1.0
424,2014-01-10T00:00:00.000Z,36.8,37.56,36.62,36.95,380500,22.2002086498,22.6586912198,22.0916206727,22.2906986308,380500,0.0,1.0
425,2014-01-13T00:00:00.000Z,36.25,37.49,36.2,36.74,249900,21.8684120532,22.616462562,21.8382487262,22.1640126575,249900,0.0,1.0
426,2014-01-14T00:00:00.000Z,37.91,38.0,36.01,36.2,368300,22.8698345086,22.9241284971,21.7236280837,21.8382487262,368300,0.0,1.0
427,2014-01-15T00:00:00.000Z,36.99,38.13,36.89,38.11,313700,22.3148292923,23.0025531472,22.2545026384,22.9904878165,313700,0.0,1.0
428,2014-01-16T00:00:00.000Z,36.92,37.35,36.67,37.05,189600,22.2726006346,22.5320052465,22.1217839997,22.3510252847,189600,0.0,1.0
429,2014-01-17T00:00:00.000Z,35.83,37.32,35.62,37.09,270700,21.6150401066,22.5139072503,21.4883541334,22.3751559463,270700,0.0,1.0
430,2014-01-21T00:00:00.000Z,36.51,37.01,35.6401,35.88,355200,22.0252613534,22.3268946231,21.5004797908,21.6452034336,355200,0.0,1.0
431,2014-01-22T00:00:00.000Z,37.09,37.545,36.536,36.84,278600,22.3751559463,22.6496422217,22.0409462834,22.2243393114,278600,0.0,1.0
432,2014-01-23T00:00:00.000Z,36.78,37.46,36.1,36.76,387300,22.1881433191,22.5983645658,21.7779220723,22.1760779883,387300,0.0,1.0
433,2014-01-24T00:00:00.000Z,36.04,36.82,35.6,36.4,417900,21.7417260799,22.2122739806,21.4762888026,21.9589020341,417900,0.0,1.0
434,2014-01-27T00:00:00.000Z,35.72,36.348,33.7,35.96,501900,21.5486807873,21.927532174,20.3300823777,21.6934647567,501900,0.0,1.0
435,2014-01-28T00:00:00.000Z,35.65,36.28,35.33,35.85,449600,21.5064521295,21.8865100494,21.3134068369,21.6271054374,449600,0.0,1.0
436,2014-01-29T00:00:00.000Z,35.8,36.315,35.32,36.01,523600,21.5969421104,21.9076243782,21.3073741715,21.7236280837,523600,0.0,1.0
437,2014-01-30T00:00:00.000Z,36.06,36.24,35.7296,36.0,555200,21.7537914107,21.8623793878,21.5544721461,21.7175954183,555200,0.0,1.0
438,2014-01-31T00:00:00.000Z,34.81,35.92,34.67,35.3,359200,20.9997082364,21.6693340952,20.9152509209,21.2953088407,359200,0.0,1.0
439,2014-02-03T00:00:00.000Z,33.45,35.0599,33.36,34.8,659800,20.1792657429,21.1504645446,20.1249717543,20.993675571,659800,0.0,1.0
440,2014-02-04T00:00:00.000Z,32.96,34.24,32.861,34.0,726500,19.8836651386,20.655846309,19.8239417512,20.5110623395,726500,0.0,1.0
441,2014-02-05T00:00:00.000Z,32.43,33.08,32.11,33.08,595300,19.5639338727,19.9560571233,19.3708885801,19.9560571233,595300,0.0,1.0
442,2014-02-06T00:00:00.000Z,33.99,34.37,32.5001,32.66,492900,20.5050296741,20.7342709591,19.6062228571,19.7026851767,492900,0.0,1.0
443,2014-02-07T00:00:00.000Z,34.62,35.44,34.02,34.17,292800,20.885087594,21.3797661563,20.5231276703,20.6136176512,292800,0.0,1.0
444,2014-02-10T00:00:00.000Z,34.88,35.24,34.666,34.74,274300,21.0419368942,21.2591128484,20.9128378548,20.9574795787,274300,0.0,1.0
445,2014-02-11T00:00:00.000Z,34.99,35.44,34.594,35.0,316500,21.1082962135,21.3797661563,20.8694026639,21.1143288789,316500,0.0,1.0
446,2014-02-12T00:00:00.000Z,34.55,35.5,34.26,35.1,165000,20.8428589362,21.4159621486,20.6679116398,21.1746555329,165000,0.0,1.0
447,2014-02-13T00:00:00.000Z,35.17,35.41,34.17,34.22,184200,21.2168841906,21.3616681601,20.6136176512,20.6437809782,184200,0.0,1.0
448,2014-02-14T00:00:00.000Z,35.23,36.168,34.745,35.2,254400,21.253080183,21.8189441969,20.9604959114,21.2349821868,254400,0.0,1.0
449,2014-02-18T00:00:00.000Z,35.46,35.9,35.34,35.7,387200,21.391831487,21.6572687644,21.3194395023,21.5366154565,387200,0.0,1.0
450,2014-02-19T00:00:00.000Z,35.0,37.5,34.89,37.5,960200,21.1143288789,22.6224952274,21.0479695596,22.6224952274,960200,0.0,1.0
451,2014-02-20T00:00:00.000Z,35.97,36.75,35.2,36.16,1182500,21.6994974221,22.1700453229,21.2349821868,21.8141180646,1182500,0.0,1.0
452,2014-02-21T00:00:00.000Z,37.0,37.18,36.11,36.25,572200,22.3208619577,22.4294499348,21.7839547377,21.8684120532,572200,0.0,1.0
453,2014-02-24T00:00:00.000Z,37.84,38.46,37.0512,37.18,1216800,22.8276058508,23.2016311052,22.3517492045,22.4294499348,1216800,0.0,1.0
454,2014-02-25T00:00:00.000Z,37.85,38.31,37.75,37.94,688600,22.8336385162,23.1111411243,22.7733118623,22.8879325048,688600,0.0,1.0
455,2014-02-26T00:00:00.000Z,37.71,39.38,37.58,38.15,978300,22.7491812007,23.7566363215,22.6707565506,23.014618478,978300,0.0,1.0
456,2014-02-27T00:00:00.000Z,36.06,36.57,35.86,36.44,623400,22.5983645658,22.9179753792,22.473026992,22.8365059562,623400,1.4,1.0
457,2014-02-28T00:00:00.000Z,36.27,36.72,35.92,36.03,445600,22.7299690184,23.0119785596,22.5106282641,22.5795639298,445600,0.0,1.0
458,2014-03-03T00:00:00.000Z,35.5,36.0,35.24,36.0,362100,22.2474193591,22.5607632937,22.084480513,22.5607632937,362100,0.0,1.0
459,2014-03-04T00:00:00.000Z,34.02,35.2,33.85,35.13,1823300,21.3199213125,22.0594129983,21.2133843748,22.0155448474,1823300,0.0,1.0
460,2014-03-05T00:00:00.000Z,34.26,34.53,34.0,34.16,5135800,21.4703264012,21.6395321259,21.3073875551,21.4076576142,5135800,0.0,1.0
461,2014-03-06T00:00:00.000Z,35.11,35.38,34.41,34.56,1145600,22.00301109,22.1722168147,21.5643295815,21.6583327619,1145600,0.0,1.0
462,2014-03-07T00:00:00.000Z,34.54,35.2999,34.51,35.0,813200,21.6457990046,22.1220191164,21.6269983685,21.9340754244,813200,0.0,1.0
463,2014-03-10T00:00:00.000Z,34.81,34.93,34.29,34.93,737700,21.8150047293,21.8902072736,21.4891270372,21.8902072736,737700,0.0,1.0
464,2014-03-11T00:00:00.000Z,34.38,35.16,34.35,34.85,447600,21.5455289455,22.0343454835,21.5267283094,21.840072244,447600,0.0,1.0
465,2014-03-12T00:00:00.000Z,34.19,34.484,33.5,34.42,394500,21.4264582503,21.6107044839,20.9940436205,21.5705964602,394500,0.0,1.0
466,2014-03-13T00:00:00.000Z,32.89,34.446,32.65,34.21,752300,20.6117640203,21.5868903448,20.4613589316,21.4389920077,752300,0.0,1.0
467,2014-03-14T00:00:00.000Z,32.6,33.28,32.25,32.93,955000,20.4300245382,20.8561722893,20.2106837839,20.636831535,955000,0.0,1.0
468,2014-03-17T00:00:00.000Z,33.82,34.0,32.93,33.06,464000,21.1945837387,21.3073875551,20.636831535,20.718300958,464000,0.0,1.0
469,2014-03-18T00:00:00.000Z,34.1,34.2,33.71,33.8,359500,21.3700563421,21.432725129,21.1256480731,21.1820499813,359500,0.0,1.0
470,2014-03-19T00:00:00.000Z,33.32,34.35,33.26,34.35,321700,20.881239804,21.5267283094,20.8436385319,21.5267283094,321700,0.0,1.0
471,2014-03-20T00:00:00.000Z,33.33,33.655,32.93,33.12,499500,20.8875066827,21.0911802403,20.636831535,20.7559022302,499500,0.0,1.0
472,2014-03-21T00:00:00.000Z,32.82,34.36,32.68,33.4,579200,20.5678958694,21.5329951881,20.4801595677,20.9313748336,579200,0.0,1.0
473,2014-03-24T00:00:00.000Z,31.67,33.35,31.57,33.2,489300,19.8472048198,20.9000404401,19.7845360328,20.8060372597,489300,0.0,1.0
474,2014-03-25T00:00:00.000Z,31.35,32.8,31.29,31.75,842500,19.6466647016,20.555362112,19.6090634294,19.8973398493,842500,0.0,1.0
475,2014-03-26T00:00:00.000Z,32.86,33.8,32.55,32.75,2546900,20.5929633842,21.1820499813,20.3986901447,20.5240277186,2546900,0.0,1.0
476,2014-03-27T00:00:00.000Z,33.54,33.6,32.65,33.0,476700,21.0191111353,21.0567124074,20.4613589316,20.6806996859,476700,0.0,1.0
477,2014-03-28T00:00:00.000Z,34.3,34.39,33.39,33.49,601000,21.4953939159,21.5517958242,20.9251079549,20.9877767418,601000,0.0,1.0
478,2014-03-31T00:00:00.000Z,35.14,35.4,34.43,34.64,652100,22.0218117261,22.1847505721,21.5768633389,21.7084677915,652100,0.0,1.0
479,2014-04-01T00:00:00.000Z,35.41,35.99,35.2775,35.36,529100,22.1910174508,22.554496415,22.1079813081,22.1596830574,529100,0.0,1.0
480,2014-04-02T00:00:00.000Z,35.11,35.64,35.08,35.64,405600,22.00301109,22.3351556608,21.984210454,22.3351556608,405600,0.0,1.0
481,2014-04-03T00:00:00.000Z,35.44,35.58,35.1,35.22,312900,22.2098180869,22.2975543886,21.9967442113,22.0719467557,312900,0.0,1.0
482,2014-04-04T00:00:00.000Z,35.05,35.92,34.68,35.63,578400,21.9654098179,22.5106282641,21.7335353063,22.3288887821,578400,0.0,1.0
483,2014-04-07T00:00:00.000Z,33.37,34.99,33.22,34.98,710400,20.9125741975,21.9278085457,20.8185710171,21.921541667,710400,0.0,1.0
484,2014-04-08T00:00:00.000Z,33.35,33.97,32.51,33.49,1341100,20.9000404401,21.2885869191,20.3736226299,20.9877767418,1341100,0.0,1.0
485,2014-04-09T00:00:00.000Z,34.48,34.95,33.62,34.85,1368700,21.6081977324,21.902741031,21.0692461648,21.840072244,1368700,0.0,1.0
486,2014-04-10T00:00:00.000Z,34.0,34.9,33.64,34.84,773600,21.3073875551,21.8714066375,21.0817799222,21.8338053653,773600,0.0,1.0
487,2014-04-11T00:00:00.000Z,33.72,34.98,33.25,34.98,1303100,21.1319149518,21.921541667,20.8373716532,21.921541667,1303100,0.0,1.0
488,2014-04-14T00:00:00.000Z,33.23,34.24,33.17,33.87,502800,20.8248378958,21.4577926438,20.7872366237,21.2259181321,502800,0.0,1.0
489,2014-04-15T00:00:00.000Z,32.72,33.962,32.04,33.4,688900,20.5052270825,21.2835734161,20.0790793314,20.9313748336,688900,0.0,1.0
490,2014-04-16T00:00:00.000Z,32.99,33.15,32.27,32.98,787300,20.6744328072,20.7747028663,20.2232175413,20.6681659285,787300,0.0,1.0
491,2014-04-17T00:00:00.000Z,33.45,33.64,32.9691,33.22,640400,20.9627092271,21.0817799222,20.6613350307,20.8185710171,640400,0.0,1.0
492,2014-04-21T00:00:00.000Z,33.99,34.24,33.5704,33.85,572900,21.3011206765,21.4577926438,21.0381624465,21.2133843748,572900,0.0,1.0
493,2014-04-22T00:00:00.000Z,34.7,35.55,33.9,34.19,1177500,21.7460690636,22.2787537525,21.2447187682,21.4264582503,1177500,0.0,1.0
494,2014-04-23T00:00:00.000Z,34.47,34.99,34.24,34.85,512600,21.6019308537,21.9278085457,21.4577926438,21.840072244,512600,0.0,1.0
495,2014-04-24T00:00:00.000Z,34.69,35.3499,34.0,34.76,425100,21.7398021849,22.1533535099,21.3073875551,21.7836703358,425100,0.0,1.0
496,2014-04-25T00:00:00.000Z,34.64,34.9,34.01,34.57,284700,21.7084677915,21.8714066375,21.3136544338,21.6645996406,284700,0.0,1.0
497,2014-04-28T00:00:00.000Z,34.08,34.96,33.49,34.72,495400,21.3575225847,21.9090079096,20.9877767418,21.758602821,495400,0.0,1.0
498,2014-04-29T00:00:00.000Z,34.21,34.59,34.01,34.16,508600,21.4389920077,21.677133398,21.3136544338,21.4076576142,508600,0.0,1.0
499,2014-04-30T00:00:00.000Z,32.08,33.3925,31.75,33.0,1654800,20.1041468462,20.9266746746,19.8973398493,20.6806996859,1654800,0.0,1.0
500,2014-05-01T00:00:00.000Z,32.6,33.0,32.11,32.11,775500,20.4300245382,20.6806996859,20.1229474822,20.1229474822,775500,0.0,1.0
501,2014-05-02T00:00:00.000Z,32.02,33.25,31.97,32.7,417100,20.066545574,20.8373716532,20.0352111805,20.4926933251,417100,0.0,1.0
502,2014-05-05T00:00:00.000Z,31.75,31.92,31.23,31.88,499800,19.8973398493,20.0038767871,19.5714621573,19.9788092723,499800,0.0,1.0
503,2014-05-06T00:00:00.000Z,31.08,31.42,30.92,31.2,969100,19.4774589769,19.6905328524,19.3771889178,19.5526615212,969100,0.0,1.0
504,2014-05-07T00:00:00.000Z,30.19,31.09,28.78,30.77,1979100,18.9197067732,19.4837258556,18.0360768776,19.2831857374,1979100,0.0,1.0
505,2014-05-08T00:00:00.000Z,30.27,31.05,29.78,29.86,1026300,18.9698418028,19.4586583408,18.6627647468,18.7128997764,1026300,0.0,1.0
506,2014-05-09T00:00:00.000Z,31.45,31.46,30.0,31.0,1025600,19.7093334885,19.7156003672,18.8006360781,19.4273239473,1025600,0.0,1.0
507,2014-05-12T00:00:00.000Z,31.19,31.33,30.5,30.95,837000,19.6466647016,19.7348510773,19.2120318499,19.4954880575,837000,0.16,1.0
508,2014-05-13T00:00:00.000Z,31.06,31.07,30.5,30.76,750500,19.5647773527,19.5710763796,19.2120318499,19.3758065476,750500,0.0,1.0
509,2014-05-14T00:00:00.000Z,31.55,31.77,30.9025,31.0,855500,19.8734296677,20.0120082581,19.46556768,19.5269831917,855500,0.0,1.0
510,2014-05-15T00:00:00.000Z,31.01,31.49,30.71,31.41,731300,19.5332822185,19.8356355067,19.3443114135,19.785243292,731300,0.0,1.0
511,2014-05-16T00:00:00.000Z,30.19,31.03,30.16,31.03,320500,19.016762018,19.5458802722,18.9978649375,19.5458802722,320500,0.0,1.0
512,2014-05-19T00:00:00.000Z,30.44,30.74,30.09,30.24,258400,19.1742376889,19.363208494,18.9537717496,19.0482571522,258400,0.0,1.0
513,2014-05-20T00:00:00.000Z,30.42,30.795,30.23,30.42,242100,19.1616396352,19.3978531416,19.0419581253,19.1616396352,242100,0.0,1.0
514,2014-05-21T00:00:00.000Z,31.27,31.31,30.52,30.72,363400,19.6970569163,19.7222530236,19.2246299036,19.3506104403,363400,0.0,1.0
515,2014-05-22T00:00:00.000Z,31.59,31.67,30.9,31.28,418300,19.898625775,19.9490179897,19.4639929233,19.7033559431,418300,0.0,1.0
516,2014-05-23T00:00:00.000Z,31.4,31.8,31.12,31.79,179800,19.7789442651,20.0309053386,19.6025715137,20.0246063117,179800,0.0,1.0
517,2014-05-27T00:00:00.000Z,31.36,31.99,30.9,31.58,436000,19.7537481578,20.1505868485,19.4639929233,19.8923267482,436000,0.0,1.0
518,2014-05-28T00:00:00.000Z,31.65,32.24,31.1922,32.24,288400,19.936419936,20.3080625194,19.6480504875,20.3080625194,288400,0.0,1.0
519,2014-05-29T00:00:00.000Z,31.88,32.1,31.55,31.8,240000,20.0812975533,20.2198761437,19.8734296677,20.0309053386,240000,0.0,1.0
520,2014-05-30T00:00:00.000Z,30.97,32.094,30.69,32.0,370100,19.5080861112,20.2160967276,19.3317133598,20.1568858753,370100,0.0,1.0
521,2014-06-02T00:00:00.000Z,31.52,32.15,31.27,31.8,329400,19.8545325872,20.2513712778,19.6970569163,20.0309053386,329400,0.0,1.0
522,2014-06-03T00:00:00.000Z,32.43,32.44,31.6,31.8,278600,20.4277440293,20.4340430561,19.9049248019,20.0309053386,278600,0.0,1.0
523,2014-06-04T00:00:00.000Z,31.96,32.63,31.92,32.4,504300,20.131689768,20.553724566,20.1064936606,20.4088469487,504300,0.0,1.0
524,2014-06-05T00:00:00.000Z,31.85,32.755,31.73,32.3,456300,20.0624004728,20.6324624014,19.9868121507,20.3458566804,456300,0.0,1.0
525,2014-06-06T00:00:00.000Z,33.01,33.44,31.96,31.96,508700,20.7930875857,21.0639457397,20.131689768,20.131689768,508700,0.0,1.0
526,2014-06-09T00:00:00.000Z,33.1,33.2712,32.82,33.21,372700,20.8497788273,20.9576181667,20.6734060759,20.9190681225,372700,0.0,1.0
527,2014-06-10T00:00:00.000Z,33.41,33.91,32.901,33.0,555300,21.0450486592,21.360000001,20.7244281932,20.7867885589,555300,0.0,1.0
528,2014-06-11T00:00:00.000Z,32.63,33.41,32.6,33.17,297700,20.553724566,21.0450486592,20.5348274855,20.8938720151,297700,0.0,1.0
529,2014-06-12T00:00:00.000Z,32.64,32.954,32.28,32.68,231100,20.5600235928,20.7578130355,20.3332586267,20.5852197002,231100,0.0,1.0
530,2014-06-13T00:00:00.000Z,32.13,32.81,31.94,32.6,214600,20.2387732242,20.667107049,20.1190917143,20.5348274855,214600,0.0,1.0
531,2014-06-16T00:00:00.000Z,33.58,33.72,32.154,32.31,718500,21.1521321154,21.2403184911,20.2538908886,20.3521557072,718500,0.0,1.0
532,2014-06-17T00:00:00.000Z,34.42,34.48,33.264,33.89,637100,21.6812503696,21.7190445306,20.9530828674,21.3474019473,637100,0.0,1.0
533,2014-06-18T00:00:00.000Z,34.88,34.95,34.12,34.49,1085300,21.9710056041,22.0150987919,21.4922795645,21.7253435575,1085300,0.0,1.0
534,2014-06-19T00:00:00.000Z,34.5,35.47,34.29,34.99,645600,21.7316425843,22.3426481874,21.5993630208,22.0402948993,645600,0.0,1.0
535,2014-06-20T00:00:00.000Z,34.6,34.75,34.223,34.5,235300,21.7946328527,21.8891182552,21.557159541,21.7316425843,235300,0.0,1.0
536,2014-06-23T00:00:00.000Z,34.83,35.096,34.15,34.67,469400,21.9395104699,22.1070645837,21.5111766451,21.8387260405,469400,0.0,1.0
537,2014-06-24T00:00:00.000Z,34.37,35.07,33.97,34.96,610800,21.6497552354,22.090687114,21.397794162,22.0213978188,610800,0.0,1.0
538,2014-06-25T00:00:00.000Z,33.99,34.51,33.66,34.38,264600,21.4103922157,21.7379416111,21.2025243301,21.6560542623,264600,0.0,1.0
539,2014-06-26T00:00:00.000Z,34.3,34.34,33.54,34.01,314700,21.6056620476,21.6308581549,21.1269360081,21.4229902693,314700,0.0,1.0
540,2014-06-27T00:00:00.000Z,33.65,34.47,33.46,34.12,357100,21.1962253032,21.7127455038,21.0765437934,21.4922795645,357100,0.0,1.0
541,2014-06-30T00:00:00.000Z,33.96,34.0579,33.38,33.74,229900,21.3914951352,21.4531626079,21.0261515787,21.2529165448,229900,0.0,1.0
542,2014-07-01T00:00:00.000Z,34.55,34.63,33.795,33.98,463200,21.7631377185,21.8135299332,21.2875611924,21.4040931888,463200,0.0,1.0
543,2014-07-02T00:00:00.000Z,34.995,35.12,34.51,34.52,328000,22.0434444127,22.1221822481,21.7379416111,21.744240638,328000,0.0,1.0
544,2014-07-03T00:00:00.000Z,34.95,35.21,34.7876,35.14,263300,22.0150987919,22.1788734897,21.9128025961,22.1347803018,263300,0.0,1.0
545,2014-07-07T00:00:00.000Z,35.12,35.19,34.6,35.08,283700,22.1221822481,22.166275436,21.7946328527,22.0969861408,283700,0.0,1.0
546,2014-07-08T00:00:00.000Z,34.32,35.15,33.82,34.94,406400,21.6182601013,22.1410793287,21.3033087595,22.0087997651,406400,0.0,1.0
547,2014-07-09T00:00:00.000Z,33.9,34.5,33.45,33.74,299500,21.3537009742,21.7316425843,21.0702447665,21.2529165448,299500,0.0,1.0
548,2014-07-10T00:00:00.000Z,32.85,33.73,32.68,33.73,499100,20.6923031564,21.2466175179,20.5852197002,21.2466175179,499100,0.0,1.0
549,2014-07-11T00:00:00.000Z,33.21,33.38,32.61,32.75,216600,20.9190681225,21.0261515787,20.5411265123,20.629312888,216600,0.0,1.0
550,2014-07-14T00:00:00.000Z,33.66,33.83,33.06,33.31,201200,21.2025243301,21.3096077863,20.8245827199,20.9820583908,201200,0.0,1.0
551,2014-07-15T00:00:00.000Z,33.82,33.9999,33.45,33.73,245400,21.3033087595,21.4166282522,21.0702447665,21.2466175179,245400,0.0,1.0
552,2014-07-16T00:00:00.000Z,34.64,34.84,33.7,33.99,357200,21.81982896,21.9458094967,21.2277204374,21.4103922157,357200,0.0,1.0
553,2014-07-17T00:00:00.000Z,33.6,35.167,33.56,34.57,285900,21.1647301691,22.1517876743,21.1395340617,21.7757357722,285900,0.0,1.0
554,2014-07-18T00:00:00.000Z,33.68,34.38,33.39,33.5,209200,21.2151223838,21.6560542623,21.0324506055,21.1017399007,209200,0.0,1.0
555,2014-07-21T00:00:00.000Z,33.5,33.7,32.8,33.7,372600,21.1017399007,21.2277204374,20.6608080222,21.2277204374,372600,0.0,1.0
556,2014-07-22T00:00:00.000Z,34.05,34.34,33.56,33.69,213800,21.4481863767,21.6308581549,21.1395340617,21.2214214106,213800,0.0,1.0
557,2014-07-23T00:00:00.000Z,34.77,34.87,33.81,33.97,287500,21.9017163089,21.9647065772,21.2970097326,21.397794162,287500,0.0,1.0
558,2014-07-24T00:00:00.000Z,34.72,35.14,34.45,34.89,251700,21.8702211747,22.1347803018,21.7001474501,21.9773046309,251700,0.0,1.0
559,2014-07-25T00:00:00.000Z,34.47,35.25,33.96,35.25,216500,21.7127455038,22.204069597,21.3914951352,22.204069597,216500,0.0,1.0
560,2014-07-28T00:00:00.000Z,34.09,34.78,33.855,34.34,269800,21.473382484,21.9080153357,21.3253553534,21.6308581549,269800,0.0,1.0
561,2014-07-29T00:00:00.000Z,34.39,35.99,33.71,35.99,253100,21.6623532891,22.6701975829,21.2340194643,22.6701975829,253100,0.0,1.0
562,2014-07-30T00:00:00.000Z,34.71,35.25,34.32,34.75,406900,21.8639221479,22.204069597,21.6182601013,21.8891182552,406900,0.0,1.0
563,2014-07-31T00:00:00.000Z,33.38,34.74,33.27,34.51,380700,21.0261515787,21.8828192284,20.9568622835,21.7379416111,380700,0.0,1.0
564,2014-08-01T00:00:00.000Z,32.8,33.46,32.25,32.79,652800,20.6608080222,21.0765437934,20.3143615462,20.6545089954,652800,0.0,1.0
565,2014-08-04T00:00:00.000Z,31.94,32.98,31.7,32.74,536300,20.1190917143,20.7741905052,19.9679150702,20.6230138612,536300,0.0,1.0
566,2014-08-05T00:00:00.000Z,30.95,32.0099,30.73,31.71,670200,19.4954880575,20.1631219119,19.3569094671,19.9742140971,670200,0.0,1.0
567,2014-08-06T00:00:00.000Z,31.0,31.3,30.8,31.14,615800,19.5269831917,19.7159539968,19.401002655,19.6151695674,615800,0.0,1.0
568,2014-08-07T00:00:00.000Z,30.59,31.27,30.11,31.04,450200,19.3695075208,19.8000817318,19.0655727836,19.6544463369,450200,0.16,1.0
569,2014-08-08T00:00:00.000Z,31.45,31.5,30.17,30.6,499400,19.9140572582,19.9457171267,19.1035646258,19.3758394945,499400,0.0,1.0
570,2014-08-11T00:00:00.000Z,32.2,32.58,31.42,31.5,710500,20.3889552851,20.6295702853,19.8950613372,19.9457171267,710500,0.0,1.0
571,2014-08-12T00:00:00.000Z,31.98,32.54,31.8,32.36,435300,20.2496518639,20.6042423905,20.1356763374,20.4902668641,435300,0.0,1.0
572,2014-08-13T00:00:00.000Z,32.27,32.55,31.72,31.96,233200,20.4332791009,20.6105743642,20.0850205479,20.2369879165,233200,0.0,1.0
573,2014-08-14T00:00:00.000Z,32.4,33.21,32.13,32.16,191500,20.5155947589,21.0284846278,20.3446314692,20.3636273903,191500,0.0,1.0
574,2014-08-15T00:00:00.000Z,32.54,32.59,31.94,32.4,263400,20.6042423905,20.635902259,20.2243239691,20.5155947589,263400,0.0,1.0
575,2014-08-18T00:00:00.000Z,33.05,33.73,32.73,33.09,593500,20.9271730488,21.3577472598,20.7245498907,20.9525009436,593500,0.0,1.0
576,2014-08-19T00:00:00.000Z,33.01,33.33,32.74,33.24,330900,20.901845154,21.1044683121,20.7308818644,21.0474805489,330900,0.0,1.0
577,2014-08-20T00:00:00.000Z,33.16,33.23,32.68,32.9,267800,20.9968247594,21.0411485752,20.6928900222,20.8321934434,267800,0.0,1.0
578,2014-08-21T00:00:00.000Z,32.82,33.38,32.69,33.35,266600,20.7815376539,21.1361281806,20.6992219959,21.1171322595,266600,0.0,1.0
579,2014-08-22T00:00:00.000Z,32.14,32.79,32.075,32.55,496400,20.3509634429,20.7625417328,20.3098056139,20.6105743642,496400,0.0,1.0
580,2014-08-25T00:00:00.000Z,32.34,32.6,31.863,32.6,297000,20.4776029167,20.6422342327,20.1755677717,20.6422342327,297000,0.0,1.0
581,2014-08-26T00:00:00.000Z,32.43,32.45,32.03,32.29,226100,20.5345906799,20.5472546273,20.2813117323,20.4459430483,226100,0.0,1.0
582,2014-08-27T00:00:00.000Z,33.12,33.14,32.36,32.68,251000,20.9714968646,20.984160812,20.4902668641,20.6928900222,251000,0.0,1.0
583,2014-08-28T00:00:00.000Z,33.23,33.3,32.54,32.82,200400,21.0411485752,21.0854723911,20.6042423905,20.7815376539,200400,0.0,1.0
584,2014-08-29T00:00:00.000Z,33.26,33.43,32.94,33.23,178900,21.0601444963,21.167788049,20.8575213382,21.0411485752,178900,0.0,1.0
585,2014-09-02T00:00:00.000Z,32.84,33.63,32.72,33.33,219800,20.7942016013,21.2944275229,20.718217917,21.1044683121,219800,0.0,1.0
586,2014-09-03T00:00:00.000Z,33.01,33.208,32.62,33.04,220000,20.901845154,21.0272182331,20.6548981801,20.9208410751,220000,0.0,1.0
587,2014-09-04T00:00:00.000Z,32.84,33.28,32.56,33.17,166300,20.7942016013,21.0728084437,20.6169063379,21.0031567331,166300,0.0,1.0
588,2014-09-05T00:00:00.000Z,32.62,32.95,32.4301,32.94,182100,20.6548981801,20.8638533119,20.5346539997,20.8575213382,182100,0.0,1.0
589,2014-09-08T00:00:00.000Z,31.79,32.76,31.14,32.38,641900,20.1293443637,20.7435458117,19.7177660738,20.5029308115,641900,0.0,1.0
590,2014-09-09T00:00:00.000Z,31.48,31.96,31.21,31.67,303300,19.9330531793,20.2369879165,19.7620898896,20.0533606794,303300,0.0,1.0
591,2014-09-10T00:00:00.000Z,31.33,32.47,31.18,32.05,329500,19.8380735739,20.5599185747,19.7430939686,20.2939756797,329500,0.0,1.0
592,2014-09-11T00:00:00.000Z,31.93,31.93,31.33,31.33,298300,20.2179919954,20.2179919954,19.8380735739,19.8380735739,298300,0.0,1.0
593,2014-09-12T00:00:00.000Z,31.27,31.947,31.18,31.76,441000,19.8000817318,20.2287563507,19.7430939686,20.1103484426,441000,0.0,1.0
594,2014-09-15T00:00:00.000Z,30.69,31.52,30.51,31.3,218900,19.4328272577,19.9583810741,19.3188517313,19.8190776529,218900,0.0,1.0
595,2014-09-16T00:00:00.000Z,30.84,31.33,30.55,30.64,187900,19.5278068631,19.8380735739,19.344179626,19.4011673893,187900,0.0,1.0
596,2014-09-17T00:00:00.000Z,31.18,31.2,30.7233,30.82,220100,19.7430939686,19.755757916,19.4539127301,19.5151429157,220100,0.0,1.0
597,2014-09-18T00:00:00.000Z,30.8,31.27,30.555,30.95,798100,19.5024789683,19.8000817318,19.3473456129,19.5974585737,798100,0.0,1.0
598,2014-09-19T00:00:00.000Z,31.09,31.264,30.43,30.8,491600,19.6861062054,19.7962825476,19.2681959417,19.5024789683,491600,0.0,1.0
599,2014-09-22T00:00:00.000Z,30.61,31.15,30.55,30.76,311400,19.3821714682,19.7240980475,19.344179626,19.4771510735,311400,0.0,1.0
600,2014-09-23T00:00:00.000Z,29.95,30.91,29.735,30.58,741200,18.9642612046,19.5721306789,18.8281237702,19.3631755471,741200,0.0,1.0
601,2014-09-24T00:00:00.000Z,29.86,30.35,29.07,29.93,727891,18.9072734414,19.2175401522,18.4070475198,18.9515972572,727891,0.0,1.0
602,2014-09-25T00:00:00.000Z,30.16,30.22,29.29,29.68,1013913,19.0972326521,19.1352244942,18.546350941,18.7932979149,1013913,0.0,1.0
603,2014-09-26T00:00:00.000Z,30.94,31.31,29.8,30.13,592407,19.5911266,19.8254096266,18.8692815992,19.078236731,592407,0.0,1.0
604,2014-09-29T00:00:00.000Z,30.44,30.92,30.23,30.92,296567,19.2745279154,19.5784626526,19.1415564679,19.5784626526,296567,0.0,1.0
605,2014-09-30T00:00:00.000Z,30.46,30.59,30.3,30.38,189621,19.2871918628,19.3695075208,19.1858802838,19.2365360733,189621,0.0,1.0
606,2014-10-01T00:00:00.000Z,29.33,30.548,28.92,30.4,607468,18.5716788357,19.3429132313,18.3120679144,19.2492000207,607468,0.0,1.0
607,2014-10-02T00:00:00.000Z,29.28,29.4113,28.09,29.1,594772,18.5400189673,18.6231577818,17.786514098,18.4260434408,594772,0.0,1.0
608,2014-10-03T00:00:00.000Z,29.77,30.11,29.266,29.48,287920,18.8502856781,19.0655727836,18.5311542041,18.6666584411,287920,0.0,1.0
609,2014-10-06T00:00:00.000Z,30.14,30.36,29.7725,29.94,193024,19.0845687047,19.2238721259,18.8518686716,18.9579292309,193024,0.0,1.0
610,2014-10-07T00:00:00.000Z,29.37,30.688,29.3,30.43,319869,18.5970067305,19.431560863,18.5526829147,19.2681959417,319869,0.0,1.0
611,2014-10-08T00:00:00.000Z,29.47,29.555,28.5,29.37,301035,18.6603264674,18.7141482438,18.0461250194,18.5970067305,301035,0.0,1.0
612,2014-10-09T00:00:00.000Z,28.5,29.31,28.42,29.22,322147,18.0461250194,18.5590148884,17.9954692299,18.5020271251,322147,0.0,1.0
613,2014-10-10T00:00:00.000Z,28.11,28.94,27.8401,28.45,417097,17.7991780454,18.3247318618,17.6282780755,18.0144651509,417097,0.0,1.0
614,2014-10-13T00:00:00.000Z,27.25,28.31,27.17,28.0,458418,17.254628308,17.9258175192,17.2039725185,17.7295263348,458418,0.0,1.0
615,2014-10-14T00:00:00.000Z,27.65,28.1,26.9,27.52,493183,17.5079072556,17.7928460717,17.0330092288,17.4255915977,493183,0.0,1.0
616,2014-10-15T00:00:00.000Z,27.63,27.69,26.34,26.58,770853,17.4952433083,17.5332351504,16.6784187021,16.8303860707,770853,0.0,1.0
617,2014-10-16T00:00:00.000Z,27.68,27.83,26.336,26.93,394688,17.5269031767,17.6218827821,16.6758859126,17.0520051499,394688,0.0,1.0
618,2014-10-17T00:00:00.000Z,28.29,28.617,27.95,28.08,162444,17.9131535719,18.1202091116,17.6978664664,17.7801821244,162444,0.0,1.0
619,2014-10-20T00:00:00.000Z,28.99,29.03,28.19,28.29,278551,18.3563917302,18.381719625,17.849833835,17.9131535719,278551,0.0,1.0
620,2014-10-21T00:00:00.000Z,29.94,29.96,29.01,29.3,252358,18.9579292309,18.9705931783,18.3690556776,18.5526829147,252358,0.0,1.0
621,2014-10-22T00:00:00.000Z,29.37,30.29,29.24,30.29,322046,18.5970067305,19.1795483101,18.5146910725,19.1795483101,322046,0.0,1.0
622,2014-10-23T00:00:00.000Z,29.72,30.225,29.38,29.71,235107,18.8186258097,19.1383904811,18.6033387042,18.812293836,235107,0.0,1.0
623,2014-10-24T00:00:00.000Z,30.44,30.66,29.75,29.75,231869,19.2745279154,19.4138313366,18.8376217308,18.8376217308,231869,0.0,1.0
624,2014-10-27T00:00:00.000Z,29.81,30.2,29.53,30.02,222245,18.8756135729,19.1225605469,18.6983183096,19.0085850204,222245,0.0,1.0
625,2014-10-28T00:00:00.000Z,29.83,30.63,29.5,29.97,397577,18.8882775203,19.3948354156,18.6793223885,18.976925152,397577,0.0,1.0
626,2014-10-29T00:00:00.000Z,28.66,29.81,28.25,29.27,851398,18.1474365984,18.8756135729,17.8878256771,18.5336869936,851398,0.0,1.0
627,2014-10-30T00:00:00.000Z,27.56,28.16,27.2,28.05,662988,17.4509194924,17.8308379139,17.2229684395,17.7611862033,662988,0.0,1.0
628,2014-10-31T00:00:00.000Z,27.76,28.2499,27.46,28.11,600445,17.5775589662,17.8877623574,17.3875997555,17.7991780454,600445,0.0,1.0
629,2014-11-03T00:00:00.000Z,28.11,28.87,27.45,27.45,553561,17.7991780454,18.2804080459,17.3812677818,17.3812677818,553561,0.0,1.0
630,2014-11-04T00:00:00.000Z,28.59,28.885,28.105,28.11,491785,18.1031127826,18.2899060065,17.7960120586,17.7991780454,491785,0.0,1.0
631,2014-11-05T00:00:00.000Z,28.59,29.18,28.31,29.18,351711,18.1031127826,18.4766992304,17.9258175192,18.4766992304,351711,0.0,1.0
632,2014-11-06T00:00:00.000Z,28.26,28.92,28.0,28.52,313144,17.9954692299,18.4157455813,17.8299058187,18.161032641,313144,0.16,1.0
633,2014-11-07T00:00:00.000Z,28.94,29.91,28.5,29.89,680229,18.4284812283,19.0461601085,18.148296994,19.0334244614,680229,0.0,1.0
634,2014-11-10T00:00:00.000Z,29.06,29.5,28.38,29.15,997309,18.5048951104,18.7850793447,18.0718831119,18.5622055219,997309,0.0,1.0
635,2014-11-11T00:00:00.000Z,29.11,29.3,28.53,29.06,369198,18.5367342279,18.6577228745,18.1674004645,18.5048951104,369198,0.0,1.0
636,2014-11-12T00:00:00.000Z,29.39,30.0,28.91,29.49,555514,18.7150332861,19.10347052,18.4093777578,18.7787115212,555514,0.0,1.0
637,2014-11-13T00:00:00.000Z,29.69,29.94,29.21,29.32,526506,18.9060679913,19.065263579,18.600412463,18.6704585216,526506,0.0,1.0
638,2014-11-14T00:00:00.000Z,29.6,30.04,29.41,29.84,443676,18.8487575797,19.128941814,18.7277689331,19.0015853439,443676,0.0,1.0
639,2014-11-17T00:00:00.000Z,29.86,29.89,29.41,29.6,539080,19.0143209909,19.0334244614,18.7277689331,18.8487575797,539080,0.0,1.0
640,2014-11-18T00:00:00.000Z,29.46,30.14,29.43,29.86,543980,18.7596080507,19.1926200491,18.7405045801,19.0143209909,543980,0.0,1.0
641,2014-11-19T00:00:00.000Z,29.51,29.8,29.3,29.59,548697,18.7914471682,18.9761140499,18.6577228745,18.8423897562,548697,0.0,1.0
642,2014-11-20T00:00:00.000Z,29.2,29.65,29.15,29.45,436093,18.5940446395,18.8805966973,18.5622055219,18.7532402271,436093,0.0,1.0
643,2014-11-21T00:00:00.000Z,29.8,29.9,29.27,29.5,777769,18.9761140499,19.0397922849,18.638619404,18.7850793447,777769,0.0,1.0
644,2014-11-24T00:00:00.000Z,29.46,30.15,29.33,30.0,618768,18.7596080507,19.1989878726,18.6768263451,19.10347052,618768,0.0,1.0
645,2014-11-25T00:00:00.000Z,29.23,29.656,29.0057,29.35,386147,18.61314811,18.8844173914,18.4703178287,18.6895619921,386147,0.0,1.0
646,2014-11-26T00:00:00.000Z,29.05,29.364,28.72,29.3,334669,18.4985272869,18.698476945,18.2883891112,18.6577228745,334669,0.0,1.0
647,2014-11-28T00:00:00.000Z,28.63,29.03,28.15,28.89,457627,18.2310786996,18.4857916399,17.9254231713,18.3966421108,457627,0.0,1.0
648,2014-12-01T00:00:00.000Z,27.44,28.84,26.7,28.4,993308,17.4733077023,18.3648029932,17.0020887628,18.0846187589,993308,0.0,1.0
649,2014-12-02T00:00:00.000Z,27.72,28.26,27.28,27.28,406955,17.6516067605,17.9954692299,17.3714225262,17.3714225262,406955,0.0,1.0
650,2014-12-03T00:00:00.000Z,28.45,28.68,27.51,27.72,449077,18.1164578765,18.2629178171,17.5178824669,17.6516067605,449077,0.0,1.0
651,2014-12-04T00:00:00.000Z,28.56,28.73,27.82,28.01,479340,18.1865039351,18.2947569347,17.7152849956,17.8362736422,479340,0.0,1.0
652,2014-12-05T00:00:00.000Z,28.72,29.08,28.3204,28.64,521401,18.2883891112,18.5176307574,18.0339308838,18.2374465231,521401,0.0,1.0
653,2014-12-08T00:00:00.000Z,28.02,28.97,27.54,28.7,523511,17.8426414657,18.4475846988,17.5369859374,18.2756534641,523511,0.0,1.0
654,2014-12-09T00:00:00.000Z,27.76,27.91,27.12,27.5,331789,17.6770780545,17.7725954071,17.2695373501,17.5115146433,331789,0.0,1.0
655,2014-12-10T00:00:00.000Z,26.92,27.78,26.8,27.76,548377,17.14218088,17.6898137015,17.0657669979,17.6770780545,548377,0.0,1.0
656,2014-12-11T00:00:00.000Z,27.29,27.54,26.37,26.94,469593,17.3777903497,17.5369859374,16.7919505871,17.154916527,469593,0.0,1.0
657,2014-12-12T00:00:00.000Z,26.48,26.914,26.045,26.84,683879,16.8619966457,17.1383601859,16.5849963231,17.0912382919,683879,0.0,1.0
658,2014-12-15T00:00:00.000Z,25.76,26.93,25.5424,26.66,768287,16.4035133532,17.1485487035,16.2649495137,16.9766174688,768287,0.0,1.0
659,2014-12-16T00:00:00.000Z,25.54,26.07,25.49,26.0,471477,16.263421236,16.6009158819,16.2315821185,16.5563411173,471477,0.0,1.0
660,2014-12-17T00:00:00.000Z,26.29,26.35,25.21,25.54,582047,16.741007999,16.7792149401,16.0532830603,16.263421236,582047,0.0,1.0
661,2014-12-18T00:00:00.000Z,27.01,27.05,26.33,26.65,714896,17.1994912915,17.2249625855,16.7664792931,16.9702496453,714896,0.0,1.0
662,2014-12-19T00:00:00.000Z,27.45,27.71,26.86,27.0,691871,17.4796755258,17.645238937,17.1039739389,17.193123468,691871,0.0,1.0
663,2014-12-22T00:00:00.000Z,26.86,27.79,26.5,27.25,530120,17.1039739389,17.696181525,16.8747322927,17.3523190557,530120,0.0,1.0
664,2014-12-23T00:00:00.000Z,27.29,27.37,26.76,26.76,531454,17.3777903497,17.4287329378,17.0402957039,17.0402957039,531454,0.0,1.0
665,2014-12-24T00:00:00.000Z,26.9,27.49,26.8,27.11,318693,17.1294452329,17.5051468198,17.0657669979,17.2631695266,318693,0.0,1.0
666,2014-12-26T00:00:00.000Z,26.92,27.24,26.74,26.92,281070,17.14218088,17.3459512322,17.0275600568,17.14218088,281070,0.0,1.0
667,2014-12-29T00:00:00.000Z,26.76,27.24,26.48,26.81,324483,17.0402957039,17.3459512322,16.8619966457,17.0721348214,324483,0.0,1.0
668,2014-12-30T00:00:00.000Z,27.34,27.36,26.5101,26.57,470926,17.4096294672,17.4223651143,16.8811637944,16.9193070572,470926,0.0,1.0
669,2014-12-31T00:00:00.000Z,27.5,27.71,26.99,27.24,347965,17.5115146433,17.645238937,17.1867556445,17.3459512322,347965,0.0,1.0
670,2015-01-02T00:00:00.000Z,28.18,28.295,27.12,27.71,302779,17.9445266418,18.0177566121,17.2695373501,17.645238937,302779,0.0,1.0
671,2015-01-05T00:00:00.000Z,27.87,28.02,27.3,27.8,520037,17.7471241131,17.8426414657,17.3841581732,17.7025493485,520037,0.0,1.0
672,2015-01-06T00:00:00.000Z,26.87,27.84,26.83,27.84,616629,17.1103417624,17.7280206426,17.0848704684,17.7280206426,616629,0.0,1.0
673,2015-01-07T00:00:00.000Z,26.83,27.489,26.82,27.23,376358,17.0848704684,17.5045100375,17.0785026449,17.3395834087,376358,0.0,1.0
674,2015-01-08T00:00:00.000Z,26.905,27.23,26.73,27.02,379915,17.1326291447,17.3395834087,17.0211922333,17.205859115,379915,0.0,1.0
675,2015-01-09T00:00:00.000Z,26.58,27.05,26.415,27.05,510212,16.9256748807,17.2249625855,16.8206057929,17.2249625855,510212,0.0,1.0
676,2015-01-12T00:00:00.000Z,25.85,26.6,25.72,26.6,570989,16.4608237647,16.9384105277,16.3780420592,16.9384105277,570989,0.0,1.0
677,2015-01-13T00:00:00.000Z,25.65,26.0,25.33,25.8,726192,16.3334672946,16.5563411173,16.1296969424,16.4289846472,726192,0.0,1.0
678,2015-01-14T00:00:00.000Z,25.25,25.5984,24.93,25.29,710707,16.0787543543,16.3006093253,15.8749840021,16.1042256484,710707,0.0,1.0
679,2015-01-15T00:00:00.000Z,24.82,25.5,24.4201,25.5,645942,15.8049379436,16.237949942,15.5502886815,16.237949942,645942,0.0,1.0
680,2015-01-16T00:00:00.000Z,24.87,24.87,24.49,24.57,423451,15.8367770611,15.8367770611,15.5947997678,15.6457423559,423451,0.0,1.0
681,2015-01-20T00:00:00.000Z,24.83,25.12,24.62,25.12,368379,15.8113057671,15.9959726488,15.6775814734,15.9959726488,368379,0.0,1.0
682,2015-01-21T00:00:00.000Z,24.995,25.25,24.75,24.75,367589,15.9163748549,16.0787543543,15.760363179,15.760363179,367589,0.0,1.0
683,2015-01-22T00:00:00.000Z,25.27,25.46,24.84,25.0,804756,16.0914900014,16.212478648,15.8176735906,15.9195587667,804756,0.0,1.0
684,2015-01-23T00:00:00.000Z,25.66,26.0,25.05,25.2,304665,16.3398351181,16.5563411173,15.9513978842,16.0469152368,304665,0.0,1.0
685,2015-01-26T00:00:00.000Z,26.15,26.38,25.29,25.45,239938,16.6518584699,16.7983184106,16.1042256484,16.2061108245,239938,0.0,1.0
686,2015-01-27T00:00:00.000Z,26.38,26.47,25.8,26.15,441845,16.7983184106,16.8556288222,16.4289846472,16.6518584699,441845,0.0,1.0
687,2015-01-28T00:00:00.000Z,26.43,26.7,26.05,26.33,320773,16.8301575281,17.0020887628,16.5881802349,16.7664792931,320773,0.0,1.0
688,2015-01-29T00:00:00.000Z,26.22,26.6836,25.81,26.58,231744,16.6964332345,16.9916455323,16.4353524707,16.9256748807,231744,0.0,1.0
689,2015-01-30T00:00:00.000Z,26.3,26.39,25.66,26.04,428425,16.7473758225,16.8046862341,16.3398351181,16.5818124114,428425,0.0,1.0
690,2015-02-02T00:00:00.000Z,26.91,26.96,26.3,26.45,318556,17.1358130565,17.167652174,16.7473758225,16.8428931751,318556,0.0,1.0
691,2015-02-03T00:00:00.000Z,26.97,27.38,26.21,27.13,1032113,17.1740199975,17.4351007613,16.690065411,17.2759051736,1032113,0.0,1.0
692,2015-02-04T00:00:00.000Z,26.55,27.24,26.47,26.71,477560,16.9065714102,17.3459512322,16.8556288222,17.0084565863,477560,0.0,1.0
693,2015-02-05T00:00:00.000Z,26.49,27.0,26.37,26.79,443224,16.8683644692,17.193123468,16.7919505871,17.0593991744,443224,0.0,1.0
694,2015-02-06T00:00:00.000Z,26.61,27.1,26.5,26.55,581822,16.9447783513,17.2568017031,16.8747322927,16.9065714102,581822,0.0,1.0
695,2015-02-09T00:00:00.000Z,26.94,27.0,26.52,26.63,303409,17.154916527,17.193123468,16.8874679397,16.9575139983,303409,0.0,1.0
696,2015-02-10T00:00:00.000Z,27.05,27.24,26.82,26.98,536509,17.2249625855,17.3459512322,17.0785026449,17.180387821,536509,0.0,1.0
697,2015-02-11T00:00:00.000Z,27.63,28.11,27.16,28.0,763684,17.5942963489,17.8999518773,17.2950086441,17.8299058187,763684,0.0,1.0
698,2015-02-12T00:00:00.000Z,28.14,28.467,27.45,27.45,706338,17.9190553478,18.1272831764,17.4796755258,17.4796755258,706338,0.0,1.0
699,2015-02-13T00:00:00.000Z,28.18,28.625,27.91,28.49,618960,17.9445266418,18.2278947878,17.7725954071,18.1419291705,618960,0.0,1.0
700,2015-02-17T00:00:00.000Z,28.02,28.5,27.76,28.23,1141559,17.8426414657,18.148296994,17.6770780545,17.9763657593,1141559,0.0,1.0
701,2015-02-18T00:00:00.000Z,28.44,29.18,28.25,28.5,1301559,18.110090053,18.5813089925,17.9891014063,18.148296994,1301559,0.0,1.0
702,2015-02-19T00:00:00.000Z,27.02,27.17,26.8,26.8,902173,18.2310786996,18.3322875007,18.0826391247,18.0826391247,902173,1.61,1.0
703,2015-02-20T00:00:00.000Z,27.04,27.27,26.88,27.15,786103,18.2445732064,18.3997600347,18.1366171519,18.3187929939,786103,0.0,1.0
704,2015-02-23T00:00:00.000Z,26.45,27.18,26.2,27.0,870452,17.8464852555,18.3390347541,17.6778039204,18.2175841928,870452,0.0,1.0
705,2015-02-24T00:00:00.000Z,26.47,26.598,26.21,26.45,828333,17.8599797623,17.9463446059,17.6845511738,17.8464852555,828333,0.0,1.0
706,2015-02-25T00:00:00.000Z,26.08,26.58,25.83,26.58,1191764,17.5968368796,17.9341995498,17.4281555444,17.9341995498,1191764,0.0,1.0
707,2015-02-26T00:00:00.000Z,25.64,26.45,25.63,26.11,611346,17.2999577297,17.8464852555,17.2932104763,17.6170786398,611346,0.0,1.0
708,2015-02-27T00:00:00.000Z,25.85,26.04,25.66,25.89,461669,17.4416500512,17.5698478659,17.3134522366,17.4686390649,461669,0.0,1.0
709,2015-03-02T00:00:00.000Z,26.0,26.18,25.71,25.99,832152,17.5428588523,17.6643094136,17.3471885036,17.5361115989,832152,0.0,1.0
710,2015-03-03T00:00:00.000Z,25.93,26.18,25.8301,26.05,428525,17.4956280785,17.6643094136,17.428223017,17.5765951193,428525,0.0,1.0
711,2015-03-04T00:00:00.000Z,26.7,27.01,26.0499,26.14,1568940,18.0151665906,18.2243314462,17.5765276468,17.6373204,1568940,0.0,1.0
712,2015-03-05T00:00:00.000Z,26.97,27.18,26.33,26.33,1062636,18.1973424326,18.3390347541,17.7655182147,17.7655182147,1062636,0.0,1.0
713,2015-03-06T00:00:00.000Z,27.29,27.81,26.96,27.6,1731384,18.4132545415,18.7641117186,18.1905951792,18.6224193971,1731384,0.0,1.0
714,2015-03-09T00:00:00.000Z,27.24,27.549,27.0098,27.51,534418,18.3795182745,18.5880084047,18.2241965011,18.5616941164,534418,0.0,1.0
715,2015-03-10T00:00:00.000Z,27.21,27.24,26.56,27.15,505944,18.3592765143,18.3795182745,17.920705043,18.3187929939,505944,0.0,1.0
716,2015-03-11T00:00:00.000Z,26.83,27.23,26.63,27.14,372096,18.1028808849,18.3727710211,17.9679358168,18.3120457405,372096,0.0,1.0
717,2015-03-12T00:00:00.000Z,26.85,27.2,26.63,26.85,843481,18.1163753917,18.3525292609,17.9679358168,18.1163753917,843481,0.0,1.0
718,2015-03-13T00:00:00.000Z,26.28,27.0,26.14,26.91,609102,17.7317819476,18.2175841928,17.6373204,18.1568589121,609102,0.0,1.0
719,2015-03-16T00:00:00.000Z,26.25,26.3699,25.91,26.31,686701,17.7115401874,17.7924397558,17.4821335717,17.7520237079,686701,0.0,1.0
720,2015-03-17T00:00:00.000Z,26.31,26.36,26.0,26.28,369133,17.7520237079,17.7857599749,17.5428588523,17.7317819476,369133,0.0,1.0
721,2015-03-18T00:00:00.000Z,26.35,26.45,25.88,26.25,2689828,17.7790127215,17.8464852555,17.4618918115,17.7115401874,2689828,0.0,1.0
722,2015-03-19T00:00:00.000Z,26.18,26.5,26.05,26.25,331863,17.6643094136,17.8802215226,17.5765951193,17.7115401874,331863,0.0,1.0
723,2015-03-20T00:00:00.000Z,26.68,26.78,26.36,26.58,717260,18.0016720838,18.0691446179,17.7857599749,17.9341995498,717260,0.0,1.0
724,2015-03-23T00:00:00.000Z,26.85,27.16,26.55,26.55,893747,18.1163753917,18.3255402473,17.9139577896,17.9139577896,893747,0.0,1.0
725,2015-03-24T00:00:00.000Z,27.07,27.2,26.5502,26.8,398668,18.2648149666,18.3525292609,17.9140927346,18.0826391247,398668,0.0,1.0
726,2015-03-25T00:00:00.000Z,26.62,27.16,26.46,27.08,774831,17.9611885634,18.3255402473,17.8532325089,18.27156222,774831,0.0,1.0
727,2015-03-26T00:00:00.000Z,26.38,26.78,26.18,26.59,278794,17.7992544817,18.0691446179,17.6643094136,17.9409468032,278794,0.0,1.0
728,2015-03-27T00:00:00.000Z,26.98,27.07,26.12,26.49,482843,18.204089686,18.2648149666,17.6238258932,17.8734742691,482843,0.0,1.0
729,2015-03-30T00:00:00.000Z,27.08,27.37,26.91,27.23,362588,18.27156222,18.4672325688,18.1568589121,18.3727710211,362588,0.0,1.0
730,2015-03-31T00:00:00.000Z,27.1,27.24,26.98,27.12,245619,18.2850567268,18.3795182745,18.204089686,18.2985512336,245619,0.0,1.0
731,2015-04-01T00:00:00.000Z,27.81,27.92,27.11,27.18,601238,18.7641117186,18.838331506,18.2918039802,18.3390347541,601238,0.0,1.0
732,2015-04-02T00:00:00.000Z,27.8,27.91,27.4854,27.87,421917,18.7573644652,18.8315842526,18.5450958731,18.804595239,421917,0.0,1.0
733,2015-04-06T00:00:00.000Z,27.68,27.94,27.57,27.71,469348,18.6763974243,18.8518260128,18.6021776369,18.6966391845,469348,0.0,1.0
734,2015-04-07T00:00:00.000Z,27.94,28.08,27.7201,27.81,699465,18.8518260128,18.9462875605,18.7034539105,18.7641117186,699465,0.0,1.0
735,2015-04-08T00:00:00.000Z,27.77,28.075,27.62,27.92,349088,18.737122705,18.9429139338,18.6359139039,18.838331506,349088,0.0,1.0
736,2015-04-09T00:00:00.000Z,27.54,28.2,27.315,28.06,524864,18.5819358766,19.0272546014,18.430122675,18.9327930537,524864,0.0,1.0
737,2015-04-10T00:00:00.000Z,27.81,28.22,27.32,27.5,474685,18.7641117186,19.0407491082,18.4334963017,18.554946863,474685,0.0,1.0
738,2015-04-13T00:00:00.000Z,28.1,28.25,27.85,28.25,553207,18.9597820673,19.0609908684,18.7911007322,19.0609908684,553207,0.0,1.0
739,2015-04-14T00:00:00.000Z,28.29,28.49,27.83,28.15,539373,19.087979882,19.2229249501,18.7776062254,18.9935183343,539373,0.0,1.0
740,2015-04-15T00:00:00.000Z,28.33,28.5,28.18,28.49,345231,19.1149688956,19.2296722035,19.0137600945,19.2229249501,345231,0.0,1.0
741,2015-04-16T00:00:00.000Z,28.71,29.03,28.34,28.42,836311,19.371364525,19.5872766339,19.121716149,19.1756941763,836311,0.0,1.0
742,2015-04-17T00:00:00.000Z,28.71,28.93,28.4,28.46,1462993,19.371364525,19.5198040999,19.1621996695,19.2026831899,1462993,0.0,1.0
743,2015-04-20T00:00:00.000Z,29.73,29.74,28.8901,28.99,1150987,20.0595843723,20.0663316257,19.4928825588,19.5602876203,1150987,0.0,1.0
744,2015-04-21T00:00:00.000Z,29.39,29.8,29.09,29.8,972920,19.8301777565,20.1068151461,19.6277601544,20.1068151461,972920,0.0,1.0
745,2015-04-22T00:00:00.000Z,29.75,29.79,29.2,29.49,1103689,20.0730788791,20.1000678927,19.7019799418,19.8976502906,1103689,0.0,1.0
746,2015-04-23T00:00:00.000Z,29.87,30.23,28.39,28.39,1223735,20.1540459199,20.3969470425,19.155452416,19.155452416,1223735,0.0,1.0
747,2015-04-24T00:00:00.000Z,29.77,30.22,29.54,29.91,545186,20.0865733859,20.3901997891,19.9313865576,20.1810349336,545186,0.0,1.0
748,2015-04-27T00:00:00.000Z,29.79,30.32,29.71,30.09,489614,20.1000678927,20.4576723232,20.0460898655,20.3024854949,489614,0.0,1.0
749,2015-04-28T00:00:00.000Z,29.95,30.0,29.26,29.89,663618,20.2080239472,20.2417602142,19.7424634623,20.1675404268,663618,0.0,1.0
750,2015-04-29T00:00:00.000Z,29.78,30.11,29.02,29.95,1125769,20.0933206393,20.3159800017,19.5805293805,20.2080239472,1125769,0.0,1.0
751,2015-04-30T00:00:00.000Z,30.19,30.68,29.76,29.76,1279473,20.3699580289,20.7005734457,20.0798261325,20.0798261325,1279473,0.0,1.0
752,2015-05-01T00:00:00.000Z,30.84,30.99,30.22,30.3,853122,20.8085295002,20.9097383013,20.3901997891,20.4441778164,853122,0.0,1.0
753,2015-05-04T00:00:00.000Z,31.49,31.88,30.83,30.84,2794547,21.2471009715,21.5102438543,20.8017822468,20.8085295002,2794547,0.0,1.0
754,2015-05-05T00:00:00.000Z,30.87,31.75,30.7048,31.35,2175760,20.8287712604,21.42252956,20.7173066342,21.1526394238,2175760,0.0,1.0
755,2015-05-06T00:00:00.000Z,30.25,31.0445,30.16,30.86,585426,20.4104415493,20.9465108323,20.3497162687,20.822024007,585426,0.0,1.0
756,2015-05-07T00:00:00.000Z,30.08,30.33,29.77,30.31,743248,20.2957382414,20.4644195766,20.0865733859,20.4509250698,743248,0.0,1.0
757,2015-05-08T00:00:00.000Z,30.21,30.495,29.925,30.4,948847,20.3834525357,20.5757492577,20.1911558137,20.5116503504,948847,0.0,1.0
758,2015-05-11T00:00:00.000Z,29.95,30.4499,29.85,29.9,457456,20.2080239472,20.5453191449,20.1405514131,20.1742876802,457456,0.0,1.0
759,2015-05-12T00:00:00.000Z,29.8,29.98,29.63,29.89,383653,20.1068151461,20.2282657074,19.9921118382,20.1675404268,383653,0.0,1.0
760,2015-05-13T00:00:00.000Z,29.68,30.0,29.51,30.0,438534,20.2485074676,20.4668202166,20.1325288197,20.4668202166,438534,0.33,1.0
761,2015-05-14T00:00:00.000Z,29.71,30.13,29.59,29.71,462765,20.2689742878,20.5555097709,20.187107007,20.2689742878,462765,0.0,1.0
762,2015-05-15T00:00:00.000Z,29.73,30.0,29.72,29.86,403221,20.2826188346,20.4668202166,20.2757965612,20.3713083889,403221,0.0,1.0
763,2015-05-18T00:00:00.000Z,29.96,30.07,29.5,29.56,743249,20.439531123,20.5145761304,20.1257065463,20.1666401867,743249,0.0,1.0
764,2015-05-19T00:00:00.000Z,30.09,30.16,29.59,30.09,706492,20.5282206772,20.5759765911,20.187107007,20.5282206772,706492,0.0,1.0
765,2015-05-20T00:00:00.000Z,30.13,30.3,29.51,29.9,555703,20.5555097709,20.6714884188,20.1325288197,20.3985974825,555703,0.0,1.0
766,2015-05-21T00:00:00.000Z,30.25,30.43,30.1,30.23,259879,20.6373770517,20.760177973,20.5350429506,20.6237325049,259879,0.0,1.0
767,2015-05-22T00:00:00.000Z,30.45,30.53,30.17,30.2,284317,20.7738225198,20.8284007071,20.5827988645,20.6032656847,284317,0.0,1.0
768,2015-05-26T00:00:00.000Z,30.31,30.613,30.09,30.49,264355,20.6783106922,20.8850255764,20.5282206772,20.8011116135,264355,0.0,1.0
769,2015-05-27T00:00:00.000Z,30.49,30.64,30.13,30.43,386298,20.8011116135,20.9034457145,20.5555097709,20.760177973,386298,0.0,1.0
770,2015-05-28T00:00:00.000Z,30.79,30.805,30.4,30.42,365863,21.0057798156,21.0160132257,20.7397111528,20.7533556996,365863,0.0,1.0
771,2015-05-29T00:00:00.000Z,30.83,30.99,30.46,30.78,471955,21.0330689093,21.1422252837,20.7806447932,20.9989575422,471955,0.0,1.0
772,2015-06-01T00:00:00.000Z,30.97,31.0601,30.7443,30.95,652578,21.1285807369,21.1900494203,20.9746020262,21.1149361901,652578,0.0,1.0
773,2015-06-02T00:00:00.000Z,29.45,29.83,29.115,29.61,3210365,20.0915951793,20.3508415687,19.8630490202,20.2007515538,3210365,0.0,1.0
774,2015-06-03T00:00:00.000Z,29.18,29.71,29.17,29.6,762960,19.9073937973,20.2689742878,19.9005715239,20.1939292804,762960,0.0,1.0
775,2015-06-04T00:00:00.000Z,29.27,29.29,28.95,29.15,394137,19.968794258,19.9824388048,19.750481509,19.8869269771,394137,0.0,1.0
776,2015-06-05T00:00:00.000Z,29.43,29.58,29.1,29.25,627366,20.0779506325,20.1802847336,19.8528156101,19.9551497112,627366,0.0,1.0
777,2015-06-08T00:00:00.000Z,29.21,29.43,29.03,29.14,442865,19.9278606176,20.0779506325,19.8050596963,19.8801047037,442865,0.0,1.0
778,2015-06-09T00:00:00.000Z,29.0,29.2899,28.46,29.12,716592,19.784592876,19.9823705821,19.4161901121,19.8664601569,716592,0.0,1.0
779,2015-06-10T00:00:00.000Z,28.97,29.33,28.86,29.15,949663,19.7641260558,20.0097278984,19.6890810484,19.8869269771,949663,0.0,1.0
780,2015-06-11T00:00:00.000Z,29.07,29.555,29.03,29.12,711333,19.8323487899,20.16322905,19.8050596963,19.8664601569,711333,0.0,1.0
781,2015-06-12T00:00:00.000Z,28.74,29.02,28.5,28.9,763794,19.6072137675,19.7982374228,19.4434792058,19.716370142,763794,0.0,1.0
782,2015-06-15T00:00:00.000Z,28.18,28.5,27.79,28.5,1473486,19.2251664568,19.4434792058,18.959097794,19.4434792058,1473486,0.0,1.0
783,2015-06-16T00:00:00.000Z,28.41,28.56,28.1,28.17,784458,19.3820787451,19.4844128462,19.1705882695,19.2183441834,784458,0.0,1.0
784,2015-06-17T00:00:00.000Z,28.39,28.69,28.1336,28.51,274892,19.3684341983,19.5731024005,19.1935111082,19.4503014792,274892,0.0,1.0
785,2015-06-18T00:00:00.000Z,28.49,28.8,28.21,28.46,645402,19.4366569324,19.6481474079,19.245633277,19.4161901121,645402,0.0,1.0
786,2015-06-19T00:00:00.000Z,28.61,28.74,28.23,28.5,805492,19.5185242132,19.6072137675,19.2592778238,19.4434792058,805492,0.0,1.0
787,2015-06-22T00:00:00.000Z,28.56,28.96,28.04,28.89,1018329,19.4844128462,19.7573037824,19.1296546291,19.7095478686,1018329,0.0,1.0
788,2015-06-23T00:00:00.000Z,28.98,29.24,28.39,28.39,1323214,19.7709483292,19.9483274378,19.3684341983,19.3684341983,1323214,0.0,1.0
789,2015-06-24T00:00:00.000Z,28.65,29.11,28.47,28.9,958225,19.5458133068,19.8596378835,19.4230123855,19.716370142,958225,0.0,1.0
790,2015-06-25T00:00:00.000Z,28.71,29.1,28.55,28.76,1715178,19.5867469473,19.8528156101,19.4775905728,19.6208583143,1715178,0.0,1.0
791,2015-06-26T00:00:00.000Z,28.54,28.92,28.38,28.58,592310,19.4707682994,19.7300146888,19.3616119249,19.498057393,592310,0.0,1.0
792,2015-06-29T00:00:00.000Z,28.01,28.51,27.85,28.11,596528,19.1091878089,19.4503014792,19.0000314344,19.1774105429,596528,0.0,1.0
793,2015-06-30T00:00:00.000Z,28.15,28.51,27.85,28.29,657594,19.2046996366,19.4503014792,19.0000314344,19.3002114642,657594,0.0,1.0
794,2015-07-01T00:00:00.000Z,28.21,28.65,28.0,28.31,270630,19.245633277,19.5458133068,19.1023655355,19.3138560111,270630,0.0,1.0
795,2015-07-02T00:00:00.000Z,28.63,28.745,28.1,28.4,480527,19.53216876,19.6106249042,19.1705882695,19.3752564717,480527,0.0,1.0
796,2015-07-06T00:00:00.000Z,27.99,28.62,27.76,28.46,503229,19.0955432621,19.5253464866,18.9386309738,19.4161901121,503229,0.0,1.0
797,2015-07-07T00:00:00.000Z,27.94,27.99,26.63,27.91,1052712,19.0614318951,19.0955432621,18.1677140789,19.0409650748,1052712,0.0,1.0
798,2015-07-08T00:00:00.000Z,26.94,27.85,26.85,27.73,424545,18.3792045545,19.0000314344,18.3178040938,18.9181641535,424545,0.0,1.0
799,2015-07-09T00:00:00.000Z,27.44,27.74,27.03,27.11,359622,18.7203182248,18.9249864269,18.4406050151,18.4951832024,359622,0.0,1.0
800,2015-07-10T00:00:00.000Z,27.44,27.85,27.09,27.6,535111,18.7203182248,19.0000314344,18.4815386556,18.8294745993,535111,0.0,1.0
801,2015-07-13T00:00:00.000Z,27.83,27.93,27.47,27.7,805271,18.9863868876,19.0546096216,18.740785045,18.8976973333,805271,0.0,1.0
802,2015-07-14T00:00:00.000Z,28.39,28.615,27.67,27.67,953279,19.3684341983,19.5219353499,18.8772305131,18.8772305131,953279,0.0,1.0
803,2015-07-15T00:00:00.000Z,28.47,28.75,28.14,28.6,496910,19.4230123855,19.6140360409,19.1978773632,19.5117019398,496910,0.0,1.0
804,2015-07-16T00:00:00.000Z,28.43,28.96,28.31,28.96,432120,19.3957232919,19.7573037824,19.3138560111,19.7573037824,432120,0.0,1.0
805,2015-07-17T00:00:00.000Z,28.41,28.72,28.21,28.58,390406,19.3820787451,19.5935692207,19.245633277,19.498057393,390406,0.0,1.0
806,2015-07-20T00:00:00.000Z,27.8,28.41,27.77,28.21,353453,18.9659200674,19.3820787451,18.9454532472,19.245633277,353453,0.0,1.0
807,2015-07-21T00:00:00.000Z,28.02,28.07,27.51,27.79,614430,19.1160100823,19.1501214493,18.7680741386,18.959097794,614430,0.0,1.0
808,2015-07-22T00:00:00.000Z,27.61,28.25,27.39,27.84,742848,18.8362968727,19.2729223706,18.6862068577,18.993209161,742848,0.0,1.0
809,2015-07-23T00:00:00.000Z,26.9,27.8499,26.66,27.8,661435,18.3519154609,18.9999632117,18.1881808991,18.9659200674,661435,0.0,1.0
810,2015-07-24T00:00:00.000Z,26.15,27.255,26.01,27.13,747801,17.8402449555,18.5941061668,17.7447331278,18.5088277492,747801,0.0,1.0
811,2015-07-27T00:00:00.000Z,25.99,26.3399,25.61,25.91,656759,17.731088581,17.9697999274,17.4718421916,17.6765103937,656759,0.0,1.0
812,2015-07-28T00:00:00.000Z,26.02,26.33,25.66,26.03,1018164,17.7515554012,17.9630458768,17.5059535586,17.7583776746,1018164,0.0,1.0
813,2015-07-29T00:00:00.000Z,26.35,26.67,25.5001,26.41,983543,17.9766904236,18.1950031725,17.3968654068,18.017624064,983543,0.0,1.0
814,2015-07-30T00:00:00.000Z,26.53,26.74,26.1,26.5,413649,18.0994913449,18.2427590864,17.8061335884,18.0790245247,413649,0.0,1.0
815,2015-07-31T00:00:00.000Z,26.61,26.85,26.33,26.68,369561,18.1540695321,18.3178040938,17.9630458768,18.201825446,369561,0.0,1.0
816,2015-08-03T00:00:00.000Z,26.05,26.67,26.0,26.67,1662426,17.7720222214,18.1950031725,17.7379108544,18.1950031725,1662426,0.0,1.0
817,2015-08-04T00:00:00.000Z,25.93,26.2605,25.5,25.5,1368037,17.6901549405,17.9156310766,17.3967971841,17.3967971841,1368037,0.0,1.0
818,2015-08-05T00:00:00.000Z,25.48,26.5,25.29,26.4,804190,17.3831526373,18.0790245247,17.2535294426,18.0108017906,804190,0.0,1.0
819,2015-08-06T00:00:00.000Z,25.15,25.84,24.7699,25.84,983454,17.1580176149,17.6287544799,16.8987030028,17.6287544799,983454,0.0,1.0
820,2015-08-07T00:00:00.000Z,25.02,25.26,24.45,25.14,689679,17.0693280606,17.2330626224,16.6804584765,17.1511953415,689679,0.0,1.0
821,2015-08-10T00:00:00.000Z,25.17,25.45,24.7,25.12,815580,17.1716621617,17.3626858171,16.8510153117,17.1375507947,815580,0.0,1.0
822,2015-08-11T00:00:00.000Z,24.28,25.26,23.83,25.2,1490174,16.5644798286,17.2330626224,16.2574775254,17.1921289819,1490174,0.0,1.0
823,2015-08-12T00:00:00.000Z,24.2,24.29,23.4,24.1,807238,16.5099016414,16.571302102,15.9641197689,16.4416789073,807238,0.0,1.0
824,2015-08-13T00:00:00.000Z,24.33,24.85,24.04,24.53,917806,16.5985911957,16.9533494127,16.4007452669,16.7350366638,917806,0.0,1.0
825,2015-08-14T00:00:00.000Z,24.79,25.08,24.33,24.33,815225,16.9124157723,17.1102617011,16.5985911957,16.5985911957,815225,0.0,1.0
826,2015-08-17T00:00:00.000Z,23.63,24.24,23.29,24.05,658410,16.7282143904,17.1600472629,16.4875206581,17.0255419419,658410,0.89,1.0
827,2015-08-18T00:00:00.000Z,23.04,23.6,22.06,22.18,1554072,16.3105399727,16.7069767081,15.6167756856,15.7017264147,1554072,0.0,1.0
828,2015-08-19T00:00:00.000Z,22.57,23.22,22.47,22.79,754583,15.977816284,16.4379660662,15.9070240098,16.1335592872,754583,0.0,1.0
829,2015-08-20T00:00:00.000Z,21.45,22.55,21.43,22.24,1121607,15.1849428131,15.9636578291,15.1707843582,15.7442017792,1121607,0.0,1.0
830,2015-08-21T00:00:00.000Z,21.16,21.62,20.87,21.33,1312940,14.9796452179,15.3052896792,14.7743476228,15.0999920841,1312940,0.0,1.0
831,2015-08-24T00:00:00.000Z,19.98,21.13,19.71,20.13,1482995,14.1442963825,14.9584075357,13.9531572422,14.2504847938,1482995,0.0,1.0
832,2015-08-25T00:00:00.000Z,20.35,21.8372,20.35,21.74,2202466,14.406227797,15.4590504987,14.406227797,15.3902404082,2202466,0.0,1.0
833,2015-08-26T00:00:00.000Z,21.11,21.21,20.41,20.69,903616,14.9442490809,15.015041355,14.4487031615,14.6469215293,903616,0.0,1.0
834,2015-08-27T00:00:00.000Z,22.33,22.66,21.73,22.08,1466184,15.8079148259,16.0415293307,15.3831611808,15.6309341405,1466184,0.0,1.0
835,2015-08-28T00:00:00.000Z,21.9,22.5449,21.802,22.23,656785,15.5035080469,15.9600474232,15.4341316182,15.7371225517,656785,0.0,1.0
836,2015-08-31T00:00:00.000Z,21.16,21.88,21.02,21.69,994911,14.9796452179,15.4893495921,14.8805360341,15.3548442711,994911,0.0,1.0
837,2015-09-01T00:00:00.000Z,20.16,21.09,20.07,20.8,1112751,14.2717224761,14.930090626,14.2080094293,14.7247930309,1112751,0.0,1.0
838,2015-09-02T00:00:00.000Z,19.96,20.5277,19.64,20.46,1295271,14.1301379277,14.5320256683,13.9036026503,14.4840992986,1295271,0.0,1.0
839,2015-09-03T00:00:00.000Z,20.56,21.26,20.05,20.33,819220,14.5548915728,15.0504374921,14.1938509745,14.3920693422,819220,0.0,1.0
840,2015-09-04T00:00:00.000Z,20.17,20.5,19.81,20.19,578086,14.2788017035,14.5124162083,14.0239495164,14.2929601583,578086,0.0,1.0
841,2015-09-08T00:00:00.000Z,20.91,20.96,20.49,20.67,471348,14.8026645325,14.8380606696,14.5053369809,14.6327630744,471348,0.0,1.0
842,2015-09-09T00:00:00.000Z,20.66,21.3099,20.56,21.06,426584,14.625683847,15.085762837,14.5548915728,14.9088529438,426584,0.0,1.0
843,2015-09-10T00:00:00.000Z,20.46,20.75,20.25,20.6,322005,14.4840992986,14.6893968938,14.3354355228,14.5832084825,322005,0.0,1.0
844,2015-09-11T00:00:00.000Z,20.59,20.77,20.19,20.48,410351,14.5761292551,14.7035553486,14.2929601583,14.4982577535,410351,0.0,1.0
845,2015-09-14T00:00:00.000Z,20.35,20.61,20.09,20.54,359790,14.406227797,14.5902877099,14.2221678841,14.540733118,359790,0.0,1.0
846,2015-09-15T00:00:00.000Z,20.49,20.64,20.13,20.24,481853,14.5053369809,14.6115253922,14.2504847938,14.3283562954,481853,0.0,1.0
847,2015-09-16T00:00:00.000Z,20.22,20.76,20.18,20.73,515359,14.3141978406,14.6964761212,14.2858809309,14.6752384389,515359,0.0,1.0
848,2015-09-17T00:00:00.000Z,20.72,21.2,20.18,20.47,757706,14.6681592115,15.0079621276,14.2858809309,14.4911785261,757706,0.0,1.0
849,2015-09-18T00:00:00.000Z,19.99,20.61,19.98,20.61,1283657,14.15137561,14.5902877099,14.1442963825,14.5902877099,1283657,0.0,1.0
850,2015-09-21T00:00:00.000Z,20.05,20.31,19.95,20.31,605420,14.1938509745,14.3779108874,14.1230587003,14.3779108874,605420,0.0,1.0
851,2015-09-22T00:00:00.000Z,19.58,20.34,19.4101,19.98,790498,13.8611272858,14.3991485696,13.7408512119,14.1442963825,790498,0.0,1.0
852,2015-09-23T00:00:00.000Z,19.19,19.75,19.11,19.65,552121,13.5850374165,13.9814741519,13.5284035971,13.9106818777,552121,0.0,1.0
853,2015-09-24T00:00:00.000Z,18.58,19.1,18.14,19.0,1012515,13.1532045439,13.5213243697,12.8417185375,13.4505320955,1012515,0.0,1.0
854,2015-09-25T00:00:00.000Z,18.38,19.01,18.36,19.01,1140861,13.0116199955,13.4576113229,12.9974615407,13.4576113229,1140861,0.0,1.0
855,2015-09-28T00:00:00.000Z,17.3,18.38,17.2,18.25,1042895,12.2470634343,13.0116199955,12.1762711601,12.9195900391,1042895,0.0,1.0
856,2015-09-29T00:00:00.000Z,16.75,17.61,16.675,17.5,1094135,11.8577059263,12.4665194843,11.8046117207,12.3886479827,1094135,0.0,1.0
857,2015-09-30T00:00:00.000Z,16.8,17.105,16.6,17.09,885605,11.8931020634,12.1090184997,11.751517515,12.0983996585,885605,0.0,1.0
858,2015-10-01T00:00:00.000Z,16.52,17.05,16.5,16.77,611835,11.6948836957,12.0700827489,11.6807252408,11.8718643811,611835,0.0,1.0
859,2015-10-02T00:00:00.000Z,16.87,16.927,16.44,16.5,1106685,11.9426566553,11.9830082516,11.6382498763,11.6807252408,1106685,0.0,1.0
860,2015-10-05T00:00:00.000Z,18.42,18.42,17.0,17.07,1718619,13.0399369052,13.0399369052,12.0346866118,12.0842412037,1718619,0.0,1.0
861,2015-10-06T00:00:00.000Z,18.44,19.22,18.14,18.91,760342,13.0540953601,13.6062750987,12.8417185375,13.3868190487,760342,0.0,1.0
862,2015-10-07T00:00:00.000Z,18.96,19.25,18.45,18.59,1079694,13.4222151858,13.627512781,13.0611745875,13.1602837713,1079694,0.0,1.0
863,2015-10-08T00:00:00.000Z,18.89,19.3464,18.73,19.13,1084551,13.3726605939,13.6957565333,13.2593929552,13.542562052,1084551,0.0,1.0
864,2015-10-09T00:00:00.000Z,19.27,19.41,18.9,18.95,748108,13.6416712358,13.7407804197,13.3797398213,13.4151359584,748108,0.0,1.0
865,2015-10-12T00:00:00.000Z,19.16,19.95,18.82,19.9,926652,13.5637997342,14.1230587003,13.323106002,14.0876625632,926652,0.0,1.0
866,2015-10-13T00:00:00.000Z,19.35,19.4199,18.75,18.75,1023059,13.6983050552,13.7477888548,13.27355141,13.27355141,1023059,0.0,1.0
867,2015-10-14T00:00:00.000Z,19.1,19.77,19.02,19.57,833217,13.5213243697,13.9956326067,13.4646905503,13.8540480584,833217,0.0,1.0
868,2015-10-15T00:00:00.000Z,19.35,19.42,18.94,19.11,521760,13.6983050552,13.7478596471,13.408056731,13.5284035971,521760,0.0,1.0
869,2015-10-16T00:00:00.000Z,19.5,19.56,19.18,19.5,504454,13.8044934664,13.846968831,13.577958189,13.8044934664,504454,0.0,1.0
870,2015-10-19T00:00:00.000Z,18.71,19.45,18.665,19.3,585129,13.2452345004,13.7690973293,13.213377977,13.6629089181,585129,0.0,1.0
871,2015-10-20T00:00:00.000Z,18.8,19.0,18.51,18.85,561827,13.3089475471,13.4505320955,13.103649952,13.3443436842,561827,0.0,1.0
872,2015-10-21T00:00:00.000Z,18.79,18.98,18.629,18.82,511255,13.3018683197,13.4363736407,13.1878927583,13.323106002,511255,0.0,1.0
873,2015-10-22T00:00:00.000Z,18.82,19.363,18.75,18.95,606297,13.323106002,13.7075080508,13.27355141,13.4151359584,606297,0.0,1.0
874,2015-10-23T00:00:00.000Z,19.04,19.24,18.91,19.13,592706,13.4788490052,13.6204335536,13.3868190487,13.542562052,592706,0.0,1.0
875,2015-10-26T00:00:00.000Z,19.37,19.39,19.08,19.1,479680,13.71246351,13.7266219648,13.5071659149,13.5213243697,479680,0.0,1.0
876,2015-10-27T00:00:00.000Z,19.26,19.47,18.93,19.2,655289,13.6345920084,13.7832557842,13.4009775036,13.5921166439,655289,0.0,1.0
877,2015-10-28T00:00:00.000Z,18.83,19.39,18.65,18.87,1017619,13.3301852294,13.7266219648,13.2027591359,13.3585021391,1017619,0.0,1.0
878,2015-10-29T00:00:00.000Z,19.04,19.45,18.65,18.69,999260,13.4788490052,13.7690973293,13.2027591359,13.2310760455,999260,0.0,1.0
879,2015-10-30T00:00:00.000Z,18.74,19.24,18.66,19.0,920004,13.2664721826,13.6204335536,13.2098383633,13.4505320955,920004,0.0,1.0
880,2015-11-02T00:00:00.000Z,20.08,20.19,18.66,18.86,995228,14.2150886567,14.2929601583,13.2098383633,13.3514229116,995228,0.0,1.0
881,2015-11-03T00:00:00.000Z,20.42,20.445,19.91,20.15,863460,14.455782389,14.4734804575,14.0947417906,14.2646432487,863460,0.0,1.0
882,2015-11-04T00:00:00.000Z,20.55,20.62,20.235,20.58,605198,14.5478123454,14.5973669373,14.3248166817,14.5690500277,605198,0.0,1.0
883,2015-11-05T00:00:00.000Z,20.04,20.65,19.93,20.6,550362,14.1867717471,14.6186046196,14.1089002454,14.5832084825,550362,0.0,1.0
884,2015-11-06T00:00:00.000Z,19.62,20.09,19.35,20.09,627967,13.8894441955,14.2221678841,13.6983050552,14.2221678841,627967,0.0,1.0
885,2015-11-09T00:00:00.000Z,18.97,19.809,18.85,19.74,906014,13.4292944133,14.0232415937,13.3443436842,13.9743949245,906014,0.0,1.0
886,2015-11-10T00:00:00.000Z,18.61,19.24,18.42,19.24,1002356,13.1744422262,13.6204335536,13.0399369052,13.6204335536,1002356,0.0,1.0
887,2015-11-11T00:00:00.000Z,18.44,18.93,18.35,18.66,1109140,13.0540953601,13.4009775036,12.9903823133,13.2098383633,1109140,0.0,1.0
888,2015-11-12T00:00:00.000Z,17.74,18.51,17.65,18.5,1269838,12.9549861762,13.5172939189,12.8892618946,13.509991221,1269838,0.56,1.0
889,2015-11-13T00:00:00.000Z,17.57,17.67,17.41,17.6,874414,12.8308403109,12.9038672905,12.7139971436,12.8527484048,874414,0.0,1.0
890,2015-11-16T00:00:00.000Z,17.35,18.17,17.1,17.53,954734,12.6701809559,13.2690021884,12.4876135069,12.8016295191,954734,0.0,1.0
891,2015-11-17T00:00:00.000Z,17.17,17.498,17.09,17.35,1090895,12.5387323926,12.7782608856,12.480310809,12.6701809559,1090895,0.0,1.0
892,2015-11-18T00:00:00.000Z,17.255,17.44,17.05,17.13,1209790,12.6008053253,12.7359052375,12.4511000171,12.5095216008,1209790,0.0,1.0
893,2015-11-19T00:00:00.000Z,17.33,17.4492,17.12,17.38,617442,12.65557556,12.7426237196,12.5022189028,12.6920890497,617442,0.0,1.0
894,2015-11-20T00:00:00.000Z,17.47,17.56,17.2601,17.27,676666,12.7578133314,12.823537613,12.6045297012,12.6117593722,676666,0.0,1.0
895,2015-11-23T00:00:00.000Z,17.92,18.07,17.5,17.53,662690,13.0864347394,13.1959752088,12.7797214252,12.8016295191,662690,0.0,1.0
896,2015-11-24T00:00:00.000Z,18.06,18.16,17.84,18.04,609430,13.1886725108,13.2616994904,13.0280131558,13.1740671149,609430,0.0,1.0
897,2015-11-25T00:00:00.000Z,18.03,18.3,17.91,18.24,836678,13.166764417,13.3639372618,13.0791320415,13.3201210741,836678,0.0,1.0
898,2015-11-27T00:00:00.000Z,18.04,18.09,17.94,18.07,192225,13.1740671149,13.2105806047,13.1010401353,13.1959752088,192225,0.0,1.0
899,2015-11-30T00:00:00.000Z,18.03,18.4,17.95,17.95,1069306,13.166764417,13.4369642414,13.1083428333,13.1083428333,1069306,0.0,1.0
900,2015-12-01T00:00:00.000Z,17.86,18.15,17.69,18.04,571850,13.0426185517,13.2543967924,12.9184726864,13.1740671149,571850,0.0,1.0
901,2015-12-02T00:00:00.000Z,17.53,17.92,17.4689,17.74,1198643,12.8016295191,13.0864347394,12.7570100346,12.9549861762,1198643,0.0,1.0
902,2015-12-03T00:00:00.000Z,17.48,17.76,17.38,17.53,623632,12.7651160293,12.9695915721,12.6920890497,12.8016295191,623632,0.0,1.0
903,2015-12-04T00:00:00.000Z,17.33,17.6185,17.13,17.56,1077895,12.65557556,12.866258396,12.5095216008,12.823537613,1077895,0.0,1.0
904,2015-12-07T00:00:00.000Z,17.17,17.44,16.82,17.17,1406434,12.5387323926,12.7359052375,12.2831379641,12.5387323926,1406434,0.0,1.0
905,2015-12-08T00:00:00.000Z,16.6,17.06,16.51,16.79,2526491,12.1224786091,12.4584027151,12.0567543275,12.2612298703,2526491,0.0,1.0
906,2015-12-09T00:00:00.000Z,16.54,17.23,16.5,16.52,770147,12.0786624213,12.5825485804,12.0494516295,12.0640570254,770147,0.0,1.0
907,2015-12-10T00:00:00.000Z,16.51,17.11,16.5,16.5,676915,12.0567543275,12.4949162049,12.0494516295,12.0494516295,676915,0.0,1.0
908,2015-12-11T00:00:00.000Z,15.68,16.35,15.53,16.34,2382224,11.450630397,11.9399111601,11.3410899276,11.9326084622,2382224,0.0,1.0
909,2015-12-14T00:00:00.000Z,15.17,16.0,14.92,15.66,1426324,11.0781928012,11.6843167316,10.8956253522,11.4360250011,1426324,0.0,1.0
910,2015-12-15T00:00:00.000Z,15.69,15.8126,14.7799,15.0,773655,11.457933095,11.5474641719,10.7933145539,10.9540469359,773655,0.0,1.0
911,2015-12-16T00:00:00.000Z,15.67,15.77,15.4,15.45,1212695,11.443327699,11.5163546786,11.2461548542,11.282668344,1212695,0.0,1.0
912,2015-12-17T00:00:00.000Z,15.93,15.95,15.55,15.64,2028671,11.6331978459,11.6478032418,11.3556953236,11.4214196052,2028671,0.0,1.0
913,2015-12-18T00:00:00.000Z,15.61,16.1425,15.595,16.0,751284,11.3995115113,11.7883801775,11.3885574644,11.6843167316,751284,0.0,1.0
914,2015-12-21T00:00:00.000Z,15.8,15.98,15.56,15.87,645863,11.5382627725,11.6697113357,11.3629980215,11.5893816582,645863,0.0,1.0
915,2015-12-22T00:00:00.000Z,15.68,15.87,15.47,15.78,759786,11.450630397,11.5893816582,11.2972737399,11.5236573766,759786,0.0,1.0
916,2015-12-23T00:00:00.000Z,16.07,16.14,15.77,15.78,798661,11.7354356173,11.786554503,11.5163546786,11.5236573766,798661,0.0,1.0
917,2015-12-24T00:00:00.000Z,16.08,16.25,15.91,16.03,260891,11.7427383153,11.8668841806,11.61859245,11.7062248255,260891,0.0,1.0
918,2015-12-28T00:00:00.000Z,15.87,16.052,15.62,15.91,803223,11.5893816582,11.722290761,11.4068142093,11.61859245,803223,0.0,1.0
919,2015-12-29T00:00:00.000Z,15.78,15.92,15.73,15.87,733514,11.5236573766,11.625895148,11.4871438868,11.5893816582,733514,0.0,1.0
920,2015-12-30T00:00:00.000Z,15.62,15.85,15.04,15.06,872223,11.4068142093,11.5747762623,10.9832577277,10.9978631237,872223,0.0,1.0
921,2015-12-31T00:00:00.000Z,15.62,15.77,15.46,15.46,687469,11.4068142093,11.5163546786,11.2899710419,11.2899710419,687469,0.0,1.0
922,2016-01-04T00:00:00.000Z,15.56,15.61,15.04,15.11,680626,11.3629980215,11.3995115113,10.9832577277,11.0343766134,680626,0.0,1.0
923,2016-01-05T00:00:00.000Z,15.54,15.85,15.47,15.85,750344,11.3483926256,11.5747762623,11.2972737399,11.5747762623,750344,0.0,1.0
924,2016-01-06T00:00:00.000Z,15.24,15.564,15.115,15.5,1155336,11.1293116869,11.3659191007,11.0380279624,11.3191818338,1155336,0.0,1.0
925,2016-01-07T00:00:00.000Z,14.41,15.25,14.34,15.07,1209575,10.5231877564,11.1366143848,10.4720688707,11.0051658216,1209575,0.0,1.0
926,2016-01-08T00:00:00.000Z,13.88,14.74,13.88,14.67,967313,10.1361447647,10.764176789,10.1361447647,10.7130579033,967313,0.0,1.0
927,2016-01-11T00:00:00.000Z,13.38,14.36,12.87,14.36,1458799,9.7710098668,10.4866742666,9.398572271,10.4866742666,1458799,0.0,1.0
928,2016-01-12T00:00:00.000Z,13.4,13.79,13.03,13.79,1218395,9.7856152627,10.0704204831,9.5154154383,10.0704204831,1218395,0.0,1.0
929,2016-01-13T00:00:00.000Z,12.48,13.7,12.46,13.37,850227,9.1137670507,10.0046962015,9.0991616548,9.7637071689,850227,0.0,1.0
930,2016-01-14T00:00:00.000Z,13.43,13.53,11.55,12.53,3326545,9.8075233566,9.8805503362,8.4346161406,9.1502805405,3326545,0.0,1.0
931,2016-01-15T00:00:00.000Z,13.28,13.64,12.59,12.6,1484509,9.6979828873,9.9608800137,9.1940967282,9.2013994262,1484509,0.0,1.0
932,2016-01-19T00:00:00.000Z,13.0,13.5,12.6,13.4,1062789,9.4935073445,9.8586422423,9.2013994262,9.7856152627,1062789,0.0,1.0
933,2016-01-20T00:00:00.000Z,12.11,12.8471,11.92,12.65,1557334,8.8435672263,9.3818490927,8.7048159651,9.2379129159,1557334,0.0,1.0
934,2016-01-21T00:00:00.000Z,12.7,12.88,12.11,12.2,2025529,9.2744264057,9.405874969,8.8435672263,8.9092915079,2025529,0.0,1.0
935,2016-01-22T00:00:00.000Z,13.55,13.56,13.0,13.0,1228931,9.8951557321,9.9024584301,9.4935073445,9.4935073445,1228931,0.0,1.0
936,2016-01-25T00:00:00.000Z,12.91,13.6,12.88,13.51,677151,9.4277830628,9.9316692219,9.405874969,9.8659449403,677151,0.0,1.0
937,2016-01-26T00:00:00.000Z,13.26,13.4,12.86,12.93,632745,9.6833774913,9.7856152627,9.3912695731,9.4423884588,632745,0.0,1.0
938,2016-01-27T00:00:00.000Z,13.11,13.43,12.88,13.24,702229,9.573837022,9.8075233566,9.405874969,9.6687720954,702229,0.0,1.0
939,2016-01-28T00:00:00.000Z,13.23,13.33,12.98,13.18,580351,9.6614693975,9.734496377,9.4789019485,9.6249559077,580351,0.0,1.0
940,2016-01-29T00:00:00.000Z,13.68,13.835,13.115,13.23,677386,9.9900908055,10.1032826239,9.577488371,9.6614693975,677386,0.0,1.0
941,2016-02-01T00:00:00.000Z,13.38,13.728,13.31,13.7,647354,9.7710098668,10.0251437557,9.7198909811,10.0046962015,647354,0.0,1.0
942,2016-02-02T00:00:00.000Z,12.79,13.63,12.65,13.3,907025,9.3401506874,9.9535773158,9.2379129159,9.7125882832,907025,0.0,1.0
943,2016-02-03T00:00:00.000Z,12.54,12.9,12.13,12.86,1064442,9.1575832384,9.4204803649,8.8581726222,9.3912695731,1064442,0.0,1.0
944,2016-02-04T00:00:00.000Z,12.78,12.885,12.35,12.54,1216743,9.3328479894,9.4095263179,9.0188319772,9.1575832384,1216743,0.0,1.0
945,2016-02-05T00:00:00.000Z,12.77,13.14,12.69,12.83,504376,9.3255452914,9.5957451159,9.2671237078,9.3693614792,504376,0.0,1.0
946,2016-02-08T00:00:00.000Z,12.05,12.65,11.99,12.53,1637354,8.7997510385,9.2379129159,8.7559348508,9.1502805405,1637354,0.0,1.0
947,2016-02-09T00:00:00.000Z,11.69,12.09,11.52,11.91,1098937,8.5368539121,8.8289618303,8.4127080468,8.6975132671,1098937,0.0,1.0
948,2016-02-10T00:00:00.000Z,11.86,12.46,11.77,11.99,1302072,8.6609997773,9.0991616548,8.5952754957,8.7559348508,1302072,0.0,1.0
949,2016-02-11T00:00:00.000Z,11.7,11.77,11.25,11.66,1344813,8.54415661,8.5952754957,8.2155352019,8.5149458182,1344813,0.0,1.0
950,2016-02-12T00:00:00.000Z,12.89,12.99,11.85,11.89,1158218,9.4131776669,9.4862046465,8.6536970794,8.6829078712,1158218,0.0,1.0
951,2016-02-16T00:00:00.000Z,13.42,13.72,13.15,13.48,1041464,9.8002206587,10.0193015974,9.6030478138,9.8440368464,1041464,0.0,1.0
952,2016-02-17T00:00:00.000Z,14.54,14.67,13.94,14.18,2114436,10.6181228299,10.7130579033,10.1799609524,10.3552257034,2114436,0.0,1.0
953,2016-02-18T00:00:00.000Z,15.22,15.25,14.21,14.71,1775675,11.114706291,11.1366143848,10.3771337973,10.7422686951,1775675,0.0,1.0
954,2016-02-19T00:00:00.000Z,15.05,15.37,14.61,14.92,1140507,11.2023386665,11.4405279271,10.874828433,11.1055742793,1140507,0.29,1.0
955,2016-02-22T00:00:00.000Z,15.38,15.6,15.23,15.33,1082972,11.4479713415,11.6117264583,11.3363201256,11.4107542696,1082972,0.0,1.0
956,2016-02-23T00:00:00.000Z,14.66,15.43,14.51,15.29,973433,10.912045505,11.4851884135,10.8003942891,11.380980612,973433,0.0,1.0
957,2016-02-24T00:00:00.000Z,14.41,14.6,13.98,14.36,1004140,10.7259601451,10.8673850186,10.405893326,10.6887430731,1004140,0.0,1.0
958,2016-02-25T00:00:00.000Z,14.69,14.693,14.18,14.43,1163167,10.9343757482,10.9366087725,10.554761614,10.7408469739,1163167,0.0,1.0
959,2016-02-26T00:00:00.000Z,15.09,15.27,14.77,14.92,776075,11.232112324,11.3660937832,10.9939230634,11.1055742793,776075,0.0,1.0
960,2016-02-29T00:00:00.000Z,15.43,15.8,15.0,15.05,813445,11.4851884135,11.7605947462,11.1651215945,11.2023386665,813445,0.0,1.0
961,2016-03-01T00:00:00.000Z,15.87,15.93,15.15,15.59,828458,11.812698647,11.8573591333,11.2767728104,11.6042830439,828458,0.0,1.0
962,2016-03-02T00:00:00.000Z,16.14,16.25,15.71,16.03,770916,12.0136708357,12.095548394,11.6936040166,11.9317932773,770916,0.0,1.0
963,2016-03-03T00:00:00.000Z,16.63,16.8,16.07,16.2,1213667,12.3783981411,12.5049361858,11.9615669349,12.058331322,1213667,0.0,1.0
964,2016-03-04T00:00:00.000Z,16.44,16.82,16.195,16.6,795328,12.2369732675,12.5198230146,12.0546096148,12.3560678979,795328,0.0,1.0
965,2016-03-07T00:00:00.000Z,16.66,16.66,16.26,16.48,443175,12.4007283843,12.4007283843,12.1029918084,12.2667469251,443175,0.0,1.0
966,2016-03-08T00:00:00.000Z,16.08,16.685,15.8901,16.49,319678,11.9690103493,12.4193369203,11.8276599099,12.2741903395,319678,0.0,1.0
967,2016-03-09T00:00:00.000Z,16.045,16.4,15.76,16.1,461890,11.9429583989,12.20719961,11.7308210886,11.9838971781,461890,0.0,1.0
968,2016-03-10T00:00:00.000Z,16.04,16.3,15.6601,16.19,375891,11.9392366917,12.132765466,11.6564613788,12.0508879076,375891,0.0,1.0
969,2016-03-11T00:00:00.000Z,16.64,16.67,15.87,16.27,1075483,12.3858415555,12.4081717987,11.812698647,12.1104352228,1075483,0.0,1.0
970,2016-03-14T00:00:00.000Z,16.66,16.83,16.45,16.7,395823,12.4007283843,12.527266429,12.2444166819,12.4305020418,395823,0.0,1.0
971,2016-03-15T00:00:00.000Z,16.46,16.53,16.1,16.41,424592,12.2518600963,12.3039639971,11.9838971781,12.2146430244,424592,0.0,1.0
972,2016-03-16T00:00:00.000Z,16.65,16.65,16.21,16.47,509238,12.3932849699,12.3932849699,12.0657747364,12.2593035107,509238,0.0,1.0
973,2016-03-17T00:00:00.000Z,17.03,17.19,16.64,16.66,597772,12.6761347169,12.7952293473,12.3858415555,12.4007283843,597772,0.0,1.0
974,2016-03-18T00:00:00.000Z,17.15,17.4,16.88,17.03,669170,12.7654556897,12.9515410496,12.564483501,12.6761347169,669170,0.0,1.0
975,2016-03-21T00:00:00.000Z,17.03,17.3436,16.85,17.24,497668,12.6761347169,12.9095601924,12.5421532578,12.8324464192,497668,0.0,1.0
976,2016-03-22T00:00:00.000Z,16.7,17.11,16.58,16.99,573566,12.4305020418,12.7356820321,12.3411810691,12.6463610593,573566,0.0,1.0
977,2016-03-23T00:00:00.000Z,16.05,16.7,15.91,16.62,460069,11.9466801061,12.4305020418,11.8424723045,12.3709547267,460069,0.0,1.0
978,2016-03-24T00:00:00.000Z,16.1,16.12,15.4101,15.97,372605,11.9838971781,11.9987840069,11.4703760189,11.8871327909,372605,0.0,1.0
979,2016-03-28T00:00:00.000Z,16.3,16.39,15.91,16.16,276760,12.132765466,12.1997561956,11.8424723045,12.0285576644,276760,0.0,1.0
980,2016-03-29T00:00:00.000Z,16.68,16.68,15.92,16.31,371413,12.4156152131,12.4156152131,11.8499157189,12.1402088804,371413,0.0,1.0
981,2016-03-30T00:00:00.000Z,16.85,17.13,16.8,16.91,816355,12.5421532578,12.7505688609,12.5049361858,12.5868137442,816355,0.0,1.0
982,2016-03-31T00:00:00.000Z,16.88,17.05,16.644,16.81,257618,12.564483501,12.6910215457,12.3888189212,12.5123796002,257618,0.0,1.0
983,2016-04-01T00:00:00.000Z,16.99,17.05,16.36,16.67,389458,12.6463610593,12.6910215457,12.1774259524,12.4081717987,389458,0.0,1.0
984,2016-04-04T00:00:00.000Z,16.27,17.12,16.16,17.03,446263,12.1104352228,12.7431254465,12.0285576644,12.6761347169,446263,0.0,1.0
985,2016-04-05T00:00:00.000Z,16.02,16.2799,15.93,16.18,525639,11.9243498629,12.1178042031,11.8573591333,12.0434444932,525639,0.0,1.0
986,2016-04-06T00:00:00.000Z,16.11,16.28,15.98,16.14,260698,11.9913405925,12.1178786372,11.8945762053,12.0136708357,260698,0.0,1.0
987,2016-04-07T00:00:00.000Z,16.07,16.2025,15.87,16.03,350081,11.9615669349,12.0601921756,11.812698647,11.9317932773,350081,0.0,1.0
988,2016-04-08T00:00:00.000Z,16.02,16.49,15.94,16.29,295521,11.9243498629,12.2741903395,11.8648025477,12.1253220516,295521,0.0,1.0
989,2016-04-11T00:00:00.000Z,16.11,16.38,16.04,16.19,332153,11.9913405925,12.1923127812,11.9392366917,12.0508879076,332153,0.0,1.0
990,2016-04-12T00:00:00.000Z,16.41,16.56,16.1101,16.2,298883,12.2146430244,12.3262942403,11.9914150266,12.058331322,298883,0.0,1.0
991,2016-04-13T00:00:00.000Z,17.24,17.24,16.4667,16.69,994147,12.8324464192,12.8324464192,12.256847184,12.4230586275,994147,0.0,1.0
992,2016-04-14T00:00:00.000Z,17.05,17.38,16.97,17.2,925644,12.6910215457,12.9366542208,12.6314742305,12.8026727617,925644,0.0,1.0
993,2016-04-15T00:00:00.000Z,17.26,17.56,17.09,17.12,851641,12.847333248,13.0706356799,12.7207952033,12.7431254465,851641,0.0,1.0
994,2016-04-18T00:00:00.000Z,17.52,17.6603,17.1,17.17,918426,13.0408620223,13.1452931263,12.7282386177,12.7803425185,918426,0.0,1.0
995,2016-04-19T00:00:00.000Z,17.7,17.74,17.41,17.69,571725,13.1748434815,13.2046171391,12.958984464,13.1674000671,571725,0.0,1.0
996,2016-04-20T00:00:00.000Z,17.68,17.8499,17.57,17.75,436150,13.1599566527,13.2864202633,13.0780790943,13.2120605535,436150,0.0,1.0
997,2016-04-21T00:00:00.000Z,17.69,17.8,17.5,17.71,905068,13.1674000671,13.2492776254,13.0259751936,13.1822868959,905068,0.0,1.0
998,2016-04-22T00:00:00.000Z,17.32,17.75,17.29,17.63,301993,12.8919937344,13.2120605535,12.8696634912,13.1227395807,301993,0.0,1.0
999,2016-04-25T00:00:00.000Z,17.32,17.32,16.71,17.21,399204,12.8919937344,12.8919937344,12.4379454562,12.8101161761,399204,0.0,1.0
1000,2016-04-26T00:00:00.000Z,17.53,17.56,17.21,17.45,589656,13.0483054367,13.0706356799,12.8101161761,12.9887581216,589656,0.0,1.0
1001,2016-04-27T00:00:00.000Z,17.68,17.97,16.01,16.05,1326494,13.1599566527,13.3758156702,11.9169064485,11.9466801061,1326494,0.0,1.0
1002,2016-04-28T00:00:00.000Z,17.11,17.77,17.02,17.05,742768,12.7356820321,13.2269473823,12.6686913025,12.6910215457,742768,0.0,1.0
1003,2016-04-29T00:00:00.000Z,16.74,17.14,16.45,17.11,446495,12.4602756994,12.7580122753,12.2444166819,12.7356820321,446495,0.0,1.0
1004,2016-05-02T00:00:00.000Z,17.08,17.35,16.62,16.71,1313454,12.7133517889,12.9143239776,12.3709547267,12.4379454562,1313454,0.0,1.0
1005,2016-05-03T00:00:00.000Z,16.5,17.1,16.4,16.98,649904,12.2816337539,12.7282386177,12.20719961,12.6389176449,649904,0.0,1.0
1006,2016-05-04T00:00:00.000Z,16.4,16.6197,16.02,16.3,603654,12.20719961,12.3707314242,11.9243498629,12.132765466,603654,0.0,1.0
1007,2016-05-05T00:00:00.000Z,16.24,16.67,16.08,16.45,462083,12.0881049796,12.4081717987,11.9690103493,12.2444166819,462083,0.0,1.0
1008,2016-05-06T00:00:00.000Z,16.24,16.7299,16.05,16.05,455967,12.0881049796,12.4527578509,11.9466801061,11.9466801061,455967,0.0,1.0
1009,2016-05-09T00:00:00.000Z,16.27,16.59,15.88,16.2,420908,12.1104352228,12.3486244835,11.8201420613,12.058331322,420908,0.0,1.0
1010,2016-05-10T00:00:00.000Z,16.04,16.54,16.0,16.43,739929,11.9392366917,12.3114074115,11.9094630341,12.2295298531,739929,0.0,1.0
1011,2016-05-11T00:00:00.000Z,15.53,16.0001,15.49,15.96,923966,11.5596225575,11.9095374682,11.5298488999,11.8796893765,923966,0.0,1.0
1012,2016-05-12T00:00:00.000Z,15.87,15.92,15.32,15.38,819167,12.0062274213,12.0440542247,11.5901325831,11.6355247473,819167,0.26,1.0
1013,2016-05-13T00:00:00.000Z,15.8,16.29,15.77,15.82,359389,11.9532698964,12.3239725704,11.9305738143,11.9684006178,359389,0.0,1.0
1014,2016-05-16T00:00:00.000Z,15.84,16.1282,15.8,15.81,302683,11.9835313392,12.2015650344,11.9532698964,11.9608352571,302683,0.0,1.0
1015,2016-05-17T00:00:00.000Z,16.25,16.472,15.84,15.84,460904,12.2937111276,12.461662135,11.9835313392,11.9835313392,460904,0.0,1.0
1016,2016-05-18T00:00:00.000Z,16.43,16.55,16.165,16.18,964095,12.4298876201,12.5206719484,12.2294055617,12.2407536028,964095,0.0,1.0
1017,2016-05-19T00:00:00.000Z,15.89,16.3183,15.76,16.3,489080,12.0213581426,12.3453825412,11.9230084536,12.3315379311,489080,0.0,1.0
1018,2016-05-20T00:00:00.000Z,16.29,16.34,15.79,15.94,304293,12.3239725704,12.3617993739,11.9457045357,12.0591849461,304293,0.0,1.0
1019,2016-05-23T00:00:00.000Z,16.39,16.45,16.16,16.23,322752,12.3996261773,12.4450183415,12.2256228814,12.2785804062,322752,0.0,1.0
1020,2016-05-24T00:00:00.000Z,16.51,16.51,16.38,16.49,494707,12.4904105057,12.4904105057,12.3920608166,12.4752797843,494707,0.0,1.0
1021,2016-05-25T00:00:00.000Z,16.59,16.665,16.36,16.58,676234,12.5509333912,12.6076735964,12.3769300953,12.5433680305,676234,0.0,1.0
1022,2016-05-26T00:00:00.000Z,16.27,16.65,16.225,16.6,345861,12.308841849,12.5963255554,12.2747977259,12.5584987519,345861,0.0,1.0
1023,2016-05-27T00:00:00.000Z,16.28,16.4207,16.216,16.28,208274,12.3164072097,12.4228518347,12.2679889013,12.3164072097,208274,0.0,1.0
1024,2016-05-31T00:00:00.000Z,16.06,16.5,15.94,16.29,343330,12.1499692744,12.482845145,12.0591849461,12.3239725704,343330,0.0,1.0
1025,2016-06-01T00:00:00.000Z,16.4,16.4,15.91,16.01,209985,12.407191538,12.407191538,12.036488864,12.112142471,209985,0.0,1.0
1026,2016-06-02T00:00:00.000Z,16.2,16.37,16.0,16.37,248093,12.2558843242,12.384495456,12.1045771103,12.384495456,248093,0.0,1.0
1027,2016-06-03T00:00:00.000Z,16.08,16.135,15.82,16.07,295040,12.1650999958,12.2067094796,11.9684006178,12.1575346351,295040,0.0,1.0
1028,2016-06-06T00:00:00.000Z,16.25,16.59,16.07,16.07,553990,12.2937111276,12.5509333912,12.1575346351,12.1575346351,553990,0.0,1.0
1029,2016-06-07T00:00:00.000Z,16.4,16.42,16.2,16.24,491181,12.407191538,12.4223222594,12.2558843242,12.2861457669,491181,0.0,1.0
1030,2016-06-08T00:00:00.000Z,16.33,16.45,16.3,16.42,299771,12.3542340132,12.4450183415,12.3315379311,12.4223222594,299771,0.0,1.0
1031,2016-06-09T00:00:00.000Z,16.04,16.26,16.0,16.2,299175,12.1348385531,12.3012764883,12.1045771103,12.2558843242,299175,0.0,1.0
1032,2016-06-10T00:00:00.000Z,15.79,15.97,15.63,15.83,232265,11.9457045357,12.0818810282,11.8246587646,11.9759659785,232265,0.0,1.0
1033,2016-06-13T00:00:00.000Z,15.75,16.35,15.55,15.63,694488,11.9154430929,12.3693647346,11.7641358791,11.8246587646,694488,0.0,1.0
1034,2016-06-14T00:00:00.000Z,15.61,15.92,15.3814,15.62,491572,11.8095280432,12.0440542247,11.6365838978,11.8170934039,491572,0.0,1.0
1035,2016-06-15T00:00:00.000Z,15.69,16.018,15.6556,15.71,272756,11.8700509288,12.1181947595,11.844026088,11.8851816502,272756,0.0,1.0
1036,2016-06-16T00:00:00.000Z,15.67,15.7899,15.38,15.65,224234,11.8549202074,11.9456288821,11.6355247473,11.839789486,224234,0.0,1.0
1037,2016-06-17T00:00:00.000Z,15.93,16.0701,15.72,15.72,312659,12.0516195854,12.1576102887,11.8927470108,11.8927470108,312659,0.0,1.0
1038,2016-06-20T00:00:00.000Z,15.8,16.4,15.73,16.08,456954,11.9532698964,12.407191538,11.9003123715,12.1650999958,456954,0.0,1.0
1039,2016-06-21T00:00:00.000Z,16.07,16.1246,15.7716,15.87,241883,12.1575346351,12.1988415045,11.931784272,12.0062274213,241883,0.0,1.0
1040,2016-06-22T00:00:00.000Z,16.0,16.4,15.97,15.99,278343,12.1045771103,12.407191538,12.0818810282,12.0970117496,278343,0.0,1.0
1041,2016-06-23T00:00:00.000Z,16.31,16.35,16.0301,16.1,433434,12.3391032918,12.3693647346,12.127348846,12.1802307172,433434,0.0,1.0
1042,2016-06-24T00:00:00.000Z,15.74,15.97,15.3,15.43,1014692,11.9078777322,12.0818810282,11.5750018617,11.6733515507,1014692,0.0,1.0
1043,2016-06-27T00:00:00.000Z,15.48,15.76,15.3,15.52,669900,11.7111783542,11.9230084536,11.5750018617,11.741439797,669900,0.0,1.0
1044,2016-06-28T00:00:00.000Z,15.91,16.05,15.61,15.81,455886,12.036488864,12.1424039137,11.8095280432,11.9608352571,455886,0.0,1.0
1045,2016-06-29T00:00:00.000Z,16.32,16.32,15.81,16.15,300623,12.3466686525,12.3466686525,11.9608352571,12.2180575207,300623,0.0,1.0
1046,2016-06-30T00:00:00.000Z,16.23,16.36,16.06,16.33,275499,12.2785804062,12.3769300953,12.1499692744,12.3542340132,275499,0.0,1.0
1047,2016-07-01T00:00:00.000Z,16.21,16.39,16.15,16.21,142593,12.2634496848,12.3996261773,12.2180575207,12.2634496848,142593,0.0,1.0
1048,2016-07-05T00:00:00.000Z,15.69,16.05,15.63,16.05,458794,11.8700509288,12.1424039137,11.8246587646,12.1424039137,458794,0.0,1.0
1049,2016-07-06T00:00:00.000Z,15.63,15.78,15.3,15.68,211762,11.8246587646,11.938139175,11.5750018617,11.8624855681,211762,0.0,1.0
1050,2016-07-07T00:00:00.000Z,15.93,16.11,15.64,15.74,356784,12.0516195854,12.1877960779,11.8322241253,11.9078777322,356784,0.0,1.0
1051,2016-07-08T00:00:00.000Z,16.37,16.42,15.9,16.02,572122,12.384495456,12.4223222594,12.0289235033,12.1197078317,572122,0.0,1.0
1052,2016-07-11T00:00:00.000Z,16.34,16.5199,16.1796,16.5,335764,12.3617993739,12.4979002128,12.2404509883,12.482845145,335764,0.0,1.0
1053,2016-07-12T00:00:00.000Z,16.42,16.49,16.27,16.4,438715,12.4223222594,12.4752797843,12.308841849,12.407191538,438715,0.0,1.0
1054,2016-07-13T00:00:00.000Z,16.3,16.51,15.9801,16.51,769580,12.3315379311,12.4904105057,12.0895220425,12.4904105057,769580,0.0,1.0
1055,2016-07-14T00:00:00.000Z,16.05,16.4,16.02,16.39,449571,12.1424039137,12.407191538,12.1197078317,12.3996261773,449571,0.0,1.0
1056,2016-07-15T00:00:00.000Z,16.4,16.45,16.06,16.1,575864,12.407191538,12.4450183415,12.1499692744,12.1802307172,575864,0.0,1.0
1057,2016-07-18T00:00:00.000Z,16.37,16.75,16.31,16.41,505632,12.384495456,12.6719791623,12.3391032918,12.4147568987,505632,0.0,1.0
1058,2016-07-19T00:00:00.000Z,16.41,16.5,16.22,16.41,237948,12.4147568987,12.482845145,12.2710150455,12.4147568987,237948,0.0,1.0
1059,2016-07-20T00:00:00.000Z,16.65,16.66,16.15,16.37,425146,12.5963255554,12.6038909161,12.2180575207,12.384495456,425146,0.0,1.0
1060,2016-07-21T00:00:00.000Z,16.73,16.9,16.51,16.52,365818,12.6568484409,12.7854595727,12.4904105057,12.4979758664,365818,0.0,1.0
1061,2016-07-22T00:00:00.000Z,17.07,17.15,16.691,16.86,424935,12.9140707045,12.9745935901,12.6273435342,12.75519813,424935,0.0,1.0
1062,2016-07-25T00:00:00.000Z,17.1,17.33,17.0,17.25,253828,12.9367667866,13.1107700826,12.8611131797,13.050247197,253828,0.0,1.0
1063,2016-07-26T00:00:00.000Z,17.26,17.44,17.022,17.15,535425,13.0578125577,13.1939890502,12.8777569732,12.9745935901,535425,0.0,1.0
1064,2016-07-27T00:00:00.000Z,16.87,17.35,16.54,17.35,629196,12.7627634906,13.125900804,12.5131065877,13.125900804,629196,0.0,1.0
1065,2016-07-28T00:00:00.000Z,16.96,17.01,16.511,16.9,443959,12.8308517369,12.8686785404,12.4911670417,12.7854595727,443959,0.0,1.0
1066,2016-07-29T00:00:00.000Z,17.28,17.3,16.81,17.0,486782,13.0729432791,13.0880740005,12.7173713265,12.8611131797,486782,0.0,1.0
1067,2016-08-01T00:00:00.000Z,17.07,17.35,17.0,17.29,601340,12.9140707045,13.125900804,12.8611131797,13.0805086398,601340,0.0,1.0
1068,2016-08-02T00:00:00.000Z,16.81,17.1699,16.75,17.1,2120901,12.7173713265,12.9896486579,12.6719791623,12.9367667866,2120901,0.0,1.0
1069,2016-08-03T00:00:00.000Z,16.88,16.97,16.7509,16.83,564963,12.7703288513,12.8384170976,12.6726600448,12.7325020479,564963,0.0,1.0
1070,2016-08-04T00:00:00.000Z,16.84,17.0038,16.66,16.9,492433,12.7400674086,12.8639880167,12.6038909161,12.7854595727,492433,0.0,1.0
1071,2016-08-05T00:00:00.000Z,16.84,17.12,16.7,16.9,451218,12.7400674086,12.951897508,12.6341523589,12.7854595727,451218,0.0,1.0
1072,2016-08-08T00:00:00.000Z,16.87,16.94,16.63,16.9,831098,12.7627634906,12.8157210155,12.581194834,12.7854595727,831098,0.0,1.0
1073,2016-08-09T00:00:00.000Z,16.79,16.91,16.67,16.88,646426,12.7022406051,12.7930249334,12.6114562768,12.7703288513,646426,0.0,1.0
1074,2016-08-10T00:00:00.000Z,16.4,16.8705,16.28,16.82,1483328,12.407191538,12.7631417587,12.3164072097,12.7249366872,1483328,0.0,1.0
1075,2016-08-11T00:00:00.000Z,16.06,16.22,15.68,15.73,685310,12.6265869982,12.7523811401,12.327825911,12.3671365804,685310,0.63,1.0
1076,2016-08-12T00:00:00.000Z,16.03,16.1201,15.84,16.0,535597,12.6030005965,12.6738384227,12.453620053,12.5794141949,535597,0.0,1.0
1077,2016-08-15T00:00:00.000Z,16.07,16.15,15.94,16.0,431790,12.634449132,12.697346203,12.5322413917,12.5794141949,431790,0.0,1.0
1078,2016-08-16T00:00:00.000Z,16.06,16.17,16.055,16.07,367539,12.6265869982,12.7130704707,12.6226559312,12.634449132,367539,0.0,1.0
1079,2016-08-17T00:00:00.000Z,16.09,16.155,15.98,16.11,322294,12.6501733998,12.7012772699,12.5636899272,12.6658976675,322294,0.0,1.0
1080,2016-08-18T00:00:00.000Z,16.2,16.22,16.07,16.15,361462,12.7366568724,12.7523811401,12.634449132,12.697346203,361462,0.0,1.0
1081,2016-08-19T00:00:00.000Z,16.22,16.25,16.08,16.2,377796,12.7523811401,12.7759675417,12.6423112659,12.7366568724,377796,0.0,1.0
1082,2016-08-22T00:00:00.000Z,16.19,16.25,16.09,16.25,276488,12.7287947385,12.7759675417,12.6501733998,12.7759675417,276488,0.0,1.0
1083,2016-08-23T00:00:00.000Z,16.2,16.25,16.05,16.17,349921,12.7366568724,12.7759675417,12.6187248643,12.7130704707,349921,0.0,1.0
1084,2016-08-24T00:00:00.000Z,16.08,16.32,16.03,16.26,381494,12.6423112659,12.8310024788,12.6030005965,12.7838296756,381494,0.0,1.0
1085,2016-08-25T00:00:00.000Z,16.04,16.26,15.98,16.09,427207,12.6108627304,12.7838296756,12.5636899272,12.6501733998,427207,0.0,1.0
1086,2016-08-26T00:00:00.000Z,15.8,16.0799,15.75,16.05,385400,12.4221715175,12.6422326446,12.3828608481,12.6187248643,385400,0.0,1.0
1087,2016-08-29T00:00:00.000Z,15.83,15.9314,15.58,15.76,582799,12.4457579191,12.5254799566,12.2492045723,12.390722982,582799,0.0,1.0
1088,2016-08-30T00:00:00.000Z,15.75,15.91,15.66,15.91,382169,12.3828608481,12.5086549901,12.3121016433,12.5086549901,382169,0.0,1.0
1089,2016-08-31T00:00:00.000Z,15.49,15.79,15.39,15.75,406591,12.1784453675,12.4143093836,12.0998240287,12.3828608481,406591,0.0,1.0
1090,2016-09-01T00:00:00.000Z,15.3,15.63,15.2,15.63,484451,12.0290648239,12.2885152417,11.9504434852,12.2885152417,484451,0.0,1.0
1091,2016-09-02T00:00:00.000Z,15.54,15.65,15.37,15.49,292280,12.2177560368,12.3042395094,12.084099761,12.1784453675,292280,0.0,1.0
1092,2016-09-06T00:00:00.000Z,15.55,15.79,15.5,15.69,340984,12.2256181707,12.4143093836,12.1863075013,12.3356880449,340984,0.0,1.0
1093,2016-09-07T00:00:00.000Z,15.82,15.89,15.54,15.6,607835,12.4378957852,12.4929307223,12.2177560368,12.2649288401,607835,0.0,1.0
1094,2016-09-08T00:00:00.000Z,15.99,16.2,15.75,15.84,628616,12.5715520611,12.7366568724,12.3828608481,12.453620053,628616,0.0,1.0
1095,2016-09-09T00:00:00.000Z,15.71,16.0445,15.71,15.96,527499,12.3514123126,12.6144006907,12.3514123126,12.5479656594,527499,0.0,1.0
1096,2016-09-12T00:00:00.000Z,16.05,16.14,15.5,15.68,322578,12.6187248643,12.6894840691,12.1863075013,12.327825911,322578,0.0,1.0
1097,2016-09-13T00:00:00.000Z,15.77,15.99,15.56,15.93,378596,12.3985851159,12.5715520611,12.2334803046,12.5243792578,378596,0.0,1.0
1098,2016-09-14T00:00:00.000Z,15.87,16.06,15.67,15.74,388614,12.4772064546,12.6265869982,12.3199637772,12.3749987143,388614,0.0,1.0
1099,2016-09-15T00:00:00.000Z,15.97,15.98,15.71,15.83,224031,12.5558277933,12.5636899272,12.3514123126,12.4457579191,224031,0.0,1.0
1100,2016-09-16T00:00:00.000Z,15.69,15.895,15.51,15.84,390700,12.3356880449,12.4968617893,12.1941696352,12.453620053,390700,0.0,1.0
1101,2016-09-19T00:00:00.000Z,15.7,16.09,15.66,15.7,215491,12.3435501788,12.6501733998,12.3121016433,12.3435501788,215491,0.0,1.0
1102,2016-09-20T00:00:00.000Z,15.52,15.71,15.505,15.71,160182,12.2020317691,12.3514123126,12.1902385683,12.3514123126,160182,0.0,1.0
1103,2016-09-21T00:00:00.000Z,15.65,15.8,15.5,15.55,271255,12.3042395094,12.4221715175,12.1863075013,12.2256181707,271255,0.0,1.0
1104,2016-09-22T00:00:00.000Z,15.59,16.01,15.55,15.75,361393,12.2570667062,12.5872763288,12.2256181707,12.3828608481,361393,0.0,1.0
1105,2016-09-23T00:00:00.000Z,15.49,15.59,15.39,15.59,383328,12.1784453675,12.2570667062,12.0998240287,12.2570667062,383328,0.0,1.0
1106,2016-09-26T00:00:00.000Z,14.99,15.49,14.82,15.45,863000,11.7853386739,12.1784453675,11.6516823981,12.146996832,863000,0.0,1.0
1107,2016-09-27T00:00:00.000Z,15.07,15.11,14.9,14.99,277630,11.8482357448,11.8796842803,11.714579469,11.7853386739,277630,0.0,1.0
1108,2016-09-28T00:00:00.000Z,15.32,15.345,15.0,15.15,286304,12.0447890916,12.0644444263,11.7932008077,11.9111328158,286304,0.0,1.0
1109,2016-09-29T00:00:00.000Z,15.23,15.5,15.1638,15.27,249464,11.9740298868,12.1863075013,11.9219825606,12.0054784223,249464,0.0,1.0
1110,2016-09-30T00:00:00.000Z,15.57,15.65,15.1,15.25,317459,12.2413424384,12.3042395094,11.8718221465,11.9897541545,317459,0.0,1.0
1111,2016-10-03T00:00:00.000Z,15.49,15.7199,15.41,15.61,272686,12.1784453675,12.3591958252,12.1155482965,12.2727909739,272686,0.0,1.0
1112,2016-10-04T00:00:00.000Z,15.51,15.62,15.25,15.62,195492,12.1941696352,12.2806531078,11.9897541545,12.2806531078,195492,0.0,1.0
1113,2016-10-05T00:00:00.000Z,15.6,15.7,15.45,15.45,238210,12.2649288401,12.3435501788,12.146996832,12.146996832,238210,0.0,1.0
1114,2016-10-06T00:00:00.000Z,15.6,15.75,15.53,15.6,212049,12.2649288401,12.3828608481,12.209893903,12.2649288401,212049,0.0,1.0
1115,2016-10-07T00:00:00.000Z,15.53,15.73,15.5,15.73,187224,12.209893903,12.3671365804,12.1863075013,12.3671365804,187224,0.0,1.0
1116,2016-10-10T00:00:00.000Z,15.55,15.74,15.52,15.69,149418,12.2256181707,12.3749987143,12.2020317691,12.3356880449,149418,0.0,1.0
1117,2016-10-11T00:00:00.000Z,15.19,15.52,15.0631,15.5,282930,11.9425813513,12.2020317691,11.8428108725,12.1863075013,282930,0.0,1.0
1118,2016-10-12T00:00:00.000Z,15.05,15.3716,15.03,15.24,258823,11.8325114771,12.0853577024,11.8167872094,11.9818920207,258823,0.0,1.0
1119,2016-10-13T00:00:00.000Z,14.77,15.032,14.6083,15.0,542502,11.6123717287,11.8183596361,11.485241024,11.7932008077,542502,0.0,1.0
1120,2016-10-14T00:00:00.000Z,14.62,14.95,14.43,14.5,273267,11.4944397206,11.7538901384,11.3450591771,11.4000941142,273267,0.0,1.0
1121,2016-10-17T00:00:00.000Z,14.4,14.6,14.35,14.55,263695,11.3214727754,11.4787154529,11.2821621061,11.4394047835,263695,0.0,1.0
1122,2016-10-18T00:00:00.000Z,14.55,14.6,14.5,14.6,253247,11.4394047835,11.4787154529,11.4000941142,11.4787154529,253247,0.0,1.0
1123,2016-10-19T00:00:00.000Z,14.9,15.0,14.5,14.65,475686,11.714579469,11.7932008077,11.4000941142,11.5180261222,475686,0.0,1.0
1124,2016-10-20T00:00:00.000Z,14.8,15.0,14.75,14.9,228938,11.6359581303,11.7932008077,11.5966474609,11.714579469,228938,0.0,1.0
1125,2016-10-21T00:00:00.000Z,15.0,15.4347,14.7,14.8,407236,11.7932008077,12.1349677672,11.5573367916,11.6359581303,407236,0.0,1.0
1126,2016-10-24T00:00:00.000Z,15.5,15.65,15.2,15.2,391209,12.1863075013,12.3042395094,11.9504434852,11.9504434852,391209,0.0,1.0
1127,2016-10-25T00:00:00.000Z,15.75,15.9,15.55,15.55,1068028,12.3828608481,12.5007928562,12.2256181707,12.2256181707,1068028,0.0,1.0
1128,2016-10-26T00:00:00.000Z,16.05,16.2,15.6,15.9,587307,12.6187248643,12.7366568724,12.2649288401,12.5007928562,587307,0.0,1.0
1129,2016-10-27T00:00:00.000Z,16.0,16.25,16.0,16.05,722437,12.5794141949,12.7759675417,12.5794141949,12.6187248643,722437,0.0,1.0
1130,2016-10-28T00:00:00.000Z,15.8,16.1,15.65,16.1,683474,12.4221715175,12.6580355336,12.3042395094,12.6580355336,683474,0.0,1.0
1131,2016-10-31T00:00:00.000Z,15.5,15.85,15.3,15.8,756267,12.1863075013,12.4614821868,12.0290648239,12.4221715175,756267,0.0,1.0
1132,2016-11-01T00:00:00.000Z,15.2,15.75,14.9725,15.7,826562,11.9504434852,12.3828608481,11.7715799396,12.3435501788,826562,0.0,1.0
1133,2016-11-02T00:00:00.000Z,15.05,15.45,14.975,15.15,686238,11.8325114771,12.146996832,11.7735454731,11.9111328158,686238,0.0,1.0
1134,2016-11-03T00:00:00.000Z,14.95,15.25,14.8,15.05,497156,11.7538901384,11.9897541545,11.6359581303,11.8325114771,497156,0.0,1.0
1135,2016-11-04T00:00:00.000Z,14.9,15.15,14.45,14.45,694193,12.1076861626,12.3108352593,11.7420177886,11.7420177886,694193,0.5,1.0
1136,2016-11-07T00:00:00.000Z,15.1,15.35,15.0,15.1,731813,12.27020544,12.4733545367,12.1889458013,12.27020544,731813,0.0,1.0
1137,2016-11-08T00:00:00.000Z,15.25,15.4,15.0,15.15,335379,12.392094898,12.513984356,12.1889458013,12.3108352593,335379,0.0,1.0
1138,2016-11-09T00:00:00.000Z,14.95,15.4,14.7698,14.95,781390,12.148315982,12.513984356,12.0018861131,12.148315982,781390,0.0,1.0
1139,2016-11-10T00:00:00.000Z,15.25,15.5,14.95,15.15,1007931,12.392094898,12.5952439947,12.148315982,12.3108352593,1007931,0.0,1.0
1140,2016-11-11T00:00:00.000Z,15.45,15.8,15.2,15.3,791512,12.5546141753,12.8390229107,12.3514650786,12.4327247173,791512,0.0,1.0
1141,2016-11-14T00:00:00.000Z,15.75,15.9,15.5,15.6,786315,12.7983930914,12.9202825494,12.5952439947,12.6765036333,786315,0.0,1.0
1142,2016-11-15T00:00:00.000Z,16.2,16.2,15.6,15.7,732024,13.1640614654,13.1640614654,12.6765036333,12.757763272,732024,0.0,1.0
1143,2016-11-16T00:00:00.000Z,15.85,16.3,15.75,16.3,466774,12.87965273,13.2453211041,12.7983930914,13.2453211041,466774,0.0,1.0
1144,2016-11-17T00:00:00.000Z,15.9,16.0,15.75,15.85,777494,12.9202825494,13.001542188,12.7983930914,12.87965273,777494,0.0,1.0
1145,2016-11-18T00:00:00.000Z,16.1,16.1,15.85,16.05,665113,13.0828018267,13.0828018267,12.87965273,13.0421720074,665113,0.0,1.0
1146,2016-11-21T00:00:00.000Z,16.0,16.15,15.8,16.05,489648,13.001542188,13.1234316461,12.8390229107,13.0421720074,489648,0.0,1.0
1147,2016-11-22T00:00:00.000Z,16.0,16.1,15.9,16.0,653910,13.001542188,13.0828018267,12.9202825494,13.001542188,653910,0.0,1.0
1148,2016-11-23T00:00:00.000Z,15.8,16.005,15.45,16.0,805160,12.8390229107,13.00560517,12.5546141753,13.001542188,805160,0.0,1.0
1149,2016-11-25T00:00:00.000Z,15.9,15.9,15.75,15.9,340000,12.9202825494,12.9202825494,12.7983930914,12.9202825494,340000,0.0,1.0
1150,2016-11-28T00:00:00.000Z,15.6,15.85,15.45,15.85,542051,12.6765036333,12.87965273,12.5546141753,12.87965273,542051,0.0,1.0
1151,2016-11-29T00:00:00.000Z,15.45,15.625,15.3945,15.45,367731,12.5546141753,12.696818543,12.5095150759,12.5546141753,367731,0.0,1.0
1152,2016-11-30T00:00:00.000Z,15.55,15.6344,15.3,15.6,428312,12.635873814,12.704456949,12.4327247173,12.6765036333,428312,0.0,1.0
1153,2016-12-01T00:00:00.000Z,15.65,15.9,15.505,15.75,538605,12.7171334527,12.9202825494,12.5993069766,12.7983930914,538605,0.0,1.0
1154,2016-12-02T00:00:00.000Z,15.3,15.9,14.95,15.6,1522473,12.4327247173,12.9202825494,12.148315982,12.6765036333,1522473,0.0,1.0
1155,2016-12-05T00:00:00.000Z,15.1,15.75,14.9,15.3,842496,12.27020544,12.7983930914,12.1076861626,12.4327247173,842496,0.0,1.0
1156,2016-12-06T00:00:00.000Z,14.95,15.15,14.85,15.15,694679,12.148315982,12.3108352593,12.0670563433,12.3108352593,694679,0.0,1.0
1157,2016-12-07T00:00:00.000Z,15.3,15.45,14.9,15.05,1073691,12.4327247173,12.5546141753,12.1076861626,12.2295756206,1073691,0.0,1.0
1158,2016-12-08T00:00:00.000Z,15.75,16.05,15.25,15.25,2322981,12.7983930914,13.0421720074,12.392094898,12.392094898,2322981,0.0,1.0
1159,2016-12-09T00:00:00.000Z,16.2,16.45,15.65,15.65,1597104,13.1640614654,13.3672105621,12.7171334527,12.7171334527,1597104,0.0,1.0
1160,2016-12-12T00:00:00.000Z,16.0,16.25,15.9,16.2,1112002,13.001542188,13.2046912847,12.9202825494,13.1640614654,1112002,0.0,1.0
1161,2016-12-13T00:00:00.000Z,15.8,16.1,15.7,16.0,964719,12.8390229107,13.0828018267,12.757763272,13.001542188,964719,0.0,1.0
1162,2016-12-14T00:00:00.000Z,15.6,15.8,15.4,15.75,454833,12.6765036333,12.8390229107,12.513984356,12.7983930914,454833,0.0,1.0
1163,2016-12-15T00:00:00.000Z,15.65,15.8,15.5,15.65,1105124,12.7171334527,12.8390229107,12.5952439947,12.7171334527,1105124,0.0,1.0
1164,2016-12-16T00:00:00.000Z,15.75,15.9,15.7,15.75,1112737,12.7983930914,12.9202825494,12.757763272,12.7983930914,1112737,0.0,1.0
1165,2016-12-19T00:00:00.000Z,15.75,15.8,15.45,15.8,709988,12.7983930914,12.8390229107,12.5546141753,12.8390229107,709988,0.0,1.0
1166,2016-12-20T00:00:00.000Z,15.7,16.1,15.6,16.0,706705,12.757763272,13.0828018267,12.6765036333,13.001542188,706705,0.0,1.0
1167,2016-12-21T00:00:00.000Z,15.6,15.85,15.55,15.7,807198,12.6765036333,12.87965273,12.635873814,12.757763272,807198,0.0,1.0
1168,2016-12-22T00:00:00.000Z,15.35,15.7,15.1,15.65,1386894,12.4733545367,12.757763272,12.27020544,12.7171334527,1386894,0.0,1.0
1169,2016-12-23T00:00:00.000Z,15.4,15.45,15.1,15.3,701295,12.513984356,12.5546141753,12.27020544,12.4327247173,701295,0.0,1.0
1170,2016-12-27T00:00:00.000Z,15.2,15.525,15.2,15.35,910456,12.3514650786,12.6155589043,12.3514650786,12.4733545367,910456,0.0,1.0
1171,2016-12-28T00:00:00.000Z,15.2,15.35,15.1,15.3,576512,12.3514650786,12.4733545367,12.27020544,12.4327247173,576512,0.0,1.0
1172,2016-12-29T00:00:00.000Z,15.1,15.35,15.0,15.2,1005714,12.27020544,12.4733545367,12.1889458013,12.3514650786,1005714,0.0,1.0
1173,2016-12-30T00:00:00.000Z,15.25,15.4,14.975,15.1,852100,12.392094898,12.513984356,12.1686308916,12.27020544,852100,0.0,1.0
1174,2017-01-03T00:00:00.000Z,15.6,15.75,15.2,15.5,1062786,12.6765036333,12.7983930914,12.3514650786,12.5952439947,1062786,0.0,1.0
1175,2017-01-04T00:00:00.000Z,16.05,16.25,15.6725,15.85,1354734,13.0421720074,13.2046912847,12.7354168714,12.87965273,1354734,0.0,1.0
1176,2017-01-05T00:00:00.000Z,16.3,16.35,16.0,16.1,987409,13.2453211041,13.2859509234,13.001542188,13.0828018267,987409,0.0,1.0
1177,2017-01-06T00:00:00.000Z,16.65,16.85,16.4,16.45,1828002,13.5297298394,13.6922491168,13.3265807427,13.3672105621,1828002,0.0,1.0
1178,2017-01-09T00:00:00.000Z,16.7,16.95,16.595,16.65,1054592,13.5703596588,13.7735087555,13.4850370382,13.5297298394,1054592,0.0,1.0
1179,2017-01-10T00:00:00.000Z,16.65,16.9,16.55,16.75,520077,13.5297298394,13.7328789361,13.4484702008,13.6109894781,520077,0.0,1.0
1180,2017-01-11T00:00:00.000Z,16.75,16.8,16.5,16.7,732678,13.6109894781,13.6516192974,13.4078403814,13.5703596588,732678,0.0,1.0
1181,2017-01-12T00:00:00.000Z,16.85,16.95,16.6,16.8,651399,13.6922491168,13.7735087555,13.4891000201,13.6516192974,651399,0.0,1.0
1182,2017-01-13T00:00:00.000Z,16.95,17.05,16.8,16.95,889168,13.7735087555,13.8547683941,13.6516192974,13.7735087555,889168,0.0,1.0
1183,2017-01-17T00:00:00.000Z,17.05,17.15,16.8,16.95,1180992,13.8547683941,13.9360280328,13.6516192974,13.7735087555,1180992,0.0,1.0
1184,2017-01-18T00:00:00.000Z,16.9,17.15,16.85,17.05,836785,13.7328789361,13.9360280328,13.6922491168,13.8547683941,836785,0.0,1.0
1185,2017-01-19T00:00:00.000Z,16.85,17.05,16.7,17.05,426655,13.6922491168,13.8547683941,13.5703596588,13.8547683941,426655,0.0,1.0
1186,2017-01-20T00:00:00.000Z,17.0,17.05,16.85,17.0,419030,13.8141385748,13.8547683941,13.6922491168,13.8141385748,419030,0.0,1.0
1187,2017-01-23T00:00:00.000Z,16.95,17.05,16.8,17.0,408680,13.7735087555,13.8547683941,13.6516192974,13.8141385748,408680,0.0,1.0
1188,2017-01-24T00:00:00.000Z,17.15,17.2,16.95,17.0,664866,13.9360280328,13.9766578521,13.7735087555,13.8141385748,664866,0.0,1.0
1189,2017-01-25T00:00:00.000Z,17.3,17.4,17.0,17.25,757598,14.0579174908,14.1391771295,13.8141385748,14.0172876715,757598,0.0,1.0
1190,2017-01-26T00:00:00.000Z,17.4,17.45,17.25,17.35,537546,14.1391771295,14.1798069488,14.0172876715,14.0985473102,537546,0.0,1.0
1191,2017-01-27T00:00:00.000Z,17.35,17.45,17.3,17.45,354959,14.0985473102,14.1798069488,14.0579174908,14.1798069488,354959,0.0,1.0
1192,2017-01-30T00:00:00.000Z,17.4,17.45,16.85,17.25,801668,14.1391771295,14.1798069488,13.6922491168,14.0172876715,801668,0.0,1.0
1193,2017-01-31T00:00:00.000Z,17.3,17.4,17.1,17.3,350430,14.0579174908,14.1391771295,13.8953982135,14.0579174908,350430,0.0,1.0
1194,2017-02-01T00:00:00.000Z,17.2,17.5,17.05,17.5,956947,13.9766578521,14.2204367682,13.8547683941,14.2204367682,956947,0.0,1.0
1195,2017-02-02T00:00:00.000Z,17.0,17.25,16.95,17.2,652117,13.8141385748,14.0172876715,13.7735087555,13.9766578521,652117,0.0,1.0
1196,2017-02-03T00:00:00.000Z,17.0,17.25,16.95,17.1,1251679,13.8141385748,14.0172876715,13.7735087555,13.8953982135,1251679,0.0,1.0
1197,2017-02-06T00:00:00.000Z,16.9,17.15,16.8,17.0,854433,13.7328789361,13.9360280328,13.6516192974,13.8141385748,854433,0.0,1.0
1198,2017-02-07T00:00:00.000Z,17.15,17.15,16.8,17.05,867252,13.9360280328,13.9360280328,13.6516192974,13.8547683941,867252,0.0,1.0
1199,2017-02-08T00:00:00.000Z,16.45,16.64,16.0,16.5,2922232,13.3672105621,13.5216038756,13.001542188,13.4078403814,2922232,0.0,1.0
1200,2017-02-09T00:00:00.000Z,16.3,16.55,16.0,16.55,1306456,13.2453211041,13.4484702008,13.001542188,13.4484702008,1306456,0.0,1.0
1201,2017-02-10T00:00:00.000Z,16.25,16.4,16.15,16.25,630861,13.2046912847,13.3265807427,13.1234316461,13.2046912847,630861,0.0,1.0
1202,2017-02-13T00:00:00.000Z,16.15,16.4,16.05,16.2,1403704,13.1234316461,13.3265807427,13.0421720074,13.1640614654,1403704,0.0,1.0
1203,2017-02-14T00:00:00.000Z,16.45,16.45,16.05,16.1,1083974,13.3672105621,13.3672105621,13.0421720074,13.0828018267,1083974,0.0,1.0
1204,2017-02-15T00:00:00.000Z,16.35,16.65,16.2,16.5,2100889,13.2859509234,13.5297298394,13.1640614654,13.4078403814,2100889,0.0,1.0
1205,2017-02-16T00:00:00.000Z,16.0,16.4,15.95,16.1,1278898,13.1315576099,13.4598465502,13.0905214924,13.213629845,1278898,0.16,1.0
1206,2017-02-17T00:00:00.000Z,16.05,16.225,15.85,16.05,600203,13.1725937275,13.3162201388,13.0084492573,13.1725937275,600203,0.0,1.0
1207,2017-02-21T00:00:00.000Z,16.2,16.4,16.05,16.05,671167,13.2957020801,13.4598465502,13.1725937275,13.1725937275,671167,0.0,1.0
1208,2017-02-22T00:00:00.000Z,16.3,16.4,16.1,16.1,621369,13.3777743151,13.4598465502,13.213629845,13.213629845,621369,0.0,1.0
1209,2017-02-23T00:00:00.000Z,16.25,16.5,16.109,16.35,950721,13.3367381976,13.5419187852,13.2210163461,13.4188104326,950721,0.0,1.0
1210,2017-02-24T00:00:00.000Z,16.3,16.35,16.1,16.15,369275,13.3777743151,13.4188104326,13.213629845,13.2546659625,369275,0.0,1.0
1211,2017-02-27T00:00:00.000Z,16.4,16.5,16.2,16.25,662722,13.4598465502,13.5419187852,13.2957020801,13.3367381976,662722,0.0,1.0
1212,2017-02-28T00:00:00.000Z,16.05,16.4,15.925,16.35,625912,13.1725937275,13.4598465502,13.0700034336,13.4188104326,625912,0.0,1.0
1213,2017-03-01T00:00:00.000Z,16.15,16.35,16.1,16.3,631846,13.2546659625,13.4188104326,13.213629845,13.3777743151,631846,0.0,1.0
1214,2017-03-02T00:00:00.000Z,16.0,16.25,15.95,16.1,931031,13.1315576099,13.3367381976,13.0905214924,13.213629845,931031,0.0,1.0
1215,2017-03-03T00:00:00.000Z,15.95,16.1,15.85,16.05,519692,13.0905214924,13.213629845,13.0084492573,13.1725937275,519692,0.0,1.0
1216,2017-03-06T00:00:00.000Z,15.9,15.95,15.65,15.85,809453,13.0494853749,13.0905214924,12.8443047872,13.0084492573,809453,0.0,1.0
1217,2017-03-07T00:00:00.000Z,15.8,16.0,15.75,15.8,571321,12.9674131398,13.1315576099,12.9263770223,12.9674131398,571321,0.0,1.0
1218,2017-03-08T00:00:00.000Z,15.7,15.92,15.7,15.75,317007,12.8853409047,13.0658998219,12.8853409047,12.9263770223,317007,0.0,1.0
1219,2017-03-09T00:00:00.000Z,15.5,15.9,15.45,15.6,607859,12.7211964346,13.0494853749,12.6801603171,12.8032686697,607859,0.0,1.0
1220,2017-03-10T00:00:00.000Z,15.7,15.75,15.55,15.6,269716,12.8853409047,12.9263770223,12.7622325521,12.8032686697,269716,0.0,1.0
1221,2017-03-13T00:00:00.000Z,15.95,16.1,15.75,16.05,487985,13.0905214924,13.213629845,12.9263770223,13.1725937275,487985,0.0,1.0
1222,2017-03-14T00:00:00.000Z,16.3,16.3,15.9,15.95,577066,13.3777743151,13.3777743151,13.0494853749,13.0905214924,577066,0.0,1.0
1223,2017-03-15T00:00:00.000Z,16.4,16.55,16.2,16.3,528883,13.4598465502,13.5829549028,13.2957020801,13.3777743151,528883,0.0,1.0
1224,2017-03-16T00:00:00.000Z,16.45,16.65,16.35,16.45,532108,13.5008826677,13.6650271378,13.4188104326,13.5008826677,532108,0.0,1.0
1225,2017-03-17T00:00:00.000Z,16.05,16.5,16.05,16.5,466398,13.1725937275,13.5419187852,13.1725937275,13.5419187852,466398,0.0,1.0
1226,2017-03-20T00:00:00.000Z,16.0,16.15,15.9,16.0,203312,13.1315576099,13.2546659625,13.0494853749,13.1315576099,203312,0.0,1.0
1227,2017-03-21T00:00:00.000Z,15.75,16.1,15.6,16.0,474323,12.9263770223,13.213629845,12.8032686697,13.1315576099,474323,0.0,1.0
1228,2017-03-22T00:00:00.000Z,15.8,16.0,15.5,15.7,1053720,12.9674131398,13.1315576099,12.7211964346,12.8853409047,1053720,0.0,1.0
1229,2017-03-23T00:00:00.000Z,15.9,16.05,15.75,15.8,241255,13.0494853749,13.1725937275,12.9263770223,12.9674131398,241255,0.0,1.0
1230,2017-03-24T00:00:00.000Z,15.65,15.85,15.55,15.85,329873,12.8443047872,13.0084492573,12.7622325521,13.0084492573,329873,0.0,1.0
1231,2017-03-27T00:00:00.000Z,16.0,16.0,15.45,15.55,470830,13.1315576099,13.1315576099,12.6801603171,12.7622325521,470830,0.0,1.0
1232,2017-03-28T00:00:00.000Z,15.9,16.175,15.85,15.95,225962,13.0494853749,13.2751840213,13.0084492573,13.0905214924,225962,0.0,1.0
1233,2017-03-29T00:00:00.000Z,15.8,15.9,15.75,15.85,160587,12.9674131398,13.0494853749,12.9263770223,13.0084492573,160587,0.0,1.0
1234,2017-03-30T00:00:00.000Z,15.9,15.95,15.8,15.8,405104,13.0494853749,13.0905214924,12.9674131398,12.9674131398,405104,0.0,1.0
1235,2017-03-31T00:00:00.000Z,15.95,16.075,15.8,15.85,347994,13.0905214924,13.1931117862,12.9674131398,13.0084492573,347994,0.0,1.0
1236,2017-04-03T00:00:00.000Z,15.9,16.0535,15.7,16.0,363771,13.0494853749,13.1754662557,12.8853409047,13.1315576099,363771,0.0,1.0
1237,2017-04-04T00:00:00.000Z,15.9,16.0,15.6,15.8,404966,13.0494853749,13.1315576099,12.8032686697,12.9674131398,404966,0.0,1.0
1238,2017-04-05T00:00:00.000Z,15.9,16.1,15.7,15.95,448234,13.0494853749,13.213629845,12.8853409047,13.0905214924,448234,0.0,1.0
1239,2017-04-06T00:00:00.000Z,15.8,16.0,15.6,15.6,391979,12.9674131398,13.1315576099,12.8032686697,12.8032686697,391979,0.0,1.0
1240,2017-04-07T00:00:00.000Z,15.85,16.0,15.7,15.85,288222,13.0084492573,13.1315576099,12.8853409047,13.0084492573,288222,0.0,1.0
1241,2017-04-10T00:00:00.000Z,16.05,16.15,15.75,15.9,243031,13.1725937275,13.2546659625,12.9263770223,13.0494853749,243031,0.0,1.0
1242,2017-04-11T00:00:00.000Z,16.2,16.25,15.95,16.05,416351,13.2957020801,13.3367381976,13.0905214924,13.1725937275,416351,0.0,1.0
1243,2017-04-12T00:00:00.000Z,16.0,16.225,15.95,16.15,386354,13.1315576099,13.3162201388,13.0905214924,13.2546659625,386354,0.0,1.0
1244,2017-04-13T00:00:00.000Z,16.15,16.2,15.9,16.0,325121,13.2546659625,13.2957020801,13.0494853749,13.1315576099,325121,0.0,1.0
1245,2017-04-17T00:00:00.000Z,16.1,16.245,16.0,16.15,323788,13.213629845,13.3326345858,13.1315576099,13.2546659625,323788,0.0,1.0
1246,2017-04-18T00:00:00.000Z,15.75,16.05,15.75,16.05,385884,12.9263770223,13.1725937275,12.9263770223,13.1725937275,385884,0.0,1.0
1247,2017-04-19T00:00:00.000Z,15.9,16.15,15.725,15.75,612348,13.0494853749,13.2546659625,12.9058589635,12.9263770223,612348,0.0,1.0
1248,2017-04-20T00:00:00.000Z,16.2,16.3,15.75,15.85,415019,13.2957020801,13.3777743151,12.9263770223,13.0084492573,415019,0.0,1.0
1249,2017-04-21T00:00:00.000Z,16.05,16.2,15.9,16.2,447797,13.1725937275,13.2957020801,13.0494853749,13.2957020801,447797,0.0,1.0
1250,2017-04-24T00:00:00.000Z,16.65,16.75,16.155,16.2,870822,13.6650271378,13.7470993729,13.2587695743,13.2957020801,870822,0.0,1.0
1251,2017-04-25T00:00:00.000Z,16.7,16.9,16.6,16.7,779439,13.7060632554,13.8702077255,13.6239910203,13.7060632554,779439,0.0,1.0
1252,2017-04-26T00:00:00.000Z,17.0,17.0,16.7,16.7,530496,13.9522799605,13.9522799605,13.7060632554,13.7060632554,530496,0.0,1.0
1253,2017-04-27T00:00:00.000Z,17.5,17.5,16.8,17.0,1051038,14.3626411359,14.3626411359,13.7881354904,13.9522799605,1051038,0.0,1.0
1254,2017-04-28T00:00:00.000Z,17.7,17.7,17.4,17.5,993069,14.526785606,14.526785606,14.2805689008,14.3626411359,993069,0.0,1.0
1255,2017-05-01T00:00:00.000Z,17.75,17.8,17.55,17.75,617881,14.5678217235,14.608857841,14.4036772534,14.5678217235,617881,0.0,1.0
1256,2017-05-02T00:00:00.000Z,17.4,17.7273,17.2,17.7,730092,14.2805689008,14.5491913262,14.1164244307,14.526785606,730092,0.0,1.0
1257,2017-05-03T00:00:00.000Z,18.0,18.15,17.4135,17.55,2787846,14.7730023112,14.8961106638,14.2916486525,14.4036772534,2787846,0.0,1.0
1258,2017-05-04T00:00:00.000Z,18.1,18.65,18.0,18.25,1665803,14.8550745462,15.3064718391,14.7730023112,14.9781828988,1665803,0.0,1.0
1259,2017-05-05T00:00:00.000Z,18.1,18.2,17.75,18.1,795288,14.8550745462,14.9371467813,14.5678217235,14.8550745462,795288,0.0,1.0
1260,2017-05-08T00:00:00.000Z,17.75,18.15,17.625,18.15,908202,14.5678217235,14.8961106638,14.4652314297,14.8961106638,908202,0.0,1.0
1261,2017-05-09T00:00:00.000Z,17.85,17.95,17.4,17.75,979391,14.6498939586,14.7319661936,14.2805689008,14.5678217235,979391,0.0,1.0
1262,2017-05-10T00:00:00.000Z,17.7,17.875,17.65,17.8,334544,14.526785606,14.6704120173,14.4857494884,14.608857841,334544,0.0,1.0
1263,2017-05-11T00:00:00.000Z,18.05,18.05,17.5,17.95,820839,14.8961106638,14.8961106638,14.4422125549,14.8135837349,820839,0.1,1.0
1264,2017-05-12T00:00:00.000Z,18.25,18.4,17.85,18.0,709573,15.0611645215,15.1849549149,14.731056806,14.8548471993,709573,0.0,1.0
1265,2017-05-15T00:00:00.000Z,18.6,18.8,18.25,18.3,1138960,15.3500087726,15.5150626304,15.0611645215,15.102427986,1138960,0.0,1.0
1266,2017-05-16T00:00:00.000Z,18.6,18.8,18.35,18.65,1324815,15.3500087726,15.5150626304,15.1436914504,15.3912722371,1324815,0.0,1.0
1267,2017-05-17T00:00:00.000Z,17.45,18.4,17.4,18.4,1219172,14.4009490904,15.1849549149,14.359685626,15.1849549149,1219172,0.0,1.0
1268,2017-05-18T00:00:00.000Z,17.25,17.45,16.85,17.4,2005737,14.2358952327,14.4009490904,13.9057875171,14.359685626,2005737,0.0,1.0
1269,2017-05-19T00:00:00.000Z,17.6,17.725,17.3,17.3,779431,14.5247394838,14.6278981449,14.2771586971,14.2771586971,779431,0.0,1.0
1270,2017-05-22T00:00:00.000Z,17.85,18.25,17.5,17.75,1028943,14.731056806,15.0611645215,14.4422125549,14.6485298771,1028943,0.0,1.0
1271,2017-05-23T00:00:00.000Z,18.0,18.1,17.75,17.95,863187,14.8548471993,14.9373741282,14.6485298771,14.8135837349,863187,0.0,1.0
1272,2017-05-24T00:00:00.000Z,17.8,18.1,17.675,18.1,489384,14.6897933415,14.9373741282,14.5866346804,14.9373741282,489384,0.0,1.0
1273,2017-05-25T00:00:00.000Z,17.65,17.945,17.65,17.8,439421,14.5660029482,14.8094573884,14.5660029482,14.6897933415,439421,0.0,1.0
1274,2017-05-26T00:00:00.000Z,17.75,17.925,17.65,17.65,420927,14.6485298771,14.7929520027,14.5660029482,14.5660029482,420927,0.0,1.0
1275,2017-05-30T00:00:00.000Z,17.85,17.9,17.65,17.75,526665,14.731056806,14.7723202704,14.5660029482,14.6485298771,526665,0.0,1.0
1276,2017-05-31T00:00:00.000Z,17.65,17.895,17.45,17.85,693293,14.5660029482,14.768193924,14.4009490904,14.731056806,693293,0.0,1.0
1277,2017-06-01T00:00:00.000Z,17.9,17.95,17.6,17.7,650538,14.7723202704,14.8135837349,14.5247394838,14.6072664127,650538,0.0,1.0
1278,2017-06-02T00:00:00.000Z,17.8,17.95,17.75,17.95,380851,14.6897933415,14.8135837349,14.6485298771,14.8135837349,380851,0.0,1.0
1279,2017-06-05T00:00:00.000Z,17.55,17.95,17.45,17.9,543536,14.4834760193,14.8135837349,14.4009490904,14.7723202704,543536,0.0,1.0
1280,2017-06-06T00:00:00.000Z,17.3,17.55,17.2,17.45,890441,14.2771586971,14.4834760193,14.1946317682,14.4009490904,890441,0.0,1.0
1281,2017-06-07T00:00:00.000Z,17.45,17.55,17.15,17.4,443978,14.4009490904,14.4834760193,14.1533683038,14.359685626,443978,0.0,1.0
1282,2017-06-08T00:00:00.000Z,17.6,18.1,17.55,18.1,623619,14.5247394838,14.9373741282,14.4834760193,14.9373741282,623619,0.0,1.0
1283,2017-06-09T00:00:00.000Z,18.1,18.1,17.65,17.95,602469,14.9373741282,14.9373741282,14.5660029482,14.8135837349,602469,0.0,1.0
1284,2017-06-12T00:00:00.000Z,18.1,18.25,17.7,18.1,943657,14.9373741282,15.0611645215,14.6072664127,14.9373741282,943657,0.0,1.0
1285,2017-06-13T00:00:00.000Z,18.45,18.5,17.9,18.15,1066651,15.2262183793,15.2674818437,14.7723202704,14.9786375926,1066651,0.0,1.0
1286,2017-06-14T00:00:00.000Z,18.65,18.75,18.25,18.45,1362700,15.3912722371,15.473799166,15.0611645215,15.2262183793,1362700,0.0,1.0
1287,2017-06-15T00:00:00.000Z,18.3,18.55,18.2,18.45,502595,15.102427986,15.3087453082,15.0199010571,15.2262183793,502595,0.0,1.0
1288,2017-06-16T00:00:00.000Z,18.3,18.45,18.15,18.4,495295,15.102427986,15.2262183793,14.9786375926,15.1849549149,495295,0.0,1.0
1289,2017-06-19T00:00:00.000Z,18.75,18.95,18.2,18.3,739362,15.473799166,15.6388530237,15.0199010571,15.102427986,739362,0.0,1.0
1290,2017-06-20T00:00:00.000Z,18.7,18.93,18.55,18.85,404591,15.4325357015,15.6223476379,15.3087453082,15.5563260948,404591,0.0,1.0
1291,2017-06-21T00:00:00.000Z,19.3,19.325,18.64,18.7,1083618,15.9276972748,15.948329007,15.3830195442,15.4325357015,1083618,0.0,1.0
1292,2017-06-22T00:00:00.000Z,19.3,19.35,19.0,19.35,601663,15.9276972748,15.9689607393,15.6801164882,15.9689607393,601663,0.0,1.0
1293,2017-06-23T00:00:00.000Z,19.35,19.35,19.15,19.2,278534,15.9689607393,15.9689607393,15.8039068815,15.8451703459,278534,0.0,1.0
1294,2017-06-26T00:00:00.000Z,19.25,19.5,19.15,19.35,552886,15.8864338104,16.0927511326,15.8039068815,15.9689607393,552886,0.0,1.0
1295,2017-06-27T00:00:00.000Z,19.4,19.5,19.1,19.15,629966,16.0102242037,16.0927511326,15.7626434171,15.8039068815,629966,0.0,1.0
1296,2017-06-28T00:00:00.000Z,19.7,19.9,19.3667,19.5,819833,16.2578049904,16.4228588481,15.9827427364,16.0927511326,819833,0.0,1.0
1297,2017-06-29T00:00:00.000Z,19.8,19.95,19.65,19.85,856943,16.3403319192,16.4641223126,16.2165415259,16.3815953837,856943,0.0,1.0
1298,2017-06-30T00:00:00.000Z,19.75,20.0,19.7,19.9,847824,16.2990684548,16.505385777,16.2578049904,16.4228588481,847824,0.0,1.0
1299,2017-07-03T00:00:00.000Z,19.55,20.0,19.35,19.85,361122,16.134014597,16.505385777,15.9689607393,16.3815953837,361122,0.0,1.0
1300,2017-07-05T00:00:00.000Z,19.25,19.75,19.25,19.65,601655,15.8864338104,16.2990684548,15.8864338104,16.2165415259,601655,0.0,1.0
1301,2017-07-06T00:00:00.000Z,18.95,19.25,18.85,19.25,980533,15.6388530237,15.8864338104,15.5563260948,15.8864338104,980533,0.0,1.0
1302,2017-07-07T00:00:00.000Z,19.25,19.25,19.0,19.05,591390,15.8864338104,15.8864338104,15.6801164882,15.7213799526,591390,0.0,1.0
1303,2017-07-10T00:00:00.000Z,20.45,20.5,19.25,19.35,1586984,16.876756957,16.9180204214,15.8864338104,15.9689607393,1586984,0.0,1.0
1304,2017-07-11T00:00:00.000Z,20.65,20.7,20.3,20.35,1235849,17.0418108148,17.0830742792,16.7529665637,16.7942300281,1235849,0.0,1.0
1305,2017-07-12T00:00:00.000Z,20.25,20.85,20.05,20.7,946959,16.7117030992,17.2068646725,16.5466492415,17.0830742792,946959,0.0,1.0
1306,2017-07-13T00:00:00.000Z,20.25,20.4,20.0643,20.35,764021,16.7117030992,16.8354934926,16.5584505923,16.7942300281,764021,0.0,1.0
1307,2017-07-14T00:00:00.000Z,20.4,20.4,20.15,20.15,617642,16.8354934926,16.8354934926,16.6291761703,16.6291761703,617642,0.0,1.0
1308,2017-07-17T00:00:00.000Z,20.3,20.55,20.1,20.4,663003,16.7529665637,16.9592838859,16.5879127059,16.8354934926,663003,0.0,1.0
1309,2017-07-18T00:00:00.000Z,20.25,20.35,19.95,20.25,680540,16.7117030992,16.7942300281,16.4641223126,16.7117030992,680540,0.0,1.0
1310,2017-07-19T00:00:00.000Z,20.6,20.6,20.1,20.35,467620,17.0005473503,17.0005473503,16.5879127059,16.7942300281,467620,0.0,1.0
1311,2017-07-20T00:00:00.000Z,20.4,20.725,20.2,20.65,721847,16.8354934926,17.1037060114,16.6704396348,17.0418108148,721847,0.0,1.0
1312,2017-07-21T00:00:00.000Z,20.5,20.7,20.25,20.55,481195,16.9180204214,17.0830742792,16.7117030992,16.9592838859,481195,0.0,1.0
1313,2017-07-24T00:00:00.000Z,20.25,20.5,20.1,20.4,471921,16.7117030992,16.9180204214,16.5879127059,16.8354934926,471921,0.0,1.0
1314,2017-07-25T00:00:00.000Z,20.3,20.4,20.05,20.35,420229,16.7529665637,16.8354934926,16.5466492415,16.7942300281,420229,0.0,1.0
1315,2017-07-26T00:00:00.000Z,20.75,20.85,20.15,20.35,495518,17.1243377437,17.2068646725,16.6291761703,16.7942300281,495518,0.0,1.0
1316,2017-07-27T00:00:00.000Z,20.95,21.25,20.7,20.85,667961,17.2893916014,17.5369723881,17.0830742792,17.2068646725,667961,0.0,1.0
1317,2017-07-28T00:00:00.000Z,20.75,21.025,20.7,21.0,310857,17.1243377437,17.3512867981,17.0830742792,17.3306550659,310857,0.0,1.0
1318,2017-07-31T00:00:00.000Z,20.5,21.0,20.4,20.7,290749,16.9180204214,17.3306550659,16.8354934926,17.0830742792,290749,0.0,1.0
1319,2017-08-01T00:00:00.000Z,20.7,21.17,20.5,20.6,547320,17.0830742792,17.470950845,16.9180204214,17.0005473503,547320,0.0,1.0
1320,2017-08-02T00:00:00.000Z,21.85,21.95,20.8,21.5,1808216,18.0321339614,18.1146608903,17.1656012081,17.7432897103,1808216,0.0,1.0
1321,2017-08-03T00:00:00.000Z,21.7,22.0,21.2,22.0,1110880,17.9083435681,18.1559243547,17.4957089236,18.1559243547,1110880,0.0,1.0
1322,2017-08-04T00:00:00.000Z,21.95,22.05,21.74,21.8,502595,18.1146608903,18.1971878192,17.9413543396,17.990870497,502595,0.0,1.0
1323,2017-08-07T00:00:00.000Z,21.85,22.125,21.718,21.95,780784,18.0321339614,18.2590830158,17.9231984153,18.1146608903,780784,0.0,1.0
1324,2017-08-08T00:00:00.000Z,20.8,21.8,20.8,21.75,2236938,17.1656012081,17.990870497,17.1656012081,17.9496070325,2236938,0.0,1.0
1325,2017-08-09T00:00:00.000Z,20.7,21.05,20.35,20.75,1838214,17.0830742792,17.3719185303,16.7942300281,17.1243377437,1838214,0.0,1.0
1326,2017-08-10T00:00:00.000Z,20.4,20.625,19.9,20.15,1813687,17.1821065939,17.3716151225,16.7609765303,16.9715415621,1813687,0.42,1.0
1327,2017-08-11T00:00:00.000Z,21.1,21.1,20.3,20.35,1157191,17.7716886829,17.7716886829,17.0978805812,17.1399935875,1157191,0.0,1.0
1328,2017-08-14T00:00:00.000Z,21.4,21.575,21.1,21.3,1168675,18.024366721,18.1717622433,17.7716886829,17.9401407083,1168675,0.0,1.0
1329,2017-08-15T00:00:00.000Z,21.3,21.45,21.0315,21.45,877312,17.9401407083,18.0664797274,17.7139938642,18.0664797274,877312,0.0,1.0
1330,2017-08-16T00:00:00.000Z,21.4,21.55,21.15,21.2,927084,18.024366721,18.1507057401,17.8138016892,17.8559146956,927084,0.0,1.0
1331,2017-08-17T00:00:00.000Z,21.2,21.6,21.1,21.3,1252453,17.8559146956,18.1928187465,17.7716886829,17.9401407083,1252453,0.0,1.0
1332,2017-08-18T00:00:00.000Z,20.95,21.3,20.75,21.1,728681,17.6453496638,17.9401407083,17.4768976384,17.7716886829,728681,0.0,1.0
1333,2017-08-21T00:00:00.000Z,20.65,21.05,20.55,21.0,884952,17.3926716257,17.7295756765,17.3084456129,17.6874626702,884952,0.0,1.0
1334,2017-08-22T00:00:00.000Z,20.9,20.95,20.65,20.75,1120488,17.6032366575,17.6453496638,17.3926716257,17.4768976384,1120488,0.0,1.0
1335,2017-08-23T00:00:00.000Z,21.1,21.25,20.65,20.95,945955,17.7716886829,17.898027702,17.3926716257,17.6453496638,945955,0.0,1.0
1336,2017-08-24T00:00:00.000Z,20.95,21.2,20.75,21.2,653231,17.6453496638,17.8559146956,17.4768976384,17.8559146956,653231,0.0,1.0
1337,2017-08-25T00:00:00.000Z,20.85,21.05,20.675,21.05,816758,17.5611236511,17.7295756765,17.4137281288,17.7295756765,816758,0.0,1.0
1338,2017-08-28T00:00:00.000Z,20.95,21.05,20.75,21.0,847426,17.6453496638,17.7295756765,17.4768976384,17.6874626702,847426,0.0,1.0
1339,2017-08-29T00:00:00.000Z,20.75,20.9,20.55,20.85,555698,17.4768976384,17.6032366575,17.3084456129,17.5611236511,555698,0.0,1.0
1340,2017-08-30T00:00:00.000Z,20.8,20.975,20.6,20.7,989324,17.5190106447,17.666406167,17.3505586193,17.434784632,989324,0.0,1.0
1341,2017-08-31T00:00:00.000Z,20.75,20.95,20.65,20.75,590310,17.4768976384,17.6453496638,17.3926716257,17.4768976384,590310,0.0,1.0
1342,2017-09-01T00:00:00.000Z,21.0,21.25,20.8,20.85,574500,17.6874626702,17.898027702,17.5190106447,17.5611236511,574500,0.0,1.0
1343,2017-09-05T00:00:00.000Z,20.65,21.2,20.45,21.0,831495,17.3926716257,17.8559146956,17.2242196002,17.6874626702,831495,0.0,1.0
1344,2017-09-06T00:00:00.000Z,20.7,21.075,20.65,20.7,650065,17.434784632,17.7506321797,17.3926716257,17.434784632,650065,0.0,1.0
1345,2017-09-07T00:00:00.000Z,20.25,20.85,20.05,20.6,731631,17.0557675748,17.5611236511,16.8873155494,17.3505586193,731631,0.0,1.0
1346,2017-09-08T00:00:00.000Z,20.15,20.3,20.05,20.2,427632,16.9715415621,17.0978805812,16.8873155494,17.0136545684,427632,0.0,1.0
1347,2017-09-11T00:00:00.000Z,21.45,21.5,20.75,20.8,2104568,18.0664797274,18.1085927337,17.4768976384,17.5190106447,2104568,0.0,1.0
1348,2017-09-12T00:00:00.000Z,22.35,22.4,21.65,21.9,2166355,18.8245138418,18.8666268482,18.2349317528,18.4454967846,2166355,0.0,1.0
1349,2017-09-13T00:00:00.000Z,22.8,22.95,22.2,22.65,1671295,19.203530899,19.3298699181,18.6981748227,19.07719188,1671295,0.0,1.0
1350,2017-09-14T00:00:00.000Z,23.35,23.425,22.5,22.85,1782862,19.666773969,19.7299434785,18.9508528609,19.2456439054,1782862,0.0,1.0
1351,2017-09-15T00:00:00.000Z,23.55,23.9,23.1,23.4,1621241,19.8352259944,20.1300170389,19.4562089372,19.7088869753,1621241,0.0,1.0
1352,2017-09-18T00:00:00.000Z,24.1,24.1,23.6,23.75,1092640,20.2984690643,20.2984690643,19.8773390008,20.0036780198,1092640,0.0,1.0
1353,2017-09-19T00:00:00.000Z,23.55,24.2,23.2535,24.1,1406078,19.8352259944,20.3826950771,19.5854958667,20.2984690643,1406078,0.0,1.0
1354,2017-09-20T00:00:00.000Z,23.75,24.0,23.5,23.5,816539,20.0036780198,20.2142430516,19.793112988,19.793112988,816539,0.0,1.0
1355,2017-09-21T00:00:00.000Z,23.7,23.9,23.35,23.75,497155,19.9615650135,20.1300170389,19.666773969,20.0036780198,497155,0.0,1.0
1356,2017-09-22T00:00:00.000Z,24.45,24.6,23.6,23.6,780456,20.5932601088,20.7195991279,19.8773390008,19.8773390008,780456,0.0,1.0
1357,2017-09-25T00:00:00.000Z,24.1,24.7,23.925,24.35,761221,20.2984690643,20.8038251406,20.1510735421,20.5090340961,761221,0.0,1.0
1358,2017-09-26T00:00:00.000Z,23.7,24.3,23.65,24.2,1136695,19.9615650135,20.4669210898,19.9194520071,20.3826950771,1136695,0.0,1.0
1359,2017-09-27T00:00:00.000Z,23.55,23.9,22.85,23.75,960849,19.8352259944,20.1300170389,19.2456439054,20.0036780198,960849,0.0,1.0
1360,2017-09-28T00:00:00.000Z,23.4,23.9,23.4,23.7,670130,19.7088869753,20.1300170389,19.7088869753,19.9615650135,670130,0.0,1.0
1361,2017-09-29T00:00:00.000Z,23.6,23.6,23.15,23.4,593096,19.8773390008,19.8773390008,19.4983219435,19.7088869753,593096,0.0,1.0
1362,2017-10-02T00:00:00.000Z,24.15,24.2,23.6,23.75,661227,20.3405820707,20.3826950771,19.8773390008,20.0036780198,661227,0.0,1.0
1363,2017-10-03T00:00:00.000Z,23.8,24.15,23.75,24.15,853319,20.0457910262,20.3405820707,20.0036780198,20.3405820707,853319,0.0,1.0
1364,2017-10-04T00:00:00.000Z,24.35,24.4,23.775,23.9,883052,20.5090340961,20.5511471025,20.024734523,20.1300170389,883052,0.0,1.0
1365,2017-10-05T00:00:00.000Z,24.5,24.85,24.2,24.4,977970,20.6353731152,20.9301641597,20.3826950771,20.5511471025,977970,0.0,1.0
1366,2017-10-06T00:00:00.000Z,24.15,24.66,24.075,24.5,434060,20.3405820707,20.7701347355,20.2774125612,20.6353731152,434060,0.0,1.0
1367,2017-10-09T00:00:00.000Z,24.0,24.495,23.855,24.25,382239,20.2142430516,20.6311618146,20.0921153332,20.4248080834,382239,0.0,1.0
1368,2017-10-10T00:00:00.000Z,24.0,24.15,23.6,23.6,589933,20.2142430516,20.3405820707,19.8773390008,19.8773390008,589933,0.0,1.0
1369,2017-10-11T00:00:00.000Z,24.1,24.15,23.875,23.9,432781,20.2984690643,20.3405820707,20.1089605357,20.1300170389,432781,0.0,1.0
1370,2017-10-12T00:00:00.000Z,23.95,24.2,23.85,24.05,309989,20.1721300453,20.3826950771,20.0879040325,20.256356058,309989,0.0,1.0
1371,2017-10-13T00:00:00.000Z,24.05,24.25,23.9,24.0,264523,20.256356058,20.4248080834,20.1300170389,20.2142430516,264523,0.0,1.0
1372,2017-10-16T00:00:00.000Z,24.1,24.45,23.855,24.05,490323,20.2984690643,20.5932601088,20.0921153332,20.256356058,490323,0.0,1.0
1373,2017-10-17T00:00:00.000Z,24.05,24.2,23.9,24.15,307671,20.256356058,20.3826950771,20.1300170389,20.3405820707,307671,0.0,1.0
1374,2017-10-18T00:00:00.000Z,24.45,24.55,23.95,24.2,430974,20.5932601088,20.6774861216,20.1721300453,20.3826950771,430974,0.0,1.0
1375,2017-10-19T00:00:00.000Z,24.2,24.45,23.755,24.25,533010,20.3826950771,20.5932601088,20.0078893205,20.4248080834,533010,0.0,1.0
1376,2017-10-20T00:00:00.000Z,24.35,24.5,24.05,24.4,485413,20.5090340961,20.6353731152,20.256356058,20.5511471025,485413,0.0,1.0
1377,2017-10-23T00:00:00.000Z,23.875,24.25,23.7,24.25,573830,20.1089605357,20.4248080834,19.9615650135,20.4248080834,573830,0.0,1.0
1378,2017-10-24T00:00:00.000Z,23.75,24.0611,23.6,23.85,439629,20.0036780198,20.2657051454,19.8773390008,20.0879040325,439629,0.0,1.0
1379,2017-10-25T00:00:00.000Z,22.95,23.8,22.65,23.8,1165160,19.3298699181,20.0457910262,19.07719188,20.0457910262,1165160,0.0,1.0
1380,2017-10-26T00:00:00.000Z,22.6,23.0,22.15,22.9,1115670,19.0350788736,19.3719829245,18.6560618164,19.2877569118,1115670,0.0,1.0
1381,2017-10-27T00:00:00.000Z,22.4,22.9,22.305,22.55,772536,18.8666268482,19.2877569118,18.7866121361,18.9929658673,772536,0.0,1.0
1382,2017-10-30T00:00:00.000Z,22.5,22.85,22.4,22.4,735754,18.9508528609,19.2456439054,18.8666268482,18.8666268482,735754,0.0,1.0
1383,2017-10-31T00:00:00.000Z,22.05,22.55,21.25,22.0,2037658,18.5718358037,18.9929658673,17.898027702,18.5297227973,2037658,0.0,1.0
1384,2017-11-01T00:00:00.000Z,22.1,22.9,22.0,22.3,1140692,18.61394881,19.2877569118,18.5297227973,18.7824008355,1140692,0.0,1.0
1385,2017-11-02T00:00:00.000Z,22.5,22.65,21.65,21.9,1191042,18.9508528609,19.07719188,18.2349317528,18.4454967846,1191042,0.0,1.0
1386,2017-11-03T00:00:00.000Z,22.55,23.15,22.5,22.6,660938,18.9929658673,19.4983219435,18.9508528609,19.0350788736,660938,0.0,1.0
1387,2017-11-06T00:00:00.000Z,22.25,22.995,22.15,22.7,838554,18.7402878291,19.3677716238,18.6560618164,19.1193048863,838554,0.0,1.0
1388,2017-11-07T00:00:00.000Z,22.0,22.35,21.5,22.25,1325074,18.5297227973,18.8245138418,18.1085927337,18.7402878291,1325074,0.0,1.0
1389,2017-11-08T00:00:00.000Z,21.5,22.108,21.5,21.9,1106990,18.1085927337,18.6206868911,18.1085927337,18.4454967846,1106990,0.0,1.0
1390,2017-11-09T00:00:00.000Z,21.5,21.85,20.8,20.8,1137957,18.5802584049,18.8827277278,17.9753197592,17.9753197592,1137957,0.56,1.0
1391,2017-11-10T00:00:00.000Z,21.25,21.85,21.25,21.5,504007,18.3642088886,18.8827277278,18.3642088886,18.5802584049,504007,0.0,1.0
1392,2017-11-13T00:00:00.000Z,21.175,21.35,20.8,20.85,771189,18.2993940337,18.4506286951,17.9753197592,18.0185296625,771189,0.0,1.0
1393,2017-11-14T00:00:00.000Z,20.65,21.3,20.25,21.05,1582947,17.8456900494,18.4074187919,17.5000108233,18.1913692755,1582947,0.0,1.0
1394,2017-11-15T00:00:00.000Z,20.35,20.55,19.9,20.35,922026,17.5864306298,17.7592702429,17.1975415004,17.5864306298,922026,0.0,1.0
1395,2017-11-16T00:00:00.000Z,21.05,21.1,20.55,20.6,771088,18.1913692755,18.2345791788,17.7592702429,17.8024801461,771088,0.0,1.0
1396,2017-11-17T00:00:00.000Z,21.1,21.5,21.05,21.2,607759,18.2345791788,18.5802584049,18.1913692755,18.3209989853,607759,0.0,1.0
1397,2017-11-20T00:00:00.000Z,21.2,21.37,21.1,21.2,456583,18.3209989853,18.4679126565,18.2345791788,18.3209989853,456583,0.0,1.0
1398,2017-11-21T00:00:00.000Z,21.35,21.45,21.25,21.25,655799,18.4506286951,18.5370485017,18.3642088886,18.3642088886,655799,0.0,1.0
1399,2017-11-22T00:00:00.000Z,21.4,21.6,21.15,21.3,448958,18.4938385984,18.6666782115,18.2777890821,18.4074187919,448958,0.0,1.0
1400,2017-11-24T00:00:00.000Z,21.05,21.5,21.0,21.5,209244,18.1913692755,18.5802584049,18.1481593723,18.5802584049,209244,0.0,1.0
1401,2017-11-27T00:00:00.000Z,20.8,21.0,20.45,20.95,1271790,17.9753197592,18.1481593723,17.6728504363,18.104949469,1271790,0.0,1.0
1402,2017-11-28T00:00:00.000Z,20.3,20.8,20.05,20.8,1601975,17.5432207265,17.9753197592,17.3271712102,17.9753197592,1601975,0.0,1.0
1403,2017-11-29T00:00:00.000Z,20.3,20.63,20.05,20.35,2203500,17.5432207265,17.8284060881,17.3271712102,17.5864306298,2203500,0.0,1.0
1404,2017-11-30T00:00:00.000Z,20.1,20.6,20.1,20.3,1164700,17.3703811135,17.8024801461,17.3703811135,17.5432207265,1164700,0.0,1.0
1405,2017-12-01T00:00:00.000Z,20.05,20.2,19.5,20.15,1743200,17.3271712102,17.45680092,16.8518622743,17.4135910167,1743200,0.0,1.0
1406,2017-12-04T00:00:00.000Z,20.55,20.85,20.3,20.4,2081283,17.7592702429,18.0185296625,17.5432207265,17.6296405331,2081283,0.0,1.0
1407,2017-12-05T00:00:00.000Z,20.55,20.8,20.45,20.75,1297857,17.7592702429,17.9753197592,17.6728504363,17.9321098559,1297857,0.0,1.0
1408,2017-12-06T00:00:00.000Z,20.7,20.85,20.4,20.5,1041262,17.8888999527,18.0185296625,17.6296405331,17.7160603396,1041262,0.0,1.0
1409,2017-12-07T00:00:00.000Z,21.75,22.0,20.55,20.55,1584952,18.7963079213,19.0123574376,17.7592702429,17.7592702429,1584952,0.0,1.0
1410,2017-12-08T00:00:00.000Z,22.15,22.33,21.6,21.95,1289300,19.1419871474,19.2975427992,18.6666782115,18.9691475344,1289300,0.0,1.0
1411,2017-12-11T00:00:00.000Z,22.25,22.4,22.05,22.15,792500,19.228406954,19.3580366638,19.0555673409,19.1419871474,792500,0.0,1.0
1412,2017-12-12T00:00:00.000Z,22.3,22.4,22.1,22.4,592100,19.2716168572,19.3580366638,19.0987772442,19.3580366638,592100,0.0,1.0
1413,2017-12-13T00:00:00.000Z,22.5,22.65,22.25,22.35,755000,19.4444564703,19.5740861801,19.228406954,19.3148267605,755000,0.0,1.0
1414,2017-12-14T00:00:00.000Z,22.15,22.55,22.0,22.4,734500,19.1419871474,19.4876663736,19.0123574376,19.3580366638,734500,0.0,1.0
1415,2017-12-15T00:00:00.000Z,21.75,22.2,21.68,22.1,514800,18.7963079213,19.1851970507,18.7358140567,19.0987772442,514800,0.0,1.0
1416,2017-12-18T00:00:00.000Z,21.7,22.0,21.5,21.75,860400,18.753098018,19.0123574376,18.5802584049,18.7963079213,860400,0.0,1.0
1417,2017-12-19T00:00:00.000Z,21.5,21.95,21.35,21.75,464500,18.5802584049,18.9691475344,18.4506286951,18.7963079213,464500,0.0,1.0
1418,2017-12-20T00:00:00.000Z,22.1,22.3,21.42,21.45,734400,19.0987772442,19.2716168572,18.5111225597,18.5370485017,734400,0.0,1.0
1419,2017-12-21T00:00:00.000Z,22.7,22.7,22.2,22.3,526700,19.6172960834,19.6172960834,19.1851970507,19.2716168572,526700,0.0,1.0
1420,2017-12-22T00:00:00.000Z,22.65,22.8,22.4,22.7,368500,19.5740861801,19.7037158899,19.3580366638,19.6172960834,368500,0.0,1.0
1421,2017-12-26T00:00:00.000Z,22.8,22.85,22.6,22.65,340100,19.7037158899,19.7469257932,19.5308762768,19.5740861801,340100,0.0,1.0
1422,2017-12-27T00:00:00.000Z,23.1,23.15,22.6,22.9,686200,19.9629753095,20.0061852128,19.5308762768,19.7901356964,686200,0.0,1.0
1423,2017-12-28T00:00:00.000Z,22.95,23.2,22.55,23.1,465000,19.8333455997,20.049395116,19.4876663736,19.9629753095,465000,0.0,1.0
1424,2017-12-29T00:00:00.000Z,22.9,22.98,22.55,22.7,377400,19.7901356964,19.8592715417,19.4876663736,19.6172960834,377400,0.0,1.0
1425,2018-01-02T00:00:00.000Z,23.3,23.45,22.76,23.0,727800,20.1358149226,20.2654446324,19.6691479673,19.876555503,727800,0.0,1.0
1426,2018-01-03T00:00:00.000Z,23.9,24.1,23.3,23.5,817100,20.6543337618,20.8271733748,20.1358149226,20.3086545356,817100,0.0,1.0
1427,2018-01-04T00:00:00.000Z,23.9,24.4,23.55,24.1,571300,20.6543337618,21.0864327945,20.3518644389,20.8271733748,571300,0.0,1.0
1428,2018-01-05T00:00:00.000Z,23.95,24.1,23.2,24.05,788000,20.697543665,20.8271733748,20.049395116,20.7839634716,788000,0.0,1.0
1429,2018-01-08T00:00:00.000Z,24.1,24.15,23.55,23.95,427900,20.8271733748,20.8703832781,20.3518644389,20.697543665,427900,0.0,1.0
1430,2018-01-09T00:00:00.000Z,24.25,24.5,24.05,24.25,530600,20.9568030847,21.172852601,20.7839634716,20.9568030847,530600,0.0,1.0
1431,2018-01-10T00:00:00.000Z,24.25,24.65,24.15,24.35,614600,20.9568030847,21.3024823108,20.8703832781,21.0432228912,614600,0.0,1.0
1432,2018-01-11T00:00:00.000Z,24.7,24.95,24.45,24.5,760000,21.3456922141,21.5617417304,21.1296426977,21.172852601,760000,0.0,1.0
1433,2018-01-12T00:00:00.000Z,25.3,25.5,24.75,24.8,732400,21.8642110533,22.0370506663,21.3889021173,21.4321120206,732400,0.0,1.0
1434,2018-01-16T00:00:00.000Z,24.85,25.85,24.45,25.4,1076200,21.4753219239,22.3395199892,21.1296426977,21.9506308598,1076200,0.0,1.0
1435,2018-01-17T00:00:00.000Z,24.7,25.0,24.43,25.0,490800,21.3456922141,21.6049516337,21.1123587364,21.6049516337,490800,0.0,1.0
1436,2018-01-18T00:00:00.000Z,24.4,24.7,24.05,24.65,469100,21.0864327945,21.3456922141,20.7839634716,21.3024823108,469100,0.0,1.0
1437,2018-01-19T00:00:00.000Z,24.35,24.45,24.1,24.3,617800,21.0432228912,21.1296426977,20.8271733748,21.0000129879,617800,0.0,1.0
1438,2018-01-22T00:00:00.000Z,24.55,24.85,24.2,24.4,562500,21.2160625043,21.4753219239,20.9135931814,21.0864327945,562500,0.0,1.0
1439,2018-01-23T00:00:00.000Z,24.5,24.75,24.3,24.5,609000,21.172852601,21.3889021173,21.0000129879,21.172852601,609000,0.0,1.0
1440,2018-01-24T00:00:00.000Z,25.0,25.2,24.5,24.55,731600,21.6049516337,21.7777912467,21.172852601,21.2160625043,731600,0.0,1.0
1441,2018-01-25T00:00:00.000Z,25.45,25.53,25.15,25.15,677100,21.9938407631,22.0629766083,21.7345813435,21.7345813435,677100,0.0,1.0
1442,2018-01-26T00:00:00.000Z,25.6,25.75,25.4,25.7,564800,22.1234704729,22.2531001827,21.9506308598,22.2098902794,564800,0.0,1.0
1443,2018-01-29T00:00:00.000Z,25.5,25.9,25.2,25.65,386100,22.0370506663,22.3827298925,21.7777912467,22.1666803761,386100,0.0,1.0
1444,2018-01-30T00:00:00.000Z,25.3,25.45,25.0,25.35,1265400,21.8642110533,21.9938407631,21.6049516337,21.9074209565,1265400,0.0,1.0
1445,2018-01-31T00:00:00.000Z,25.2,25.65,25.0,25.5,373900,21.7777912467,22.1666803761,21.6049516337,22.0370506663,373900,0.0,1.0
1446,2018-02-01T00:00:00.000Z,25.85,25.85,25.05,25.15,650500,22.3395199892,22.3395199892,21.6481615369,21.7345813435,650500,0.0,1.0
1447,2018-02-02T00:00:00.000Z,25.55,25.8,25.1,25.8,711800,22.0802605696,22.2963100859,21.6913714402,22.2963100859,711800,0.0,1.0
1448,2018-02-05T00:00:00.000Z,23.95,25.3,23.66,25.1,1150000,20.697543665,21.8642110533,20.4469262261,21.6913714402,1150000,0.0,1.0
1449,2018-02-06T00:00:00.000Z,24.35,24.5,21.35,23.55,1449400,21.0432228912,21.172852601,18.4506286951,20.3518644389,1449400,0.0,1.0
1450,2018-02-07T00:00:00.000Z,24.1,25.5,24.0,25.0,1579300,20.8271733748,22.0370506663,20.7407535683,21.6049516337,1579300,0.0,1.0
1451,2018-02-08T00:00:00.000Z,23.0,24.7,22.85,24.45,1490600,19.876555503,21.3456922141,19.7469257932,21.1296426977,1490600,0.0,1.0
1452,2018-02-09T00:00:00.000Z,22.9,23.4,22.05,23.2,1058600,19.7901356964,20.2222347291,19.0555673409,20.049395116,1058600,0.0,1.0
1453,2018-02-12T00:00:00.000Z,23.55,24.1,23.0,23.05,930900,20.3518644389,20.8271733748,19.876555503,19.9197654062,930900,0.0,1.0
1454,2018-02-13T00:00:00.000Z,23.45,23.55,23.15,23.45,652000,20.2654446324,20.3518644389,20.0061852128,20.2654446324,652000,0.0,1.0
1455,2018-02-14T00:00:00.000Z,23.65,24.15,23.21,23.7,857500,20.4382842454,20.8703832781,20.0580370967,20.4814941487,857500,0.0,1.0
1456,2018-02-15T00:00:00.000Z,24.0,24.75,23.8,24.0,1432600,20.7407535683,21.3889021173,20.5679139552,20.7407535683,1432600,0.0,1.0
1457,2018-02-16T00:00:00.000Z,23.3,23.95,23.15,23.95,671300,20.4210002841,20.9906848414,20.2895346171,20.9906848414,671300,0.33,1.0
1458,2018-02-20T00:00:00.000Z,23.25,23.8,23.14,23.15,597600,20.3771783951,20.8592191744,20.2807702393,20.2895346171,597600,0.0,1.0
1459,2018-02-21T00:00:00.000Z,23.0,23.9,22.95,23.35,763800,20.15806895,20.9468629524,20.114247061,20.4648221732,763800,0.0,1.0
1460,2018-02-22T00:00:00.000Z,23.25,23.45,22.7,23.15,731711,20.3771783951,20.5524659512,19.8951376159,20.2895346171,731711,0.0,1.0
1461,2018-02-23T00:00:00.000Z,23.15,23.7,22.9,23.3,617100,20.2895346171,20.7715753963,20.070425172,20.4210002841,617100,0.0,1.0
1462,2018-02-26T00:00:00.000Z,23.75,23.85,23.3,23.35,750600,20.8153972853,20.9030410634,20.4210002841,20.4648221732,750600,0.0,1.0
1463,2018-02-27T00:00:00.000Z,23.1,23.95,23.0,23.85,732800,20.245712728,20.9906848414,20.15806895,20.9030410634,732800,0.0,1.0
1464,2018-02-28T00:00:00.000Z,22.85,23.55,22.8,23.3,715100,20.0266032829,20.6401097292,19.9827813939,20.4210002841,715100,0.0,1.0
1465,2018-03-01T00:00:00.000Z,22.65,23.15,22.2,22.8,755300,19.8513157269,20.2895346171,19.4569187257,19.9827813939,755300,0.0,1.0
1466,2018-03-02T00:00:00.000Z,22.6,22.95,22.0,22.45,620800,19.8074938378,20.114247061,19.2816311696,19.6760281708,620800,0.0,1.0
1467,2018-03-05T00:00:00.000Z,22.85,23.05,22.3,22.4,419400,20.0266032829,20.201890839,19.5445625037,19.6322062817,419400,0.0,1.0
1468,2018-03-06T00:00:00.000Z,22.8,23.0,22.5,22.9,424800,19.9827813939,20.15806895,19.7198500598,20.070425172,424800,0.0,1.0
1469,2018-03-07T00:00:00.000Z,22.6,22.9,22.43,22.8,366700,19.8074938378,20.070425172,19.6584994152,19.9827813939,366700,0.0,1.0
1470,2018-03-08T00:00:00.000Z,22.6,22.71,22.3,22.6,338400,19.8074938378,19.9039019937,19.5445625037,19.8074938378,338400,0.0,1.0
1471,2018-03-09T00:00:00.000Z,23.05,23.1,22.6,22.8,405800,20.201890839,20.245712728,19.8074938378,19.9827813939,405800,0.0,1.0
1472,2018-03-12T00:00:00.000Z,23.35,23.65,23.05,23.65,476900,20.4648221732,20.7277535073,20.201890839,20.7277535073,476900,0.0,1.0
1473,2018-03-13T00:00:00.000Z,23.0,23.55,22.9,23.55,463200,20.15806895,20.6401097292,20.070425172,20.6401097292,463200,0.0,1.0
1474,2018-03-14T00:00:00.000Z,22.75,23.05,22.55,23.05,428500,19.9389595049,20.201890839,19.7636719488,20.201890839,428500,0.0,1.0
1475,2018-03-15T00:00:00.000Z,22.5,22.88,22.3,22.8,455800,19.7198500598,20.0528964164,19.5445625037,19.9827813939,455800,0.0,1.0
1476,2018-03-16T00:00:00.000Z,22.45,22.9,22.35,22.7,647900,19.6760281708,20.070425172,19.5883843927,19.8951376159,647900,0.0,1.0
1477,2018-03-19T00:00:00.000Z,22.1,22.6,22.01,22.4,461100,19.3692749476,19.8074938378,19.2903955474,19.6322062817,461100,0.0,1.0
1478,2018-03-20T00:00:00.000Z,22.35,22.45,22.2,22.3,413400,19.5883843927,19.6760281708,19.4569187257,19.5445625037,413400,0.0,1.0
1479,2018-03-21T00:00:00.000Z,22.2,22.43,22.15,22.3,304800,19.4569187257,19.6584994152,19.4130968366,19.5445625037,304800,0.0,1.0
1480,2018-03-22T00:00:00.000Z,21.8,22.15,21.75,22.0,507700,19.1063436135,19.4130968366,19.0625217245,19.2816311696,507700,0.0,1.0
1481,2018-03-23T00:00:00.000Z,21.5,22.13,21.4,21.8,593900,18.8434122794,19.395568081,18.7557685013,19.1063436135,593900,0.0,1.0
1482,2018-03-26T00:00:00.000Z,21.4,22.0,21.2,22.0,403200,18.7557685013,19.2816311696,18.5804809452,19.2816311696,403200,0.0,1.0
1483,2018-03-27T00:00:00.000Z,21.3,21.85,21.2,21.4,421300,18.6681247233,19.1501655025,18.5804809452,18.7557685013,421300,0.0,1.0
1484,2018-03-28T00:00:00.000Z,21.0,21.45,20.9,21.25,434700,18.4051933891,18.7995903903,18.3175496111,18.6243028342,434700,0.0,1.0
1485,2018-03-29T00:00:00.000Z,21.35,21.61,20.9,21.0,469800,18.7119466123,18.9398204352,18.3175496111,18.4051933891,469800,0.0,1.0
1486,2018-04-02T00:00:00.000Z,20.8,21.35,20.6,21.35,451800,18.229905833,18.7119466123,18.054618277,18.7119466123,451800,0.0,1.0
1487,2018-04-03T00:00:00.000Z,21.05,21.3,20.7,20.8,416400,18.4490152782,18.6681247233,18.142262055,18.229905833,416400,0.0,1.0
1488,2018-04-04T00:00:00.000Z,21.1,21.15,20.61,20.7,437700,18.4928371672,18.5366590562,18.0633826548,18.142262055,437700,0.0,1.0
1489,2018-04-05T00:00:00.000Z,20.9,21.25,20.8,21.2,540700,18.3175496111,18.6243028342,18.229905833,18.5804809452,540700,0.0,1.0
1490,2018-04-06T00:00:00.000Z,20.25,20.73,19.95,20.65,828500,17.7478650538,18.1685551884,17.4849337197,18.098440166,828500,0.0,1.0
1491,2018-04-09T00:00:00.000Z,20.2,20.7,20.15,20.4,572800,17.7040431648,18.142262055,17.6602212758,17.8793307209,572800,0.0,1.0
1492,2018-04-10T00:00:00.000Z,20.65,20.8,20.35,20.55,471900,18.098440166,18.229905833,17.8355088319,18.0107963879,471900,0.0,1.0
1493,2018-04-11T00:00:00.000Z,20.5,20.7,20.35,20.35,388300,17.9669744989,18.142262055,17.8355088319,17.8355088319,388300,0.0,1.0
1494,2018-04-12T00:00:00.000Z,20.65,20.73,20.32,20.5,346400,18.098440166,18.1685551884,17.8092156984,17.9669744989,346400,0.0,1.0
1495,2018-04-13T00:00:00.000Z,20.2,20.75,20.03,20.7,366500,17.7040431648,18.186083944,17.5550487421,18.142262055,366500,0.0,1.0
1496,2018-04-16T00:00:00.000Z,20.2,20.3,19.95,20.3,464200,17.7040431648,17.7916869428,17.4849337197,17.7916869428,464200,0.0,1.0
1497,2018-04-17T00:00:00.000Z,20.55,20.68,20.15,20.3,645100,18.0107963879,18.1247332994,17.6602212758,17.7916869428,645100,0.0,1.0
1498,2018-04-18T00:00:00.000Z,20.73,21.05,20.53,20.65,603800,18.1685551884,18.4490152782,17.9932676323,18.098440166,603800,0.0,1.0
1499,2018-04-19T00:00:00.000Z,20.75,21.0,20.51,20.7,334415,18.186083944,18.4051933891,17.9757388767,18.142262055,334415,0.0,1.0
1500,2018-04-20T00:00:00.000Z,20.85,21.0,20.65,20.8,255400,18.2737277221,18.4051933891,18.098440166,18.229905833,255400,0.0,1.0
1501,2018-04-23T00:00:00.000Z,20.95,21.15,20.85,20.85,393000,18.3613715001,18.5366590562,18.2737277221,18.2737277221,393000,0.0,1.0
1502,2018-04-24T00:00:00.000Z,20.65,21.1,20.45,20.95,573200,18.098440166,18.4928371672,17.9231526099,18.3613715001,573200,0.0,1.0
1503,2018-04-25T00:00:00.000Z,20.15,20.7,19.95,20.7,680300,17.6602212758,18.142262055,17.4849337197,18.142262055,680300,0.0,1.0
1504,2018-04-26T00:00:00.000Z,20.2,20.35,20.0,20.25,347200,17.7040431648,17.8355088319,17.5287556087,17.7478650538,347200,0.0,1.0
1505,2018-04-27T00:00:00.000Z,20.23,20.35,20.15,20.2,272100,17.7303362982,17.8355088319,17.6602212758,17.7040431648,272100,0.0,1.0
1506,2018-04-30T00:00:00.000Z,20.5,20.75,20.35,20.45,420200,17.9669744989,18.186083944,17.8355088319,17.9231526099,420200,0.0,1.0
1507,2018-05-01T00:00:00.000Z,20.6,20.95,20.35,20.55,1093800,18.054618277,18.3613715001,17.8355088319,18.0107963879,1093800,0.0,1.0
1508,2018-05-02T00:00:00.000Z,20.5,21.2,20.5,20.75,1646200,17.9669744989,18.5804809452,17.9669744989,18.186083944,1646200,0.0,1.0
1509,2018-05-03T00:00:00.000Z,20.95,21.7,20.7,21.5,1016800,18.3613715001,19.0186998354,18.142262055,18.8434122794,1016800,0.0,1.0
1510,2018-05-04T00:00:00.000Z,21.45,21.8,20.85,20.85,570700,18.7995903903,19.1063436135,18.2737277221,18.2737277221,570700,0.0,1.0
1511,2018-05-07T00:00:00.000Z,22.0,22.1,21.6,21.65,517800,19.2816311696,19.3692749476,18.9310560574,18.9748779464,517800,0.0,1.0
1512,2018-05-08T00:00:00.000Z,21.6,21.95,21.2,21.9,875300,18.9310560574,19.2378092805,18.5804809452,19.1939873915,875300,0.0,1.0
1513,2018-05-09T00:00:00.000Z,21.8,22.0,21.55,21.55,588800,19.1063436135,19.2816311696,18.8872341684,18.8872341684,588800,0.0,1.0
1514,2018-05-10T00:00:00.000Z,21.75,21.9,21.4,21.7,802000,19.2991599252,19.4322575798,18.988598731,19.2547940403,802000,0.27,1.0
1515,2018-05-11T00:00:00.000Z,21.65,21.85,21.4,21.65,671700,19.2104281554,19.3878916949,18.988598731,19.2104281554,671700,0.0,1.0
1516,2018-05-14T00:00:00.000Z,21.55,21.85,21.43,21.65,548300,19.1216963856,19.3878916949,19.0152182619,19.2104281554,548300,0.0,1.0
1517,2018-05-15T00:00:00.000Z,21.6,21.8,21.45,21.6,654900,19.1660622705,19.3435258101,19.0329646159,19.1660622705,654900,0.0,1.0
1518,2018-05-16T00:00:00.000Z,21.9,22.25,21.45,21.45,493600,19.4322575798,19.742818774,19.0329646159,19.0329646159,493600,0.0,1.0
1519,2018-05-17T00:00:00.000Z,22.35,22.35,21.8,21.9,367000,19.8315505438,19.8315505438,19.3435258101,19.4322575798,367000,0.0,1.0
1520,2018-05-18T00:00:00.000Z,21.6,22.4,21.5,22.4,2453600,19.1660622705,19.8759164287,19.0773305008,19.8759164287,2453600,0.0,1.0
1521,2018-05-21T00:00:00.000Z,22.15,22.3,21.7,21.75,682400,19.6540870043,19.7871846589,19.2547940403,19.2991599252,682400,0.0,1.0
1522,2018-05-22T00:00:00.000Z,21.95,22.4,21.95,22.25,737400,19.4766234647,19.8759164287,19.4766234647,19.742818774,737400,0.0,1.0
1523,2018-05-23T00:00:00.000Z,21.9,21.95,21.55,21.75,451600,19.4322575798,19.4766234647,19.1216963856,19.2991599252,451600,0.0,1.0
1524,2018-05-24T00:00:00.000Z,21.95,22.15,21.65,21.85,492019,19.4766234647,19.6540870043,19.2104281554,19.3878916949,492019,0.0,1.0
1525,2018-05-25T00:00:00.000Z,21.8,21.95,21.75,21.85,362200,19.3435258101,19.4766234647,19.2991599252,19.3878916949,362200,0.0,1.0
1526,2018-05-29T00:00:00.000Z,21.7,21.8,21.3,21.6,534600,19.2547940403,19.3435258101,18.8998669612,19.1660622705,534600,0.0,1.0
1527,2018-05-30T00:00:00.000Z,21.85,22.05,21.7,21.7,348832,19.3878916949,19.5653552345,19.2547940403,19.2547940403,348832,0.0,1.0
1528,2018-05-31T00:00:00.000Z,21.9,22.3,21.7,21.8,408400,19.4322575798,19.7871846589,19.2547940403,19.3435258101,408400,0.0,1.0
1529,2018-06-01T00:00:00.000Z,22.3,22.4,21.95,21.95,466800,19.7871846589,19.8759164287,19.4766234647,19.4766234647,466800,0.0,1.0
1530,2018-06-04T00:00:00.000Z,22.5,22.6,22.35,22.4,437700,19.9646481985,20.0533799682,19.8315505438,19.8759164287,437700,0.0,1.0
1531,2018-06-05T00:00:00.000Z,22.65,22.7,22.5,22.55,328000,20.0977458531,20.142111738,19.9646481985,20.0090140833,328000,0.0,1.0
1532,2018-06-06T00:00:00.000Z,22.65,23.05,22.6,22.75,521400,20.0977458531,20.4526729322,20.0533799682,20.1864776229,521400,0.0,1.0
1533,2018-06-07T00:00:00.000Z,22.9,23.05,22.75,22.8,282900,20.3195752775,20.4526729322,20.1864776229,20.2308435078,282900,0.0,1.0
1534,2018-06-08T00:00:00.000Z,22.75,22.9,22.7,22.85,233700,20.1864776229,20.3195752775,20.142111738,20.2752093927,233700,0.0,1.0
1535,2018-06-11T00:00:00.000Z,22.7,22.95,22.6,22.8,253600,20.142111738,20.3639411624,20.0533799682,20.2308435078,253600,0.0,1.0
1536,2018-06-12T00:00:00.000Z,22.45,22.85,22.35,22.7,275500,19.9202823136,20.2752093927,19.8315505438,20.142111738,275500,0.0,1.0
1537,2018-06-13T00:00:00.000Z,22.6,23.2,22.4,22.45,670100,20.0533799682,20.5857705869,19.8759164287,19.9202823136,670100,0.0,1.0
1538,2018-06-14T00:00:00.000Z,22.8,22.9,22.35,22.6,376100,20.2308435078,20.3195752775,19.8315505438,20.0533799682,376100,0.0,1.0
1539,2018-06-15T00:00:00.000Z,22.55,22.95,22.45,22.75,356600,20.0090140833,20.3639411624,19.9202823136,20.1864776229,356600,0.0,1.0
1540,2018-06-18T00:00:00.000Z,22.65,22.85,22.35,22.55,327500,20.0977458531,20.2752093927,19.8315505438,20.0090140833,327500,0.0,1.0
1541,2018-06-19T00:00:00.000Z,22.35,22.65,22.23,22.4,451900,19.8315505438,20.0977458531,19.7250724201,19.8759164287,451900,0.0,1.0
1542,2018-06-20T00:00:00.000Z,22.45,22.65,22.35,22.4,338500,19.9202823136,20.0977458531,19.8315505438,19.8759164287,338500,0.0,1.0
1543,2018-06-21T00:00:00.000Z,22.35,22.7,22.28,22.55,367800,19.8315505438,20.142111738,19.769438305,20.0090140833,367800,0.0,1.0
1544,2018-06-22T00:00:00.000Z,22.5,22.8,22.35,22.5,450800,19.9646481985,20.2308435078,19.8315505438,19.9646481985,450800,0.0,1.0
1545,2018-06-25T00:00:00.000Z,21.95,22.55,21.9,22.55,694300,19.4766234647,20.0090140833,19.4322575798,20.0090140833,694300,0.0,1.0
1546,2018-06-26T00:00:00.000Z,22.05,22.4,21.85,21.9,567200,19.5653552345,19.8759164287,19.3878916949,19.4322575798,567200,0.0,1.0
1547,2018-06-27T00:00:00.000Z,21.6,22.25,21.45,22.15,787900,19.1660622705,19.742818774,19.0329646159,19.6540870043,787900,0.0,1.0
1548,2018-06-28T00:00:00.000Z,21.1,21.85,21.1,21.55,618300,18.7224034217,19.3878916949,18.7224034217,19.1216963856,618300,0.0,1.0
1549,2018-06-29T00:00:00.000Z,21.3,21.7,21.25,21.3,772400,18.8998669612,19.2547940403,18.8555010763,18.8998669612,772400,0.0,1.0
1550,2018-07-02T00:00:00.000Z,21.75,21.9,21.15,21.15,762000,19.2991599252,19.4322575798,18.7667693066,18.7667693066,762000,0.0,1.0
1551,2018-07-03T00:00:00.000Z,22.35,22.5,21.75,21.75,652800,19.8315505438,19.9646481985,19.2991599252,19.2991599252,652800,0.0,1.0
1552,2018-07-05T00:00:00.000Z,23.375,23.55,22.4,22.4,1075872,20.741051184,20.8963317811,19.8759164287,19.8759164287,1075872,0.0,1.0
1553,2018-07-06T00:00:00.000Z,23.65,23.95,23.2,23.35,590500,20.9850635508,21.2512588601,20.5857705869,20.7188682415,590500,0.0,1.0
1554,2018-07-09T00:00:00.000Z,23.3,23.9,23.25,23.75,577100,20.6745023566,21.2068929753,20.6301364717,21.0737953206,577100,0.0,1.0
1555,2018-07-10T00:00:00.000Z,23.48,23.9,23.2,23.4,661500,20.8342195422,21.2068929753,20.5857705869,20.7632341264,661500,0.0,1.0
1556,2018-07-11T00:00:00.000Z,23.3,23.6,23.15,23.55,374400,20.6745023566,20.9406976659,20.541404702,20.8963317811,374400,0.0,1.0
1557,2018-07-12T00:00:00.000Z,23.75,23.8,23.4,23.6,382100,21.0737953206,21.1181612055,20.7632341264,20.9406976659,382100,0.0,1.0
1558,2018-07-13T00:00:00.000Z,23.8,23.9,23.5,23.7,444800,21.1181612055,21.2068929753,20.8519658962,21.0294294357,444800,0.0,1.0
1559,2018-07-16T00:00:00.000Z,23.55,23.85,23.35,23.85,590200,20.8963317811,21.1625270904,20.7188682415,21.1625270904,590200,0.0,1.0
1560,2018-07-17T00:00:00.000Z,23.75,23.85,23.55,23.55,329400,21.0737953206,21.1625270904,20.8963317811,20.8963317811,329400,0.0,1.0
1561,2018-07-18T00:00:00.000Z,24.3,24.4,23.75,23.75,646700,21.5618200543,21.6505518241,21.0737953206,21.0737953206,646700,0.0,1.0
1562,2018-07-19T00:00:00.000Z,23.9,24.45,23.75,24.45,392600,21.2068929753,21.694917709,21.0737953206,21.694917709,392600,0.0,1.0
1563,2018-07-20T00:00:00.000Z,23.95,24.1,23.76,23.8,408900,21.2512588601,21.3843565148,21.0826684976,21.1181612055,408900,0.0,1.0
1564,2018-07-23T00:00:00.000Z,24.0,24.15,23.85,23.9,296800,21.295624745,21.4287223997,21.1625270904,21.2068929753,296800,0.0,1.0
1565,2018-07-24T00:00:00.000Z,23.85,24.2,23.7,24.15,296100,21.1625270904,21.4730882846,21.0294294357,21.4287223997,296100,0.0,1.0
1566,2018-07-25T00:00:00.000Z,23.85,24.0,23.65,23.95,437600,21.1625270904,21.295624745,20.9850635508,21.2512588601,437600,0.0,1.0
1567,2018-07-26T00:00:00.000Z,23.75,24.03,23.65,23.85,290900,21.0737953206,21.322244276,20.9850635508,21.1625270904,290900,0.0,1.0
1568,2018-07-27T00:00:00.000Z,24.0,24.0,23.53,23.7,373200,21.295624745,21.295624745,20.8785854271,21.0294294357,373200,0.0,1.0
1569,2018-07-30T00:00:00.000Z,23.9,24.05,23.65,24.0,515200,21.2068929753,21.3399906299,20.9850635508,21.295624745,515200,0.0,1.0
1570,2018-07-31T00:00:00.000Z,24.35,24.45,23.85,24.05,605300,21.6061859392,21.694917709,21.1625270904,21.3399906299,605300,0.0,1.0
1571,2018-08-01T00:00:00.000Z,24.7,25.05,24.35,24.5,1383100,21.9167471334,22.2273083276,21.6061859392,21.7392835939,1383100,0.0,1.0
1572,2018-08-02T00:00:00.000Z,24.25,24.8,24.25,24.65,495000,21.5174541695,22.0054789032,21.5174541695,21.8723812485,495000,0.0,1.0
1573,2018-08-03T00:00:00.000Z,24.23,25.2,24.1,25.2,373500,21.4997078155,22.3604059823,21.3843565148,22.3604059823,373500,0.0,1.0
1574,2018-08-06T00:00:00.000Z,23.95,24.15,23.75,24.15,662600,21.2512588601,21.4287223997,21.0737953206,21.4287223997,662600,0.0,1.0
1575,2018-08-07T00:00:00.000Z,23.95,24.1,23.65,23.9,575600,21.2512588601,21.3843565148,20.9850635508,21.2068929753,575600,0.0,1.0
1576,2018-08-08T00:00:00.000Z,24.05,24.08,23.9,23.95,421000,21.3399906299,21.3666101608,21.2068929753,21.2512588601,421000,0.0,1.0
1577,2018-08-09T00:00:00.000Z,23.8,24.15,23.8,24.05,435200,21.1181612055,21.4287223997,21.1181612055,21.3399906299,435200,0.0,1.0
1578,2018-08-10T00:00:00.000Z,23.5,23.65,23.3,23.45,633600,21.0471757897,21.1815194649,20.8680508893,21.0023945646,633600,0.22,1.0
1579,2018-08-13T00:00:00.000Z,23.4,23.65,23.27,23.45,657300,20.9576133395,21.1815194649,20.8411821543,21.0023945646,657300,0.0,1.0
1580,2018-08-14T00:00:00.000Z,23.8,23.9,23.45,23.45,585117,21.3158631402,21.4054255903,21.0023945646,21.0023945646,585117,0.0,1.0
1581,2018-08-15T00:00:00.000Z,23.35,23.75,23.3,23.6,397600,20.9128321144,21.2710819151,20.8680508893,21.1367382398,397600,0.0,1.0
1582,2018-08-16T00:00:00.000Z,23.45,23.6,23.3,23.45,433000,21.0023945646,21.1367382398,20.8680508893,21.0023945646,433000,0.0,1.0
1583,2018-08-17T00:00:00.000Z,23.35,23.75,23.2,23.5,297000,20.9128321144,21.2710819151,20.7784884392,21.0471757897,297000,0.0,1.0
1584,2018-08-20T00:00:00.000Z,23.8,23.85,23.28,23.35,683300,21.3158631402,21.3606443653,20.8501383993,20.9128321144,683300,0.0,1.0
1585,2018-08-21T00:00:00.000Z,23.65,23.85,23.5,23.8,400600,21.1815194649,21.3606443653,21.0471757897,21.3158631402,400600,0.0,1.0
1586,2018-08-22T00:00:00.000Z,23.75,23.9,23.25,23.65,523700,21.2710819151,21.4054255903,20.8232696642,21.1815194649,523700,0.0,1.0
1587,2018-08-23T00:00:00.000Z,23.85,23.9,23.5,23.75,392600,21.3606443653,21.4054255903,21.0471757897,21.2710819151,392600,0.0,1.0
1588,2018-08-24T00:00:00.000Z,24.05,24.25,23.8,23.85,569800,21.5397692656,21.7188941659,21.3158631402,21.3606443653,569800,0.0,1.0
1589,2018-08-27T00:00:00.000Z,23.95,24.25,23.9,24.1,413500,21.4502068154,21.7188941659,21.4054255903,21.5845504907,413500,0.0,1.0
1590,2018-08-28T00:00:00.000Z,23.7,24.1,23.6,23.9,510400,21.22630069,21.5845504907,21.1367382398,21.4054255903,510400,0.0,1.0
1591,2018-08-29T00:00:00.000Z,23.45,23.7,23.15,23.6,886600,21.0023945646,21.22630069,20.7337072141,21.1367382398,886600,0.0,1.0
1592,2018-08-30T00:00:00.000Z,23.28,23.4,23.15,23.35,365700,20.8501383993,20.9576133395,20.7337072141,20.9128321144,365700,0.0,1.0
1593,2018-08-31T00:00:00.000Z,23.2,23.4,23.0,23.2,474500,20.7784884392,20.9576133395,20.5993635388,20.7784884392,474500,0.0,1.0
1594,2018-09-04T00:00:00.000Z,23.05,23.2,22.8,23.2,467700,20.6441447639,20.7784884392,20.4202386385,20.7784884392,467700,0.0,1.0
1595,2018-09-05T00:00:00.000Z,22.7,23.08,22.7,23.0,359800,20.3306761883,20.671013499,20.3306761883,20.5993635388,359800,0.0,1.0
1596,2018-09-06T00:00:00.000Z,22.28,22.8,22.1,22.75,563900,19.9545138976,20.4202386385,19.7933014873,20.3754574134,563900,0.0,1.0
1597,2018-09-07T00:00:00.000Z,22.3,22.4,21.8,22.2,497500,19.9724263876,20.0619888378,19.5246141368,19.8828639375,497500,0.0,1.0
1598,2018-09-10T00:00:00.000Z,22.7,22.8,22.25,22.25,461100,20.3306761883,20.4202386385,19.9276451626,19.9276451626,461100,0.0,1.0
1599,2018-09-11T00:00:00.000Z,22.7,22.925,22.35,22.65,480150,20.3306761883,20.5321917012,20.0172076127,20.2858949632,480150,0.0,1.0
1600,2018-09-12T00:00:00.000Z,22.85,23.0,22.2,22.6,480300,20.4650198636,20.5993635388,19.8828639375,20.2411137381,480300,0.0,1.0
1601,2018-09-13T00:00:00.000Z,22.95,23.2,22.85,22.9,545100,20.5545823137,20.7784884392,20.4650198636,20.5098010887,545100,0.0,1.0
1602,2018-09-14T00:00:00.000Z,23.45,23.5,23.0,23.0,554500,21.0023945646,21.0471757897,20.5993635388,20.5993635388,554500,0.0,1.0
1603,2018-09-17T00:00:00.000Z,23.25,23.5,23.2,23.5,320300,20.8232696642,21.0471757897,20.7784884392,21.0471757897,320300,0.0,1.0
1604,2018-09-18T00:00:00.000Z,23.6,23.7,23.25,23.35,456700,21.1367382398,21.22630069,20.8232696642,20.9128321144,456700,0.0,1.0
1605,2018-09-19T00:00:00.000Z,23.45,23.65,23.3,23.55,322300,21.0023945646,21.1815194649,20.8680508893,21.0919570148,322300,0.0,1.0
1606,2018-09-20T00:00:00.000Z,23.8,23.95,23.26,23.55,762700,21.3158631402,21.4502068154,20.8322259093,21.0919570148,762700,0.0,1.0
1607,2018-09-21T00:00:00.000Z,23.95,24.25,23.75,23.75,729000,21.4502068154,21.7188941659,21.2710819151,21.2710819151,729000,0.0,1.0
1608,2018-09-24T00:00:00.000Z,23.8,24.0,23.7,23.95,525600,21.3158631402,21.4949880405,21.22630069,21.4502068154,525600,0.0,1.0
1609,2018-09-25T00:00:00.000Z,23.7,23.95,23.6,23.85,324300,21.22630069,21.4502068154,21.1367382398,21.3606443653,324300,0.0,1.0
1610,2018-09-26T00:00:00.000Z,23.25,23.7,23.2,23.7,315200,20.8232696642,21.22630069,20.7784884392,21.22630069,315200,0.0,1.0
1611,2018-09-27T00:00:00.000Z,22.9,23.37,22.8,23.35,457300,20.5098010887,20.9307446044,20.4202386385,20.9128321144,457300,0.0,1.0
1612,2018-09-28T00:00:00.000Z,22.55,22.85,22.5,22.8,349800,20.1963325131,20.4650198636,20.151551288,20.4202386385,349800,0.0,1.0
1613,2018-10-01T00:00:00.000Z,23.04,23.05,22.61,22.61,601600,20.6351885189,20.6441447639,20.2500699832,20.2500699832,601600,0.0,1.0
1614,2018-10-02T00:00:00.000Z,22.83,23.03,22.62,22.97,442600,20.4471073735,20.6262322739,20.2590262282,20.5724948038,442600,0.0,1.0
1615,2018-10-03T00:00:00.000Z,23.0,23.33,22.9,22.96,357400,20.5993635388,20.8949196244,20.5098010887,20.5635385588,357400,0.0,1.0
1616,2018-10-04T00:00:00.000Z,22.35,23.04,22.31,22.98,460500,20.0172076127,20.6351885189,19.9813826327,20.5814510488,460500,0.0,1.0
1617,2018-10-05T00:00:00.000Z,22.01,22.48,22.0,22.3,495900,19.7126952822,20.1336387979,19.7037390371,19.9724263876,495900,0.0,1.0
1618,2018-10-08T00:00:00.000Z,21.75,22.0,21.63,22.0,444900,19.4798329117,19.7037390371,19.3723579715,19.7037390371,444900,0.0,1.0
1619,2018-10-09T00:00:00.000Z,21.59,21.7,21.35,21.61,561800,19.3365329914,19.4350516866,19.121583111,19.3544454815,561800,0.0,1.0
1620,2018-10-10T00:00:00.000Z,20.07,21.51,20.01,21.47,1564400,17.9751837489,19.2648830313,17.9214462788,19.2290580512,1564400,0.0,1.0
1621,2018-10-11T00:00:00.000Z,20.2,20.59,19.95,20.0,1402600,18.0916149341,18.4409084898,17.8677088087,17.9124900338,1402600,0.0,1.0
1622,2018-10-12T00:00:00.000Z,20.28,20.7,20.16,20.69,538800,18.1632648942,18.5394271849,18.055789954,18.5304709399,538800,0.0,1.0
1623,2018-10-15T00:00:00.000Z,20.75,20.78,20.3,20.35,380000,18.58420841,18.6110771451,18.1811773843,18.2259586093,380000,0.0,1.0
1624,2018-10-16T00:00:00.000Z,20.97,21.24,20.67,20.75,663900,18.7812458004,19.0230644159,18.5125584499,18.58420841,663900,0.0,1.0
1625,2018-10-17T00:00:00.000Z,21.13,21.46,20.83,20.83,595100,18.9245457207,19.2201018062,18.6558583702,18.6558583702,595100,0.0,1.0
1626,2018-10-18T00:00:00.000Z,20.28,21.16,20.17,21.07,573600,18.1632648942,18.9514144557,18.064746199,18.8708082506,573600,0.0,1.0
1627,2018-10-19T00:00:00.000Z,20.16,20.49,20.04,20.29,279000,18.055789954,18.3513460396,17.9483150138,18.1722211392,279000,0.0,1.0
1628,2018-10-22T00:00:00.000Z,20.45,20.58,20.1,20.16,375300,18.3155210595,18.4319522447,18.0020524839,18.055789954,375300,0.0,1.0
1629,2018-10-23T00:00:00.000Z,19.98,20.1,19.52,20.1,631900,17.8945775437,18.0020524839,17.4825902729,18.0020524839,631900,0.0,1.0
1630,2018-10-24T00:00:00.000Z,18.93,20.2,18.9,19.97,810500,16.954171817,18.0916149341,16.9273030819,17.8856212987,810500,0.0,1.0
1631,2018-10-25T00:00:00.000Z,19.4,19.72,18.89,19.1,871900,17.3751153327,17.6617151733,16.9183468369,17.1064279822,871900,0.0,1.0
1632,2018-10-26T00:00:00.000Z,19.08,19.31,18.92,19.1,492000,17.0885154922,17.2945091276,16.9452155719,17.1064279822,492000,0.0,1.0
1633,2018-10-29T00:00:00.000Z,18.85,19.8,18.78,19.5,897500,16.8825218568,17.7333651334,16.8198281417,17.4646777829,897500,0.0,1.0
1634,2018-10-30T00:00:00.000Z,19.46,19.5,18.52,18.75,963400,17.4288528028,17.4646777829,16.5869657713,16.7929594066,963400,0.0,1.0
1635,2018-10-31T00:00:00.000Z,20.27,20.52,18.06,18.9,1694800,18.1543086492,18.3782147746,16.1749785005,16.9273030819,1694800,0.0,1.0
1636,2018-11-01T00:00:00.000Z,20.87,21.35,20.21,20.37,1203900,18.6916833502,19.121583111,18.1005711791,18.2438710994,1203900,0.0,1.0
1637,2018-11-02T00:00:00.000Z,20.26,21.11,20.19,21.04,525800,18.1453524042,18.9066332306,18.0826586891,18.8439395155,525800,0.0,1.0
1638,2018-11-05T00:00:00.000Z,20.13,20.46,20.05,20.35,293800,18.028921219,18.3244773045,17.9572712588,18.2259586093,293800,0.0,1.0
1639,2018-11-06T00:00:00.000Z,20.49,20.49,19.93,20.16,341100,18.3513460396,18.3513460396,17.8497963186,18.055789954,341100,0.0,1.0
1640,2018-11-07T00:00:00.000Z,21.0,21.04,20.31,20.57,421300,18.8081145354,18.8439395155,18.1901336293,18.4229959997,421300,0.0,1.0
1641,2018-11-08T00:00:00.000Z,21.1,21.44,20.86,21.0,388700,18.8976769856,19.2021893162,18.6827271052,18.8081145354,388700,0.0,1.0
1642,2018-11-09T00:00:00.000Z,19.95,20.85,19.92,20.62,473800,18.2438710994,19.0669028783,18.2164367068,18.8565725348,473800,0.42,1.0
1643,2018-11-12T00:00:00.000Z,19.42,20.08,19.41,19.84,450000,17.7591968296,18.3627534674,17.750052032,18.1432783264,450000,0.0,1.0
1644,2018-11-13T00:00:00.000Z,19.06,19.83,19.05,19.39,764200,17.429984118,18.1341335289,17.4208393205,17.7317624369,764200,0.0,1.0
1645,2018-11-14T00:00:00.000Z,18.75,19.22,18.58,18.58,612800,17.1464953942,17.5763008787,16.9910338359,16.9910338359,612800,0.0,1.0
1646,2018-11-15T00:00:00.000Z,18.57,18.84,18.42,18.5,756300,16.9818890384,17.228798572,16.8447170752,16.9178754556,756300,0.0,1.0
1647,2018-11-16T00:00:00.000Z,17.97,18.57,17.69,18.53,1273200,16.4332011858,16.9818890384,16.1771468545,16.9453098482,1273200,0.0,1.0
1648,2018-11-19T00:00:00.000Z,17.58,18.15,17.5,17.98,789400,16.0765540816,16.5978075415,16.0033957012,16.4423459833,789400,0.0,1.0
1649,2018-11-20T00:00:00.000Z,17.26,17.61,16.82,17.09,2283300,15.7839205602,16.1039884742,15.3815494683,15.6284590019,2283300,0.0,1.0
1650,2018-11-21T00:00:00.000Z,18.59,18.78,17.35,17.5,990900,17.0001786335,17.1739297868,15.8662237381,16.0033957012,990900,0.0,1.0
1651,2018-11-23T00:00:00.000Z,18.98,19.06,18.3164,18.41,282885,17.3568257377,17.429984118,16.7499769727,16.8355722777,282885,0.0,1.0
1652,2018-11-26T00:00:00.000Z,19.2,19.49,19.0,19.12,513700,17.5580112836,17.8232104124,17.3751153327,17.4848529033,513700,0.0,1.0
1653,2018-11-27T00:00:00.000Z,18.45,19.19,18.43,19.07,342000,16.8721514679,17.5488664861,16.8538618728,17.4391289156,342000,0.0,1.0
1654,2018-11-28T00:00:00.000Z,18.64,18.79,18.28,18.46,601000,17.0459026212,17.1830745843,16.7166899096,16.8812962654,601000,0.0,1.0
1655,2018-11-29T00:00:00.000Z,18.43,18.7,18.22,18.53,447100,16.8538618728,17.1007714064,16.6618211243,16.9453098482,447100,0.0,1.0
1656,2018-11-30T00:00:00.000Z,18.31,18.63,18.13,18.37,458600,16.7441243022,17.0367578236,16.5795179465,16.7989930875,458600,0.0,1.0
1657,2018-12-03T00:00:00.000Z,18.69,18.76,18.35,18.55,596400,17.0916266089,17.1556401917,16.7807034924,16.9635994433,596400,0.0,1.0
1658,2018-12-04T00:00:00.000Z,17.57,18.7,17.46,18.68,739500,16.067409284,17.1007714064,15.966816511,17.0824818114,739500,0.0,1.0
1659,2018-12-06T00:00:00.000Z,17.79,17.945,17.18,17.34,1269403,16.26859483,16.4103391919,15.7107621798,15.8570789405,1269403,0.0,1.0
1660,2018-12-07T00:00:00.000Z,17.56,18.13,17.54,17.75,764700,16.0582644865,16.5795179465,16.0399748914,16.2320156398,764700,0.0,1.0
1661,2018-12-10T00:00:00.000Z,17.2,17.97,16.87,17.51,708500,15.7290517749,16.4332011858,15.427273456,16.0125404988,708500,0.0,1.0
1662,2018-12-11T00:00:00.000Z,16.94,17.47,16.45,17.44,1276500,15.4912870388,15.9759613086,15.0431919591,15.948526916,1276500,0.0,1.0
1663,2018-12-12T00:00:00.000Z,17.5,17.73,17.26,17.73,602900,16.0033957012,16.2137260447,15.7839205602,16.2137260447,602900,0.0,1.0
1664,2018-12-13T00:00:00.000Z,17.08,17.63,16.97,17.6,939500,15.6193142044,16.1222780693,15.5187214314,16.0948436766,939500,0.0,1.0
1665,2018-12-14T00:00:00.000Z,16.28,16.93,16.28,16.93,897600,14.8877304009,15.4821422412,14.8877304009,15.4821422412,897600,0.0,1.0
1666,2018-12-17T00:00:00.000Z,15.89,16.4018,15.89,16.16,1243635,14.5310832967,14.999114035,14.5310832967,14.7779928304,1243635,0.0,1.0
1667,2018-12-18T00:00:00.000Z,15.91,16.27,15.9,16.1,695400,14.5493728918,14.8785856034,14.5402280942,14.7231240451,695400,0.0,1.0
1668,2018-12-19T00:00:00.000Z,15.32,16.11,15.29,15.91,618824,14.0098298367,14.7322688427,13.9823954441,14.5493728918,618824,0.0,1.0
1669,2018-12-20T00:00:00.000Z,16.0,16.08,15.09,15.17,1482900,14.6316760697,14.70483445,13.7994994932,13.8726578736,1482900,0.0,1.0
1670,2018-12-21T00:00:00.000Z,16.12,17.11,15.95,16.01,1438600,14.7414136402,15.646748597,14.585952082,14.6408208672,1438600,0.0,1.0
1671,2018-12-24T00:00:00.000Z,15.73,16.06,15.65,15.67,691400,14.384766536,14.6865448549,14.3116081557,14.3298977507,691400,0.0,1.0
1672,2018-12-26T00:00:00.000Z,15.94,16.19,15.55,15.75,1065400,14.5768072844,14.805427223,14.2201601802,14.4030561311,1065400,0.0,1.0
1673,2018-12-27T00:00:00.000Z,16.0,16.0,15.63,15.73,932500,14.6316760697,14.6316760697,14.2933185606,14.384766536,932500,0.0,1.0
1674,2018-12-28T00:00:00.000Z,16.17,16.49,15.995,16.05,977430,14.7871376279,15.0797711493,14.6271036709,14.6774000574,977430,0.0,1.0
1675,2018-12-31T00:00:00.000Z,15.75,16.3438,15.58,16.21,1386753,14.4030561311,14.9460742092,14.2475945729,14.8237168181,1386753,0.0,1.0
1676,2019-01-02T00:00:00.000Z,16.02,16.22,15.57,15.58,410333,14.6499656648,14.8328616156,14.2384497753,14.2475945729,410333,0.0,1.0
1677,2019-01-03T00:00:00.000Z,15.56,15.98,15.54,15.94,671400,14.2293049778,14.6133864746,14.2110153827,14.5768072844,671400,0.0,1.0
1678,2019-01-04T00:00:00.000Z,16.2,16.4,15.76,16.17,889600,14.8145720206,14.9974679714,14.4122009286,14.7871376279,889600,0.0,1.0
1679,2019-01-07T00:00:00.000Z,16.54,16.6,16.1,16.3,597000,15.125495137,15.1803639223,14.7231240451,14.906019996,597000,0.0,1.0
1680,2019-01-08T00:00:00.000Z,17.0,17.13,16.62,16.66,691800,15.546155824,15.6650381921,15.1986535174,15.2352327076,691800,0.0,1.0
1681,2019-01-09T00:00:00.000Z,17.4,17.42,16.8,17.08,751800,15.9119477258,15.9302373209,15.3632598732,15.6193142044,751800,0.0,1.0
1682,2019-01-10T00:00:00.000Z,17.25,17.36,17.02,17.26,475900,15.7747757626,15.8753685356,15.5644454191,15.7839205602,475900,0.0,1.0
1683,2019-01-11T00:00:00.000Z,17.17,17.31,16.97,17.13,591200,15.7016173823,15.8296445479,15.5187214314,15.6650381921,591200,0.0,1.0
1684,2019-01-14T00:00:00.000Z,17.28,17.45,16.97,17.07,1216200,15.8022101553,15.9576717135,15.5187214314,15.6101694068,1216200,0.0,1.0
1685,2019-01-15T00:00:00.000Z,17.65,17.76,17.19,17.29,406800,16.1405676644,16.2411604373,15.7199069774,15.8113549528,406800,0.0,1.0
1686,2019-01-16T00:00:00.000Z,18.04,18.21,17.61,17.66,573600,16.4972147686,16.6526763268,16.1039884742,16.1497124619,573600,0.0,1.0
1687,2019-01-17T00:00:00.000Z,18.04,18.1,17.84,18.05,253300,16.4972147686,16.5520835538,16.3143188177,16.5063595661,253300,0.0,1.0
1688,2019-01-18T00:00:00.000Z,18.87,18.88,18.03,18.15,1057700,17.2562329647,17.2653777622,16.488069971,16.5978075415,1057700,0.0,1.0
1689,2019-01-22T00:00:00.000Z,18.3,18.84,18.15,18.83,585729,16.7349795047,17.228798572,16.5978075415,17.2196537745,585729,0.0,1.0
1690,2019-01-23T00:00:00.000Z,17.95,18.48,17.9,18.25,329000,16.4149115907,16.8995858605,16.369187603,16.689255517,329000,0.0,1.0
1691,2019-01-24T00:00:00.000Z,17.63,18.05,17.6,17.89,336400,16.1222780693,16.5063595661,16.0948436766,16.3600428054,336400,0.0,1.0
1692,2019-01-25T00:00:00.000Z,17.84,17.98,17.66,17.83,452400,16.3143188177,16.4423459833,16.1497124619,16.3051740202,452400,0.0,1.0
1693,2019-01-28T00:00:00.000Z,17.62,17.8,17.51,17.75,262600,16.1131332717,16.2777396275,16.0125404988,16.2320156398,262600,0.0,1.0
1694,2019-01-29T00:00:00.000Z,17.75,17.83,17.62,17.75,322300,16.2320156398,16.3051740202,16.1131332717,16.2320156398,322300,0.0,1.0
1695,2019-01-30T00:00:00.000Z,18.03,18.05,17.51,17.9,498600,16.488069971,16.5063595661,16.0125404988,16.369187603,498600,0.0,1.0
1696,2019-01-31T00:00:00.000Z,18.89,18.95,18.0,18.0,660000,17.2745225598,17.329391345,16.4606355784,16.4606355784,660000,0.0,1.0
1697,2019-02-01T00:00:00.000Z,19.38,19.41,18.66,19.03,948300,17.7226176394,17.750052032,17.0641922163,17.4025497254,948300,0.0,1.0
1698,2019-02-04T00:00:00.000Z,19.71,19.72,19.23,19.45,425200,18.0243959583,18.0335407559,17.5854456762,17.7866312222,425200,0.0,1.0
1699,2019-02-05T00:00:00.000Z,20.4,20.45,19.65,19.65,1402400,18.6553869888,18.7011109766,17.9695271731,17.9695271731,1402400,0.0,1.0
1700,2019-02-06T00:00:00.000Z,19.24,20.67,19.05,20.28,1582900,17.5945904738,18.9022965225,17.4208393205,18.5456494183,1582900,0.0,1.0
1701,2019-02-07T00:00:00.000Z,18.99,19.37,18.45,19.01,930200,17.3659705352,17.7134728419,16.8721514679,17.3842601303,930200,0.0,1.0
1702,2019-02-08T00:00:00.000Z,18.75,18.98,18.62,18.77,295600,17.1464953942,17.3568257377,17.0276130261,17.1647849892,295600,0.0,1.0
1703,2019-02-11T00:00:00.000Z,18.52,18.98,18.49,18.8,563500,16.9361650507,17.3568257377,16.908730658,17.1922193819,563500,0.0,1.0
1704,2019-02-12T00:00:00.000Z,18.66,18.9,18.52,18.66,940300,17.0641922163,17.2836673573,16.9361650507,17.0641922163,940300,0.0,1.0
1705,2019-02-13T00:00:00.000Z,18.82,18.89,18.45,18.76,733000,17.210508977,17.2745225598,16.8721514679,17.1556401917,733000,0.0,1.0
1706,2019-02-14T00:00:00.000Z,18.67,18.86,18.52,18.75,825700,17.0733370138,17.2470881671,16.9361650507,17.1464953942,825700,0.0,1.0
1707,2019-02-15T00:00:00.000Z,18.46,18.52,17.93,18.42,974000,17.2745225598,17.330669437,16.7785584776,17.2370913083,974000,0.43,1.0
1708,2019-02-19T00:00:00.000Z,18.42,18.495,18.16,18.33,457462,17.2370913083,17.3072749048,16.9937881736,17.1528709924,457462,0.0,1.0
1709,2019-02-20T00:00:00.000Z,18.56,18.56,18.31,18.44,380300,17.3681006885,17.3681006885,17.1341553667,17.255806934,380300,0.0,1.0
1710,2019-02-21T00:00:00.000Z,18.21,18.5,18.09,18.49,535022,17.040577238,17.3119538113,16.9282834835,17.3025959984,535022,0.0,1.0
1711,2019-02-22T00:00:00.000Z,18.2,18.51,18.13,18.25,505593,17.0312194251,17.3213116241,16.965714735,17.0780084895,505593,0.0,1.0
1712,2019-02-25T00:00:00.000Z,18.05,18.4,18.03,18.34,474595,16.8908522321,17.2183756825,16.8721366063,17.1622288053,474595,0.0,1.0
1713,2019-02-26T00:00:00.000Z,18.04,18.2,17.88,18.0,665700,16.8814944192,17.0312194251,16.7317694133,16.8440631677,665700,0.0,1.0
1714,2019-02-27T00:00:00.000Z,17.92,18.04,17.73,18.01,526500,16.7692006647,16.8814944192,16.5914022202,16.8534209806,526500,0.0,1.0
1715,2019-02-28T00:00:00.000Z,17.71,18.0,17.68,17.99,479400,16.5726865944,16.8440631677,16.5446131558,16.8347053548,479400,0.0,1.0
1716,2019-03-01T00:00:00.000Z,17.84,18.09,17.61,17.84,492177,16.6943381618,16.9282834835,16.4791084657,16.6943381618,492177,0.0,1.0
1717,2019-03-04T00:00:00.000Z,18.03,18.28,17.82,17.95,616200,16.8721366063,17.1060819281,16.675622536,16.7972741033,616200,0.0,1.0
1718,2019-03-05T00:00:00.000Z,18.07,18.17,17.84,18.02,337600,16.9095678578,17.0031459865,16.6943381618,16.8627787934,337600,0.0,1.0
1719,2019-03-06T00:00:00.000Z,17.97,18.1,17.85,18.03,211600,16.8159897291,16.9376412964,16.7036959746,16.8721366063,211600,0.0,1.0
1720,2019-03-07T00:00:00.000Z,17.59,17.97,17.52,17.9,597800,16.46039284,16.8159897291,16.3948881499,16.750485039,597800,0.0,1.0
1721,2019-03-08T00:00:00.000Z,17.54,17.72,17.33,17.5,331200,16.4136037756,16.5820444073,16.2170897053,16.3761725242,331200,0.0,1.0
1722,2019-03-11T00:00:00.000Z,17.88,18.14,17.56,17.6,384700,16.7317694133,16.9750725479,16.4323194014,16.4697506529,384700,0.0,1.0
1723,2019-03-12T00:00:00.000Z,17.98,18.15,17.88,17.92,213500,16.825347542,16.9844303608,16.7317694133,16.7692006647,213500,0.0,1.0
1724,2019-03-13T00:00:00.000Z,18.59,18.6,18.0,18.07,505700,17.3961741271,17.40553194,16.8440631677,16.9095678578,505700,0.0,1.0
1725,2019-03-14T00:00:00.000Z,18.56,18.7,18.38,18.6,312200,17.3681006885,17.4991100687,17.1996600568,17.40553194,312200,0.0,1.0
1726,2019-03-15T00:00:00.000Z,19.01,19.2,18.5,18.57,939876,17.7892022677,17.9670007122,17.3119538113,17.3774585013,939876,0.0,1.0
1727,2019-03-18T00:00:00.000Z,19.22,19.33,18.96,19.12,438900,17.985716338,18.0886522795,17.7424132033,17.8921382092,438900,0.0,1.0
1728,2019-03-19T00:00:00.000Z,19.04,19.42,18.88,19.42,293222,17.8172757063,18.1728725954,17.6675507003,18.1728725954,293222,0.0,1.0
1729,2019-03-20T00:00:00.000Z,19.08,19.29,18.81,19.24,508200,17.8547069578,18.0512210281,17.6020460102,18.0044319637,508200,0.0,1.0
1730,2019-03-21T00:00:00.000Z,19.32,19.54,18.96,18.96,598000,18.0792944667,18.2851663498,17.7424132033,17.7424132033,598000,0.0,1.0
1731,2019-03-22T00:00:00.000Z,18.46,19.22,18.41,19.16,677600,17.2745225598,17.985716338,17.2277334954,17.9295694607,677600,0.0,1.0
1732,2019-03-25T00:00:00.000Z,18.24,18.44,18.09,18.36,447900,17.0686506766,17.255806934,16.9282834835,17.1809444311,447900,0.0,1.0
1733,2019-03-26T00:00:00.000Z,18.38,18.54,18.27,18.35,677900,17.1996600568,17.3493850627,17.0967241152,17.1715866182,677900,0.0,1.0
1734,2019-03-27T00:00:00.000Z,18.2,18.75,18.18,18.39,367900,17.0312194251,17.545899133,17.0125037994,17.2090178697,367900,0.0,1.0
1735,2019-03-28T00:00:00.000Z,18.25,18.31,18.1,18.2,504800,17.0780084895,17.1341553667,16.9376412964,17.0312194251,504800,0.0,1.0
1736,2019-03-29T00:00:00.000Z,18.28,18.36,17.95,18.0,559200,17.1060819281,17.1809444311,16.7972741033,16.8440631677,559200,0.0,1.0
1737,2019-04-01T00:00:00.000Z,18.33,18.58,18.28,18.28,395300,17.1528709924,17.3868163142,17.1060819281,17.1060819281,395300,0.0,1.0
1738,2019-04-02T00:00:00.000Z,18.24,18.4,18.1,18.4,276000,17.0686506766,17.2183756825,16.9376412964,17.2183756825,276000,0.0,1.0
1739,2019-04-03T00:00:00.000Z,18.62,18.71,18.27,18.39,323200,17.4242475657,17.5084678815,17.0967241152,17.2090178697,323200,0.0,1.0
1740,2019-04-04T00:00:00.000Z,18.45,18.89,18.35,18.51,376500,17.2651647469,17.6769085132,17.1715866182,17.3213116241,376500,0.0,1.0
1741,2019-04-05T00:00:00.000Z,18.5,18.57,18.33,18.5,359100,17.3119538113,17.3774585013,17.1528709924,17.3119538113,359100,0.0,1.0
1742,2019-04-08T00:00:00.000Z,18.65,18.77,18.44,18.5,254800,17.4523210043,17.5646147588,17.255806934,17.3119538113,254800,0.0,1.0
1743,2019-04-09T00:00:00.000Z,18.3,18.6,18.28,18.6,216600,17.1247975538,17.40553194,17.1060819281,17.40553194,216600,0.0,1.0
1744,2019-04-10T00:00:00.000Z,18.69,18.88,18.34,18.34,326000,17.4897522558,17.6675507003,17.1622288053,17.1622288053,326000,0.0,1.0
1745,2019-04-11T00:00:00.000Z,18.89,18.91,18.54,18.71,257400,17.6769085132,17.695624139,17.3493850627,17.5084678815,257400,0.0,1.0
1746,2019-04-12T00:00:00.000Z,19.03,19.3,18.94,19.07,347300,17.8079178934,18.0605788409,17.7236975776,17.8453491449,347300,0.0,1.0
1747,2019-04-15T00:00:00.000Z,18.88,19.21,18.85,19.2,240600,17.6675507003,17.9763585251,17.6394772617,17.9670007122,240600,0.0,1.0
1748,2019-04-16T00:00:00.000Z,19.2,19.245,18.86,19.1,449316,17.9670007122,18.0091108701,17.6488350746,17.8734225835,449316,0.0,1.0
1749,2019-04-17T00:00:00.000Z,19.27,19.3,18.94,19.26,350700,18.0325054023,18.0605788409,17.7236975776,18.0231475894,350700,0.0,1.0
1750,2019-04-18T00:00:00.000Z,20.45,20.52,19.46,19.63,1809000,19.1367273211,19.2022320112,18.2103038469,18.3693866657,1809000,0.0,1.0
1751,2019-04-22T00:00:00.000Z,20.89,20.96,20.27,20.46,855600,19.5484710874,19.6139757775,18.9682866894,19.146085134,855600,0.0,1.0
1752,2019-04-23T00:00:00.000Z,21.11,21.46,20.91,21.0,1251900,19.7543429706,20.0818664211,19.5671867131,19.651407029,1251900,0.0,1.0
1753,2019-04-24T00:00:00.000Z,20.93,21.33,20.9,21.02,587400,19.5859023389,19.9602148537,19.5578289003,19.6701226547,587400,0.0,1.0
1754,2019-04-25T00:00:00.000Z,20.86,21.21,20.58,20.93,806500,19.5203976488,19.8479210993,19.2583788884,19.5859023389,806500,0.0,1.0
1755,2019-04-26T00:00:00.000Z,20.93,21.15,20.7,20.83,578400,19.5859023389,19.7917742221,19.3706726429,19.4923242102,578400,0.0,1.0
1756,2019-04-29T00:00:00.000Z,21.48,21.54,20.94,20.95,521300,20.1005820468,20.156728924,19.5952601518,19.6046179646,521300,0.0,1.0
1757,2019-04-30T00:00:00.000Z,20.95,21.67,20.81,21.62,938700,19.6046179646,20.2783804913,19.4736085844,20.231591427,938700,0.0,1.0
1758,2019-05-01T00:00:00.000Z,20.5,21.1,20.1,20.27,1233000,19.1835163854,19.7449851577,18.8092038706,18.9682866894,1233000,0.0,1.0
1759,2019-05-02T00:00:00.000Z,20.71,20.88,19.63,20.3,1088200,19.3800304557,19.5391132745,18.3693866657,18.996360128,1088200,0.0,1.0
1760,2019-05-03T00:00:00.000Z,21.0,21.2,20.75,20.83,799100,19.651407029,19.8385632864,19.4174617072,19.4923242102,799100,0.0,1.0
1761,2019-05-06T00:00:00.000Z,20.74,20.79,20.3,20.54,1220700,19.4081038943,19.4548929587,18.996360128,19.2209476369,1220700,0.0,1.0
1762,2019-05-07T00:00:00.000Z,20.86,20.96,20.4,20.45,1281400,19.5203976488,19.6139757775,19.0899382567,19.1367273211,1281400,0.0,1.0
1763,2019-05-08T00:00:00.000Z,20.97,21.12,20.71,20.71,737000,19.6233335904,19.7637007834,19.3800304557,19.3800304557,737000,0.0,1.0
1764,2019-05-09T00:00:00.000Z,20.76,20.93,20.5,20.54,593700,19.4268195201,19.5859023389,19.1835163854,19.2209476369,593700,0.0,1.0
1765,2019-05-10T00:00:00.000Z,20.62,20.71,20.38,20.51,405600,19.4736085844,19.5586049362,19.2469516465,19.3697241546,405600,0.19,1.0
1766,2019-05-13T00:00:00.000Z,20.09,20.45,20.02,20.22,1046500,18.9730745132,19.3130599201,18.9069662396,19.0958470212,1046500,0.0,1.0
1767,2019-05-14T00:00:00.000Z,20.46,20.5,20.28,20.28,253500,19.3225039591,19.3602801155,19.1525112557,19.1525112557,253500,0.0,1.0
1768,2019-05-15T00:00:00.000Z,20.83,21.01,20.27,20.4,962900,19.6719334051,19.8419261086,19.1430672166,19.2658397247,962900,0.0,1.0
1769,2019-05-16T00:00:00.000Z,21.06,21.17,20.73,20.75,426500,19.889146304,19.9930307339,19.5774930143,19.5963810925,426500,0.0,1.0
1770,2019-05-17T00:00:00.000Z,20.93,21.09,20.85,20.93,496300,19.7663737959,19.9174784212,19.6908214833,19.7663737959,496300,0.0,1.0
1771,2019-05-20T00:00:00.000Z,20.76,20.94,20.52,20.81,699100,19.6058251316,19.775817835,19.3791681936,19.653045327,699100,0.0,1.0
1772,2019-05-21T00:00:00.000Z,20.71,20.9,20.27,20.69,1110900,19.5586049362,19.7380416787,19.1430672166,19.539716858,1110900,0.0,1.0
1773,2019-05-22T00:00:00.000Z,20.78,20.9,20.57,20.58,777100,19.6247132097,19.7380416787,19.426388389,19.4358324281,777100,0.0,1.0
1774,2019-05-23T00:00:00.000Z,20.21,20.74,20.06,20.6,1140700,19.0864029821,19.5869370534,18.9447423959,19.4547205063,1140700,0.0,1.0
1775,2019-05-24T00:00:00.000Z,20.29,20.38,20.21,20.27,360700,19.1619552948,19.2469516465,19.0864029821,19.1430672166,360700,0.0,1.0
1776,2019-05-28T00:00:00.000Z,20.1,20.44,20.09,20.24,436000,18.9825185522,19.303615881,18.9730745132,19.1147350994,436000,0.0,1.0
1777,2019-05-29T00:00:00.000Z,19.94,20.1,19.86,19.93,432100,18.8314139269,18.9825185522,18.7558616143,18.8219698879,432100,0.0,1.0
1778,2019-05-30T00:00:00.000Z,20.29,20.3,20.03,20.07,382500,19.1619552948,19.1713993339,18.9164102787,18.954186435,382500,0.0,1.0
1779,2019-05-31T00:00:00.000Z,19.7,20.21,19.66,20.0,931100,18.604756989,19.0864029821,18.5669808327,18.8880781614,931100,0.0,1.0
1780,2019-06-03T00:00:00.000Z,19.8,19.96,19.5,19.52,245500,18.6991973798,18.8503020051,18.4158762074,18.4347642856,245500,0.0,1.0
1781,2019-06-04T00:00:00.000Z,20.45,20.5,19.83,20.0,782988,19.3130599201,19.3602801155,18.7275294971,18.8880781614,782988,0.0,1.0
1782,2019-06-05T00:00:00.000Z,20.76,20.85,20.22,20.59,474200,19.6058251316,19.6908214833,19.0958470212,19.4452764672,474200,0.0,1.0
1783,2019-06-06T00:00:00.000Z,20.93,20.97,20.7,20.73,252300,19.7663737959,19.8041499523,19.5491608971,19.5774930143,252300,0.0,1.0
1784,2019-06-07T00:00:00.000Z,21.54,21.59,20.61,21.0,572604,20.3424601799,20.3896803753,19.4641645454,19.8324820695,572604,0.0,1.0
1785,2019-06-10T00:00:00.000Z,21.34,21.73,21.16,21.46,561153,20.1535793983,20.5218969224,19.9835866948,20.2669078672,561153,0.0,1.0
1786,2019-06-11T00:00:00.000Z,21.53,21.85,21.39,21.53,819700,20.3330161408,20.6352253914,20.2007995937,20.3330161408,819700,0.0,1.0
1787,2019-06-12T00:00:00.000Z,21.57,21.59,21.16,21.36,281900,20.3707922971,20.3896803753,19.9835866948,20.1724674764,281900,0.0,1.0
1788,2019-06-13T00:00:00.000Z,21.87,21.92,21.67,21.7,212600,20.6541134695,20.7013336649,20.4652326879,20.4935648052,212600,0.0,1.0
1789,2019-06-14T00:00:00.000Z,21.78,22.0,21.71,21.79,317000,20.5691171178,20.7768859776,20.5030088442,20.5785611569,317000,0.0,1.0
1790,2019-06-17T00:00:00.000Z,22.18,22.2,21.72,21.78,777800,20.946878681,20.9657667592,20.5124528833,20.5691171178,777800,0.0,1.0
1791,2019-06-18T00:00:00.000Z,22.1,22.48,21.99,22.23,758800,20.8713263684,21.2301998535,20.7674419385,20.9940988764,758800,0.0,1.0
1792,2019-06-19T00:00:00.000Z,22.56,22.6,22.15,22.17,597124,21.3057521661,21.3435283224,20.9185465638,20.9374346419,597124,0.0,1.0
1793,2019-06-20T00:00:00.000Z,22.39,23.0,22.19,22.74,1122809,21.1452035017,21.7212898856,20.9563227201,21.4757448696,1122809,0.0,1.0
1794,2019-06-21T00:00:00.000Z,22.28,22.62,22.19,22.19,563200,21.0413190718,21.3624164006,20.9563227201,20.9563227201,563200,0.0,1.0
1795,2019-06-24T00:00:00.000Z,21.91,22.28,21.86,22.19,379000,20.6918896259,21.0413190718,20.6446694304,20.9563227201,379000,0.0,1.0
1796,2019-06-25T00:00:00.000Z,21.69,22.07,21.65,21.85,284900,20.4841207661,20.8429942511,20.4463446098,20.6352253914,284900,0.0,1.0
1797,2019-06-26T00:00:00.000Z,21.89,22.0,21.64,21.7,316600,20.6730015477,20.7768859776,20.4369005707,20.4935648052,316600,0.0,1.0
1798,2019-06-27T00:00:00.000Z,22.18,22.31,21.97,22.0,401800,20.946878681,21.0696511891,20.7485538603,20.7768859776,401800,0.0,1.0
1799,2019-06-28T00:00:00.000Z,22.61,22.81,22.16,22.32,667100,21.3529723615,21.5418531431,20.9279906029,21.0790952282,667100,0.0,1.0
1800,2019-07-01T00:00:00.000Z,23.34,23.34,22.61,22.96,958400,22.0423872144,22.0423872144,21.3529723615,21.6835137293,958400,0.0,1.0
1801,2019-07-02T00:00:00.000Z,23.81,23.82,22.96,23.33,1811800,22.4862570512,22.4957010903,21.6835137293,22.0329431753,1811800,0.0,1.0
1802,2019-07-03T00:00:00.000Z,23.68,24.06,23.35,23.74,574100,22.3634845431,22.7223580282,22.0518312535,22.4201487776,574100,0.0,1.0
1803,2019-07-05T00:00:00.000Z,23.66,23.87,23.48,23.68,484700,22.344596465,22.5429212857,22.1746037615,22.3634845431,484700,0.0,1.0
1804,2019-07-08T00:00:00.000Z,23.34,23.58,23.01,23.39,708700,22.0423872144,22.2690441523,21.7307339247,22.0896074098,708700,0.0,1.0
1805,2019-07-09T00:00:00.000Z,24.29,25.0,23.1,23.1,3885500,22.9395709271,23.6100977018,21.8157302765,21.8157302765,3885500,0.0,1.0
1806,2019-07-10T00:00:00.000Z,24.28,24.9,24.01,24.65,2189300,22.930126888,23.515657311,22.6751378328,23.279556334,2189300,0.0,1.0
1807,2019-07-11T00:00:00.000Z,24.08,24.49,23.96,24.27,1061100,22.7412461064,23.1284517087,22.6279176374,22.9206828489,1061100,0.0,1.0
1808,2019-07-12T00:00:00.000Z,24.03,24.56,24.0,24.29,661800,22.694025911,23.1945599822,22.6656937937,22.9395709271,661800,0.0,1.0
1809,2019-07-15T00:00:00.000Z,23.77,24.22,23.59,24.22,537300,22.4484808949,22.8734626535,22.2784881914,22.8734626535,537300,0.0,1.0
1810,2019-07-16T00:00:00.000Z,23.93,24.1,23.76,23.9,462500,22.5995855202,22.7601341845,22.4390368558,22.5712534029,462500,0.0,1.0
1811,2019-07-17T00:00:00.000Z,23.67,24.05,23.61,24.0,479100,22.3540405041,22.7129139891,22.2973762696,22.6656937937,479100,0.0,1.0
1812,2019-07-18T00:00:00.000Z,23.49,23.95,23.27,23.6,629900,22.1840478006,22.6184735983,21.9762789408,22.2879322305,629900,0.0,1.0
1813,2019-07-19T00:00:00.000Z,23.03,23.73,22.96,23.64,1395600,21.7496220029,22.4107047385,21.6835137293,22.3257083868,1395600,0.0,1.0
1814,2019-07-22T00:00:00.000Z,23.76,23.91,22.21,23.25,1777200,22.4390368558,22.580697442,20.9752107983,21.9573908627,1777200,0.0,1.0
1815,2019-07-23T00:00:00.000Z,24.0,24.04,23.28,23.71,691800,22.6656937937,22.70346995,21.9857229799,22.3918166604,691800,0.0,1.0
1816,2019-07-24T00:00:00.000Z,24.84,24.97,23.88,24.1,1328300,23.4589930765,23.5817655846,22.5523653248,22.7601341845,1328300,0.0,1.0
1817,2019-07-25T00:00:00.000Z,24.92,25.0,24.31,24.81,1252500,23.5345453891,23.6100977018,22.9584590052,23.4306609593,1252500,0.0,1.0
1818,2019-07-26T00:00:00.000Z,24.96,25.16,24.72,24.95,1284300,23.5723215455,23.7612023271,23.3456646075,23.5628775064,1284300,0.0,1.0
1819,2019-07-29T00:00:00.000Z,24.65,25.09,24.21,25.09,782100,23.279556334,23.6950940535,22.8640186144,23.6950940535,782100,0.0,1.0
1820,2019-07-30T00:00:00.000Z,24.68,24.76,24.34,24.66,1440900,23.3078884512,23.3834407639,22.9867911225,23.289000373,1440900,0.0,1.0
1821,2019-07-31T00:00:00.000Z,23.85,25.99,23.8,25.9,4840800,22.5240332075,24.5450575708,22.4768130121,24.4600612191,4840800,0.0,1.0
1822,2019-08-01T00:00:00.000Z,23.28,24.44,23.12,24.44,5388700,21.9857229799,23.0812315133,21.8346183546,23.0812315133,5388700,0.0,1.0
1823,2019-08-02T00:00:00.000Z,22.95,23.2,22.46,23.2,1610900,21.6740696902,21.9101706673,21.2113117753,21.9101706673,1610900,0.0,1.0
1824,2019-08-05T00:00:00.000Z,22.49,22.59,21.5,22.52,2077300,21.2396438925,21.3340842833,20.3046840235,21.2679760098,2077300,0.0,1.0
1825,2019-08-06T00:00:00.000Z,23.36,23.42,22.67,22.75,1249500,22.0612752926,22.117939527,21.409636596,21.4851889086,1249500,0.0,1.0
1826,2019-08-07T00:00:00.000Z,23.46,23.5,22.57,22.98,760500,22.1557156834,22.1934918397,21.3151962052,21.7024018075,760500,0.0,1.0
1827,2019-08-08T00:00:00.000Z,23.64,24.0,23.37,23.5,851300,22.3257083868,22.6656937937,22.0707193316,22.1934918397,851300,0.0,1.0
1828,2019-08-09T00:00:00.000Z,22.5,23.27,22.47,23.23,849200,21.6551816121,22.3962700495,21.6263080366,22.3577719488,849200,0.43,1.0
1829,2019-08-12T00:00:00.000Z,21.69,22.29,21.38,22.29,1169400,20.875595074,21.4530665837,20.5772347941,21.4530665837,1169400,0.0,1.0
1830,2019-08-13T00:00:00.000Z,22.03,22.34,21.41,21.64,1497100,21.2028289295,21.5011892095,20.6061083695,20.8274724482,1497100,0.0,1.0
1831,2019-08-14T00:00:00.000Z,21.46,21.81,21.22,21.54,1016600,20.6542309953,20.991089376,20.4232423915,20.7312271966,1016600,0.0,1.0
1832,2019-08-15T00:00:00.000Z,21.07,21.74,20.74,21.6,1542200,20.2788745141,20.9237176999,19.9612651838,20.7889743476,1542200,0.0,1.0
1833,2019-08-16T00:00:00.000Z,21.71,21.84,21.04,21.21,918817,20.8948441244,21.0199629515,20.2500009386,20.4136178663,918817,0.0,1.0
1834,2019-08-19T00:00:00.000Z,22.07,22.44,22.02,22.29,970000,21.2413270302,21.5974344611,21.1932044044,21.4530665837,970000,0.0,1.0
1835,2019-08-20T00:00:00.000Z,22.17,22.39,21.83,21.95,891800,21.3375722818,21.5493118353,21.0103384263,21.1258327282,891800,0.0,1.0
1836,2019-08-21T00:00:00.000Z,22.7,22.81,22.15,22.4,1170000,21.8476721153,21.9535418921,21.3183232315,21.5589363605,1170000,0.0,1.0
1837,2019-08-22T00:00:00.000Z,22.76,23.14,22.5,22.99,1094200,21.9054192663,22.2711512224,21.6551816121,22.126783345,1094200,0.0,1.0
1838,2019-08-23T00:00:00.000Z,22.02,22.78,21.96,22.68,596900,21.1932044044,21.9246683166,21.1354572534,21.828423065,596900,0.0,1.0
1839,2019-08-26T00:00:00.000Z,21.8,22.33,21.79,22.15,909700,20.9814648508,21.4915646843,20.9718403257,21.3183232315,909700,0.0,1.0
1840,2019-08-27T00:00:00.000Z,22.4,22.48,21.9,22.1,913400,21.5589363605,21.6359325618,21.0777101024,21.2702006056,913400,0.0,1.0
1841,2019-08-28T00:00:00.000Z,22.61,22.65,22.13,22.29,391600,21.7610513889,21.7995494895,21.2990741811,21.4530665837,391600,0.0,1.0
1842,2019-08-29T00:00:00.000Z,22.96,23.09,22.67,22.75,889600,22.0979097695,22.2230285966,21.8187985398,21.8957947411,889600,0.0,1.0
1843,2019-08-30T00:00:00.000Z,22.78,23.1,22.53,22.99,613100,21.9246683166,22.2326531217,21.6840551876,22.126783345,613100,0.0,1.0
1844,2019-09-03T00:00:00.000Z,22.17,22.68,21.85,22.46,796100,21.3375722818,21.828423065,21.0295874766,21.6166835114,796100,0.0,1.0
1845,2019-09-04T00:00:00.000Z,23.07,23.29,21.99,22.4,1121000,22.2037795463,22.4155190998,21.1643308289,21.5589363605,1121000,0.0,1.0
1846,2019-09-05T00:00:00.000Z,24.24,24.44,23.32,23.5,1752100,23.3298489901,23.5223394933,22.4443926753,22.6176341282,1752100,0.0,1.0
1847,2019-09-06T00:00:00.000Z,24.54,24.98,24.22,24.38,999800,23.6185847449,24.042063852,23.3105999398,23.4645923423,999800,0.0,1.0
1848,2019-09-09T00:00:00.000Z,25.11,25.18,24.48,24.55,924100,24.1671826791,24.2345543552,23.5608375939,23.6282092701,924100,0.0,1.0
1849,2019-09-10T00:00:00.000Z,24.44,25.32,24.22,25.08,1037700,23.5223394933,24.3692977075,23.3105999398,24.1383091036,1037700,0.0,1.0
1850,2019-09-11T00:00:00.000Z,24.92,25.24,24.3,24.55,1085800,23.984316701,24.2923015062,23.3875961411,23.6282092701,1085800,0.0,1.0
1851,2019-09-12T00:00:00.000Z,25.63,26.0,25.01,25.06,1856400,24.6676579875,25.0237654184,24.0709374275,24.1190600533,1856400,0.0,1.0
1852,2019-09-13T00:00:00.000Z,25.79,26.18,25.25,25.8,1103200,24.82165039,25.1970068713,24.3019260313,24.8312749152,1103200,0.0,1.0
1853,2019-09-16T00:00:00.000Z,26.06,26.13,25.26,25.5,1265700,25.0815125694,25.1488842455,24.3115505565,24.5425391604,1265700,0.0,1.0
1854,2019-09-17T00:00:00.000Z,26.02,26.2,25.89,26.05,817700,25.0430144687,25.2162559216,24.9178956416,25.0718880442,817700,0.0,1.0
1855,2019-09-18T00:00:00.000Z,26.12,26.13,25.62,25.86,828400,25.1392597203,25.1488842455,24.6580334623,24.8890220662,828400,0.0,1.0
1856,2019-09-19T00:00:00.000Z,26.6,27.0,26.12,26.16,1461900,25.6012369281,25.9862179345,25.1392597203,25.177757821,1461900,0.0,1.0
1857,2019-09-20T00:00:00.000Z,26.6,26.99,26.39,26.61,828400,25.6012369281,25.9765934093,25.3991218997,25.6108614532,828400,0.0,1.0
1858,2019-09-23T00:00:00.000Z,26.5,26.73,26.1,26.52,1096100,25.5049916765,25.7263557552,25.12001067,25.5242407268,1096100,0.0,1.0
1859,2019-09-24T00:00:00.000Z,26.4,26.94,26.2,26.45,1478600,25.4087464248,25.9284707835,25.2162559216,25.4568690507,1478600,0.0,1.0
1860,2019-09-25T00:00:00.000Z,26.77,26.87,26.02,26.07,987700,25.7648538558,25.8610991074,25.0430144687,25.0911370945,987700,0.0,1.0
1861,2019-09-26T00:00:00.000Z,26.75,26.94,26.65,26.88,645500,25.7456048055,25.9284707835,25.6493595539,25.8707236326,645500,0.0,1.0
1862,2019-09-27T00:00:00.000Z,25.69,27.02,25.51,26.92,3368200,24.7254051384,26.0054669848,24.5521636855,25.9092217332,3368200,0.0,1.0
1863,2019-09-30T00:00:00.000Z,25.56,25.72,25.06,25.72,1474700,24.6002863113,24.7542787139,24.1190600533,24.7542787139,1474700,0.0,1.0
1864,2019-10-01T00:00:00.000Z,24.96,25.98,24.79,25.64,1577300,24.0228148017,25.0045163681,23.8591978739,24.6772825126,1577300,0.0,1.0
1865,2019-10-02T00:00:00.000Z,24.33,24.76,23.45,24.51,1761300,23.4164697165,23.8303242985,22.5695115024,23.5897111694,1761300,0.0,1.0
1866,2019-10-03T00:00:00.000Z,24.79,24.85,23.91,24.46,808800,23.8591978739,23.9169450249,23.0122396598,23.5415885436,808800,0.0,1.0
1867,2019-10-04T00:00:00.000Z,24.8,25.16,24.68,24.85,1202200,23.8688223991,24.2153053049,23.7533280972,23.9169450249,1202200,0.0,1.0
1868,2019-10-07T00:00:00.000Z,24.94,25.06,24.45,24.68,787400,24.0035657514,24.1190600533,23.5319640185,23.7533280972,787400,0.0,1.0
1869,2019-10-08T00:00:00.000Z,24.93,25.22,24.54,24.84,992600,23.9939412262,24.2730524559,23.6185847449,23.9073204997,992600,0.0,1.0
1870,2019-10-09T00:00:00.000Z,25.32,25.57,25.04,25.08,425700,24.3692977075,24.6099108365,24.099811003,24.1383091036,425700,0.0,1.0
1871,2019-10-10T00:00:00.000Z,25.61,25.82,25.15,25.15,456200,24.6484089371,24.8505239655,24.2056807797,24.2056807797,456200,0.0,1.0
1872,2019-10-11T00:00:00.000Z,25.77,26.31,25.55,25.75,547900,24.8024013397,25.3221256984,24.5906617862,24.7831522894,547900,0.0,1.0
1873,2019-10-14T00:00:00.000Z,25.81,26.0,25.52,25.74,1318000,24.8408994404,25.0237654184,24.5617882107,24.7735277642,1318000,0.0,1.0
1874,2019-10-15T00:00:00.000Z,26.47,26.52,25.85,25.95,643600,25.476118101,25.5242407268,24.879397541,24.9756427926,643600,0.0,1.0
1875,2019-10-16T00:00:00.000Z,26.61,26.72,26.31,26.44,416700,25.6108614532,25.71673123,25.3221256984,25.4472445255,416700,0.0,1.0
1876,2019-10-17T00:00:00.000Z,27.13,27.15,26.63,26.63,583200,26.1113367616,26.1305858119,25.6301105035,25.6301105035,583200,0.0,1.0
1877,2019-10-18T00:00:00.000Z,26.98,27.29,26.86,27.0,826100,25.9669688842,26.2653291642,25.8514745822,25.9862179345,826100,0.0,1.0
1878,2019-10-21T00:00:00.000Z,27.52,27.63,27.03,27.08,549600,26.4866932429,26.5925630196,26.01509151,26.0632141358,549600,0.0,1.0
1879,2019-10-22T00:00:00.000Z,27.08,27.77,27.02,27.59,538600,26.0632141358,26.7273063719,26.0054669848,26.554064919,538600,0.0,1.0
1880,2019-10-23T00:00:00.000Z,27.43,27.85,26.94,26.97,770500,26.4000725164,26.8043025732,25.9284707835,25.957344359,770500,0.0,1.0
1881,2019-10-24T00:00:00.000Z,27.11,27.51,26.48,27.46,1014000,26.0920877113,26.4770687177,25.4857426261,26.4289460919,1014000,0.0,1.0
1882,2019-10-25T00:00:00.000Z,27.33,27.6,26.78,26.95,906400,26.3038272648,26.5636894442,25.774478381,25.9380953087,906400,0.0,1.0
1883,2019-10-28T00:00:00.000Z,27.5,27.93,26.81,27.5,1612400,26.4674441925,26.8812987745,25.8033519564,26.4674441925,1612400,0.0,1.0
1884,2019-10-29T00:00:00.000Z,27.5,27.86,27.34,27.34,836100,26.4674441925,26.8139270983,26.31345179,26.31345179,836100,0.0,1.0
1885,2019-10-30T00:00:00.000Z,27.52,27.8118,27.29,27.42,748904,26.4866932429,26.7675368871,26.2653291642,26.3904479913,748904,0.0,1.0
1886,2019-10-31T00:00:00.000Z,27.28,27.96,27.19,27.96,717300,26.255704639,26.91017235,26.1690839126,26.91017235,717300,0.0,1.0
1887,2019-11-01T00:00:00.000Z,27.99,28.04,27.25,27.5,1161400,26.9390459254,26.9871685512,26.2268310635,26.4674441925,1161400,0.0,1.0
1888,2019-11-04T00:00:00.000Z,27.98,28.13,27.75,28.07,976300,26.9294214003,27.0737892777,26.7080573216,27.0160421267,976300,0.0,1.0
1889,2019-11-05T00:00:00.000Z,27.98,28.2,27.55,28.15,850200,26.9294214003,27.1411609538,26.5155668184,27.093038328,850200,0.0,1.0
1890,2019-11-06T00:00:00.000Z,27.54,28.0,27.37,27.8,1544900,26.5059422932,26.9486704506,26.3423253655,26.7561799474,1544900,0.0,1.0
1891,2019-11-07T00:00:00.000Z,27.5,27.96,27.21,27.82,832700,26.4674441925,26.91017235,26.1883329629,26.7754289977,832700,0.0,1.0
1892,2019-11-08T00:00:00.000Z,27.39,27.62,27.08,27.17,691100,26.6599346958,26.8838041729,26.3581975743,26.4457986741,691100,0.31,1.0
1893,2019-11-11T00:00:00.000Z,27.53,27.62,27.11,27.2,418300,26.7962030732,26.8838041729,26.3873979409,26.4749990407,418300,0.0,1.0
1894,2019-11-12T00:00:00.000Z,27.94,27.97,27.4,27.65,940800,27.1952747499,27.2244751165,26.6696681513,26.9130045395,940800,0.0,1.0
1895,2019-11-13T00:00:00.000Z,27.9,28.01,27.59,27.88,1088700,27.1563409278,27.2634089386,26.8546038064,27.1368740167,1088700,0.0,1.0
1896,2019-11-14T00:00:00.000Z,28.15,28.16,27.9,27.91,889400,27.399677316,27.4094107716,27.1563409278,27.1660743833,889400,0.0,1.0
1897,2019-11-15T00:00:00.000Z,28.4,28.48,28.07,28.2,339800,27.6430137043,27.7208813485,27.3218096718,27.4483445937,339800,0.0,1.0
1898,2019-11-18T00:00:00.000Z,28.29,28.53,28.24,28.43,826100,27.5359456934,27.7695486261,27.4872784158,27.6722140709,826100,0.0,1.0
1899,2019-11-19T00:00:00.000Z,28.36,28.48,28.17,28.43,729500,27.6040798821,27.7208813485,27.4191442271,27.6722140709,729500,0.0,1.0
1900,2019-11-20T00:00:00.000Z,28.56,28.84,28.24,28.24,930200,27.7987489927,28.0712857476,27.4872784158,27.4872784158,930200,0.0,1.0
1901,2019-11-21T00:00:00.000Z,28.56,28.96,28.44,28.46,777400,27.7987489927,28.1880872139,27.6819475264,27.7014144374,777400,0.0,1.0
1902,2019-11-22T00:00:00.000Z,28.59,28.76,28.5,28.76,448700,27.8279493593,27.9934181033,27.7403482596,27.9934181033,448700,0.0,1.0
1903,2019-11-25T00:00:00.000Z,28.9,29.11,28.68,29.0,1029700,28.1296864807,28.3340890469,27.9155504591,28.227021036,1029700,0.0,1.0
1904,2019-11-26T00:00:00.000Z,29.55,30.3,28.83,28.83,1846700,28.7623610902,29.4923702549,28.061552292,28.061552292,1846700,0.0,1.0
1905,2019-11-27T00:00:00.000Z,29.88,29.93,29.19,29.5,703300,29.0835651227,29.1322324003,28.4119566911,28.7136938125,703300,0.0,1.0
1906,2019-11-29T00:00:00.000Z,29.8,30.03,29.71,29.8,423000,29.0056974784,29.2295669556,28.9180963786,29.0056974784,423000,0.0,1.0
1907,2019-12-02T00:00:00.000Z,29.63,29.81,29.46,29.68,778600,28.8402287344,29.0154309339,28.6747599904,28.8888960121,778600,0.0,1.0
1908,2019-12-03T00:00:00.000Z,28.61,29.33,28.47,29.04,1352200,27.8474162704,28.5482250685,27.711147893,28.2659548582,1352200,0.0,1.0
1909,2019-12-04T00:00:00.000Z,29.23,29.5,28.79,28.79,864500,28.4508905132,28.7136938125,28.0226184699,28.0226184699,864500,0.0,1.0
1910,2019-12-05T00:00:00.000Z,29.46,29.73,29.23,29.26,830800,28.6747599904,28.9375632897,28.4508905132,28.4800908798,830800,0.0,1.0
1911,2019-12-06T00:00:00.000Z,29.49,29.82,29.37,29.53,869800,28.703960357,29.0251643895,28.5871588906,28.7428941791,869800,0.0,1.0
1912,2019-12-09T00:00:00.000Z,29.17,29.79,29.16,29.49,711700,28.39248978,28.9959640229,28.3827563245,28.703960357,711700,0.0,1.0
1913,2019-12-10T00:00:00.000Z,29.43,29.87,29.14,29.21,685300,28.6455596238,29.0738316671,28.3632894135,28.4314236022,685300,0.0,1.0
1914,2019-12-11T00:00:00.000Z,30.18,30.26,29.38,29.38,1074500,29.3755687885,29.4534364328,28.5968923462,28.5968923462,1074500,0.0,1.0
1915,2019-12-12T00:00:00.000Z,29.83,30.16,29.7,30.0,1258700,29.034897845,29.3561018775,28.9083629231,29.200366589,1258700,0.0,1.0
1916,2019-12-13T00:00:00.000Z,29.69,29.99,29.08,29.7,1157100,28.8986294676,29.1906331335,28.3048886803,28.9083629231,1157100,0.0,1.0
1917,2019-12-16T00:00:00.000Z,30.33,30.42,29.75,29.9,1044200,29.5215706215,29.6091717213,28.9570302008,29.1030320337,1044200,0.0,1.0
1918,2019-12-17T00:00:00.000Z,30.58,31.06,30.35,30.45,1201000,29.7649070097,30.2321128752,29.5410375325,29.6383720878,1201000,0.0,1.0
1919,2019-12-18T00:00:00.000Z,30.83,31.08,30.59,30.59,897900,30.008243398,30.2515797862,29.7746404653,29.7746404653,897900,0.0,1.0
1920,2019-12-19T00:00:00.000Z,31.28,31.61,30.5,30.58,2146300,30.4462488968,30.7674529293,29.6870393655,29.7649070097,2146300,0.0,1.0
1921,2019-12-20T00:00:00.000Z,31.22,31.56,31.05,31.56,858300,30.3878481636,30.7187856516,30.2223794196,30.7187856516,858300,0.0,1.0
1922,2019-12-23T00:00:00.000Z,31.02,31.37,30.76,31.29,1326600,30.193179053,30.5338499966,29.9401092093,30.4559823523,1326600,0.0,1.0
1923,2019-12-24T00:00:00.000Z,31.15,31.29,30.85,31.0,256900,30.3197139749,30.4559823523,30.027710309,30.173712142,256900,0.0,1.0
1924,2019-12-26T00:00:00.000Z,31.25,31.26,30.68,31.15,817100,30.4170485302,30.4267819857,29.862241565,30.3197139749,817100,0.0,1.0
1925,2019-12-27T00:00:00.000Z,31.22,31.45,31.02,31.24,616800,30.3878481636,30.6117176408,30.193179053,30.4073150747,616800,0.0,1.0
1926,2019-12-30T00:00:00.000Z,31.75,32.07,31.13,31.22,1280900,30.9037213067,31.2151918837,30.3002470639,30.3878481636,1280900,0.0,1.0
1927,2019-12-31T00:00:00.000Z,32.08,32.5,31.74,31.81,1362600,31.2249253392,31.6337304714,30.8939878512,30.9621220399,1362600,0.0,1.0
1928,2020-01-02T00:00:00.000Z,32.02,32.46,31.33,32.25,11275800,31.166524606,31.5947966493,30.4949161745,31.3903940832,11275800,0.0,1.0
1929,2020-01-03T00:00:00.000Z,31.45,32.0,30.6,32.0,2935100,30.6117176408,31.1470576949,29.7843739208,31.1470576949,2935100,0.0,1.0
1930,2020-01-06T00:00:00.000Z,31.45,31.59,30.76,31.36,2962100,30.6117176408,30.7479860182,29.9401092093,30.524116541,2962100,0.0,1.0
1931,2020-01-07T00:00:00.000Z,31.35,31.59,31.28,31.3,1429800,30.5143830855,30.7479860182,30.4462488968,30.4657158079,1429800,0.0,1.0
1932,2020-01-08T00:00:00.000Z,31.48,31.53,31.26,31.49,1369000,30.6409180074,30.689585285,30.4267819857,30.6506514629,1369000,0.0,1.0
1933,2020-01-09T00:00:00.000Z,31.77,31.99,31.38,31.7,2272400,30.9231882178,31.1373242394,30.5435834521,30.8550540291,2272400,0.0,1.0
1934,2020-01-10T00:00:00.000Z,31.54,31.88,31.44,31.88,3707700,30.6993187406,31.0302562286,30.6019841853,31.0302562286,3707700,0.0,1.0
1935,2020-01-13T00:00:00.000Z,31.64,31.8,31.42,31.55,3705700,30.7966532959,30.9523885844,30.5825172742,30.7090521961,3705700,0.0,1.0
1936,2020-01-14T00:00:00.000Z,31.43,32.09,31.37,31.75,2034400,30.5922507298,31.2346587947,30.5338499966,30.9037213067,2034400,0.0,1.0
1937,2020-01-15T00:00:00.000Z,32.0,32.25,31.39,31.43,2094200,31.1470576949,31.3903940832,30.5533169076,30.5922507298,2094200,0.0,1.0
1938,2020-01-16T00:00:00.000Z,32.94,32.99,32.11,32.11,1822300,32.0620025147,32.1106697924,31.2541257058,31.2541257058,1822300,0.0,1.0
1939,2020-01-17T00:00:00.000Z,33.28,33.31,32.97,33.25,1547400,32.3929400027,32.4221403693,32.0912028813,32.3637396362,1547400,0.0,1.0
1940,2020-01-21T00:00:00.000Z,33.41,33.95,33.11,33.22,1632600,32.5194749246,33.0450815232,32.2274712587,32.3345392696,1632600,0.0,1.0
1941,2020-01-22T00:00:00.000Z,34.28,34.38,33.5,33.8,3782700,33.3662855557,33.463620111,32.6070760244,32.8990796903,3782700,0.0,1.0
1942,2020-01-23T00:00:00.000Z,34.45,34.53,34.0,34.41,1290300,33.5317542997,33.609621944,33.0937488009,33.4928204776,1290300,0.0,1.0
1943,2020-01-24T00:00:00.000Z,33.72,34.98,33.46,34.81,1925000,32.821212046,34.0476274428,32.5681422023,33.8821586988,1925000,0.0,1.0
1944,2020-01-27T00:00:00.000Z,32.91,33.12,32.37,32.9,1829500,32.0328021481,32.2372047143,31.5071955495,32.0230686926,1829500,0.0,1.0
1945,2020-01-28T00:00:00.000Z,33.16,33.48,32.41,32.41,1508100,32.2761385364,32.5876091133,31.5461293717,31.5461293717,1508100,0.0,1.0
1946,2020-01-29T00:00:00.000Z,33.68,33.87,33.29,33.51,1797800,32.7822782239,32.967213879,32.4026734583,32.6168094799,1797800,0.0,1.0
1947,2020-01-30T00:00:00.000Z,32.65,33.82,32.22,33.26,5606405,31.7797323044,32.9185466013,31.3611937166,32.3734730917,5606405,0.0,1.0
1948,2020-01-31T00:00:00.000Z,32.48,32.71,31.82,32.62,1640300,31.6142635604,31.8381330376,30.9718554954,31.7505319378,1640300,0.0,1.0
1949,2020-02-03T00:00:00.000Z,32.2,33.02,32.07,32.64,1933100,31.3417268055,32.139870159,31.2151918837,31.7699988488,1933100,0.0,1.0
1950,2020-02-04T00:00:00.000Z,33.5,33.68,32.54,32.54,3463800,32.6070760244,32.7822782239,31.6726642935,31.6726642935,3463800,0.0,1.0
1951,2020-02-05T00:00:00.000Z,32.66,33.5,31.87,32.85,4737410,31.7894657599,32.6070760244,31.0205227731,31.974401415,4737410,0.0,1.0
1952,2020-02-06T00:00:00.000Z,32.45,32.62,31.61,32.45,3504200,31.5850631938,31.7505319378,30.7674529293,31.5850631938,3504200,0.0,1.0
1953,2020-02-07T00:00:00.000Z,32.87,33.17,32.26,32.34,2324000,31.993868326,32.2858719919,31.4001275387,31.477995183,2324000,0.0,1.0
1954,2020-02-10T00:00:00.000Z,33.41,33.56,32.86,32.86,1898200,32.5194749246,32.6654767576,31.9841348705,31.9841348705,1898200,0.0,1.0
1955,2020-02-11T00:00:00.000Z,33.6,33.86,33.17,33.17,1299400,32.7044105797,32.9574804235,32.2858719919,32.2858719919,1299400,0.0,1.0
1956,2020-02-12T00:00:00.000Z,33.69,33.85,33.4,33.59,821100,32.7920116795,32.9477469679,32.5097414691,32.6946771242,821100,0.0,1.0
1957,2020-02-13T00:00:00.000Z,32.94,33.7,32.82,33.61,2421000,32.0620025147,32.801745135,31.9452010484,32.7141440352,2421000,0.0,1.0
1958,2020-02-14T00:00:00.000Z,32.13,32.77,31.78,32.55,1879300,31.5169290051,32.1447171956,31.1736073383,31.9289150051,1879300,0.25,1.0
1959,2020-02-18T00:00:00.000Z,32.0,32.48,31.45,32.1,3590000,31.3894095289,31.8602506718,30.8499040526,31.4875014336,3590000,0.0,1.0
1960,2020-02-19T00:00:00.000Z,31.75,32.48,31.52,32.08,2746500,31.1441797669,31.8602506718,30.9185683859,31.4678830527,2746500,0.0,1.0
1961,2020-02-20T00:00:00.000Z,31.36,32.02,30.86,31.86,2073200,30.7616213383,31.4090279098,30.2711618144,31.2520808622,2073200,0.0,1.0
1962,2020-02-21T00:00:00.000Z,31.27,31.44,30.66,31.12,1721600,30.673338624,30.8400948621,30.0749780048,30.5262007668,1721600,0.0,1.0
1963,2020-02-24T00:00:00.000Z,30.91,31.15,29.54,29.96,2834200,30.3202077668,30.5556283382,28.9763486713,29.3883346714,2834200,0.0,1.0
1964,2020-02-25T00:00:00.000Z,29.28,31.26,29.24,31.08,4159500,28.7213097189,30.6635294335,28.682072957,30.4869640049,4159500,0.0,1.0
1965,2020-02-26T00:00:00.000Z,29.82,30.13,29.29,29.4,2687200,29.2510060047,29.5550909095,28.7311189094,28.8390200046,2687200,0.0,1.0
1966,2020-02-27T00:00:00.000Z,28.87,29.47,28.08,28.82,2650500,28.3191329093,28.907684338,27.5442068616,28.2700869569,2650500,0.0,1.0
1967,2020-02-28T00:00:00.000Z,28.46,28.84,26.94,27.76,4373800,27.9169560997,28.2897053379,26.4259591471,27.2303127663,4373800,0.0,1.0
1968,2020-03-02T00:00:00.000Z,30.53,30.57,28.58,28.58,2451800,29.9474585286,29.9866952905,28.0346663855,28.0346663855,2451800,0.0,1.0
1969,2020-03-03T00:00:00.000Z,29.23,31.04,28.33,30.5,4550000,28.6722637665,30.447727243,27.7894366235,29.9180309572,4550000,0.0,1.0
1970,2020-03-04T00:00:00.000Z,28.98,30.05,28.68,29.82,2025600,28.4270340046,29.4766173857,28.1327582902,29.2510060047,2025600,0.0,1.0
1971,2020-03-05T00:00:00.000Z,28.62,29.13,28.03,28.18,3377700,28.0739031474,28.5741718617,27.4951609092,27.6422987664,3377700,0.0,1.0
1972,2020-03-06T00:00:00.000Z,26.37,28.36,25.68,28.0,3074800,25.8668352899,27.818864195,25.1900011469,27.4657333378,3074800,0.0,1.0
1973,2020-03-09T00:00:00.000Z,23.23,25.23,22.54,24.0,4738500,22.7867494799,24.7485875754,22.1099153369,23.5420571466,4738500,0.0,1.0
1974,2020-03-10T00:00:00.000Z,23.49,24.77,21.97,24.1,3052600,23.0417884323,24.2973648134,21.5507914797,23.6401490514,3052600,0.0,1.0
1975,2020-03-11T00:00:00.000Z,22.35,23.26,21.81,22.81,3050700,21.9235407178,22.8161770513,21.393844432,22.3747634798,3050700,0.0,1.0
1976,2020-03-12T00:00:00.000Z,20.76,21.59,18.91,20.27,4618400,20.3638794318,21.1780422415,18.5491791935,19.8832290984,4618400,0.0,1.0
1977,2020-03-13T00:00:00.000Z,23.63,23.75,21.01,21.88,3398800,23.179117099,23.2968273847,20.6091091938,21.4625087654,3398800,0.0,1.0
1978,2020-03-16T00:00:00.000Z,18.62,20.41,16.5,19.95,5827400,18.2647126696,20.0205577651,16.1851642883,19.5693350031,5827400,0.0,1.0
1979,2020-03-17T00:00:00.000Z,18.33,19.75,17.6,19.06,2814700,17.9802461458,19.3731511936,17.2641752409,18.6963170506,2814700,0.0,1.0
1980,2020-03-18T00:00:00.000Z,17.08,17.41,15.21,17.4,6083700,16.754097336,17.0778006218,14.9197787167,17.0679914313,6083700,0.0,1.0
1981,2020-03-19T00:00:00.000Z,19.98,20.28,16.67,17.18,5544400,19.5987625746,19.8930382889,16.3519205264,16.8521892408,5544400,0.0,1.0
1982,2020-03-20T00:00:00.000Z,19.39,22.13,18.7,20.64,4317100,19.0200203364,21.7077385273,18.3431861934,20.2461691461,4317100,0.0,1.0
1983,2020-03-23T00:00:00.000Z,18.21,18.97,17.35,18.51,4775600,17.86253586,18.6080343363,17.0189454789,18.1568115744,4775600,0.0,1.0
1984,2020-03-24T00:00:00.000Z,20.03,20.46,19.15,19.38,2108500,19.647808527,20.0696037175,18.7845997649,19.0102111459,2108500,0.0,1.0
1985,2020-03-25T00:00:00.000Z,22.44,23.43,20.13,20.45,3978300,22.0118234321,22.9829332894,19.7459004317,20.059794527,3978300,0.0,1.0
1986,2020-03-26T00:00:00.000Z,23.73,24.6,22.35,22.51,2335300,23.2772090037,24.1306085753,21.9235407178,22.0804877655,2335300,0.0,1.0
1987,2020-03-27T00:00:00.000Z,22.74,23.29,21.62,22.49,2358400,22.3060991464,22.8456046227,21.2074698129,22.0608693845,2358400,0.0,1.0
1988,2020-03-30T00:00:00.000Z,22.52,23.15,21.55,22.61,1520400,22.0902969559,22.708275956,21.1388054796,22.1785796702,1520400,0.0,1.0
1989,2020-03-31T00:00:00.000Z,21.65,22.8,21.44,22.53,1956300,21.2368973844,22.3649542893,21.0309043843,22.1001061464,1956300,0.0,1.0
1990,2020-04-01T00:00:00.000Z,19.71,20.96,19.5,20.96,2232300,19.3339144317,20.5600632414,19.1279214316,20.5600632414,2232300,0.0,1.0
1991,2020-04-02T00:00:00.000Z,20.19,20.6,19.42,19.5,1172700,19.8047555746,20.2069323842,19.0494479078,19.1279214316,1172700,0.0,1.0
1992,2020-04-03T00:00:00.000Z,19.89,20.45,18.85,19.97,1880000,19.5104798603,20.059794527,18.4903240506,19.5889533841,1880000,0.0,1.0
1993,2020-04-06T00:00:00.000Z,21.82,22.03,20.81,20.82,1317000,21.4036536225,21.6096466225,20.4129253842,20.4227345747,1317000,0.0,1.0
1994,2020-04-07T00:00:00.000Z,22.22,23.59,21.86,22.95,2180700,21.7960212416,23.1398803371,21.4428903844,22.5120921465,2180700,0.0,1.0
1995,2020-04-08T00:00:00.000Z,22.97,23.12,21.95,22.7,1897300,22.5317105274,22.6788483846,21.5311730987,22.2668623845,1897300,0.0,1.0
1996,2020-04-09T00:00:00.000Z,24.06,24.94,22.99,23.0,2716900,23.6009122895,24.4641210516,22.5513289084,22.5611380989,2716900,0.0,1.0
1997,2020-04-13T00:00:00.000Z,22.81,23.88,21.5,23.57,2097400,22.3747634798,23.4243468609,21.0897595272,23.1202619561,2097400,0.0,1.0
1998,2020-04-14T00:00:00.000Z,24.01,24.01,23.13,23.5,1335200,23.5518663371,23.5518663371,22.6886575751,23.0515976228,1335200,0.0,1.0
1999,2020-04-15T00:00:00.000Z,22.68,24.04,22.52,24.04,1619400,22.2472440036,23.5812939086,22.0902969559,23.5812939086,1619400,0.0,1.0
2000,2020-04-16T00:00:00.000Z,22.68,22.98,22.0,22.69,1101000,22.2472440036,22.5415197179,21.5802190511,22.2570531941,1101000,0.0,1.0
2001,2020-04-17T00:00:00.000Z,22.95,23.69,22.7,23.4,1440600,22.5120921465,23.2379722418,22.2668623845,22.953505718,1440600,0.0,1.0
2002,2020-04-20T00:00:00.000Z,21.87,22.69,21.84,22.69,1829500,21.4526995749,22.2570531941,21.4232720034,22.2570531941,1829500,0.0,1.0
2003,2020-04-21T00:00:00.000Z,21.0,21.54,20.8,21.39,2294800,20.5993000033,21.1289962891,20.4031161938,20.9818584319,2294800,0.0,1.0
2004,2020-04-22T00:00:00.000Z,21.69,21.84,21.08,21.18,1273300,21.2761341463,21.4232720034,20.6777735271,20.7758654319,1273300,0.0,1.0
2005,2020-04-23T00:00:00.000Z,22.2,22.55,21.77,21.81,996300,21.7764028606,22.1197245274,21.3546076701,21.393844432,996300,0.0,1.0
2006,2020-04-24T00:00:00.000Z,22.58,22.66,22.01,22.23,1044000,22.1491520988,22.2276256226,21.5900282416,21.8058304321,1044000,0.0,1.0
2007,2020-04-27T00:00:00.000Z,24.44,24.55,22.83,22.97,978700,23.9736615277,24.0815626229,22.3943818607,22.5317105274,978700,0.0,1.0
2008,2020-04-28T00:00:00.000Z,24.81,25.72,24.53,25.0,1488200,24.3366015753,25.2292379088,24.061944242,24.5229761944,1488200,0.0,1.0
2009,2020-04-29T00:00:00.000Z,25.96,26.36,25.17,25.17,1700600,25.4646584803,25.8570260994,24.6897324325,24.6897324325,1700600,0.0,1.0
2010,2020-04-30T00:00:00.000Z,23.44,24.84,22.61,23.5,3186200,22.9927424799,24.3660291468,22.1785796702,23.0515976228,3186200,0.0,1.0
2011,2020-05-01T00:00:00.000Z,22.18,23.17,21.6,23.04,1947700,21.7567844797,22.727894337,21.187851432,22.6003748608,1947700,0.0,1.0
2012,2020-05-04T00:00:00.000Z,21.98,21.99,21.36,21.69,1739800,21.5606006701,21.5704098606,20.9524308605,21.2761341463,1739800,0.0,1.0
2013,2020-05-05T00:00:00.000Z,23.19,23.5,22.16,22.2,4743200,22.7475127179,23.0515976228,21.7371660987,21.7764028606,4743200,0.0,1.0
2014,2020-05-06T00:00:00.000Z,23.06,24.01,23.04,23.5,2662200,22.6199932417,23.5518663371,22.6003748608,23.0515976228,2662200,0.0,1.0
2015,2020-05-07T00:00:00.000Z,23.9,24.13,23.3,23.56,2048900,23.4439652419,23.6695766229,22.8554138132,23.1104527656,2048900,0.0,1.0
2016,2020-05-08T00:00:00.000Z,24.55,24.65,24.09,24.49,1363500,24.0815626229,24.1796545277,23.6303398609,24.0227074801,1363500,0.0,1.0
2017,2020-05-11T00:00:00.000Z,24.58,24.83,23.99,24.18,1998300,24.3562199563,24.6039439184,23.7715914057,23.9598616169,1998300,0.25,1.0
2018,2020-05-12T00:00:00.000Z,24.35,25.13,24.25,24.62,2120500,24.1283139111,24.901212673,24.0292243263,24.3958557902,2120500,0.0,1.0
2019,2020-05-13T00:00:00.000Z,23.5,25.11,23.14,24.38,2847500,23.2860524399,24.881394756,22.9293299345,24.1580407866,2847500,0.0,1.0
2020,2020-05-14T00:00:00.000Z,23.73,23.83,22.36,22.91,1879600,23.5139584851,23.6130480699,22.1564311726,22.7014238893,1879600,0.0,1.0
2021,2020-05-15T00:00:00.000Z,23.48,23.66,22.95,23.43,1172500,23.2662345229,23.4445957757,22.7410597232,23.2166897305,1172500,0.0,1.0
2022,2020-05-18T00:00:00.000Z,25.04,25.37,24.12,24.15,2203300,24.8120320466,25.1390276766,23.900407866,23.9301347414,2203300,0.0,1.0
2023,2020-05-19T00:00:00.000Z,24.96,25.96,24.55,25.1,1388600,24.7327603787,25.7236562272,24.3264930808,24.8714857975,1388600,0.0,1.0
2024,2020-05-20T00:00:00.000Z,25.93,26.15,25.32,25.44,1386300,25.6939293518,25.9119264385,25.0894828842,25.208390386,1386300,0.0,1.0
2025,2020-05-21T00:00:00.000Z,26.5,26.59,26.01,26.1,1653900,26.2587399854,26.3479206118,25.7732010197,25.862381646,1653900,0.0,1.0
2026,2020-05-22T00:00:00.000Z,26.82,26.93,25.91,26.14,1653800,26.575826657,26.6848252003,25.6741114348,25.90201748,1653800,0.0,1.0
2027,2020-05-26T00:00:00.000Z,27.85,28.93,27.15,27.28,5040000,27.5964493809,28.6666168973,26.902822287,27.0316387473,5040000,0.0,1.0
2028,2020-05-27T00:00:00.000Z,28.09,29.0,27.59,28.4,3426500,27.8342643846,28.7359796067,27.3388164603,28.1414420976,3426500,0.0,1.0
2029,2020-05-28T00:00:00.000Z,27.97,28.73,27.5,28.45,2067000,27.7153568827,28.4684377276,27.2496358339,28.19098689,2067000,0.0,1.0
2030,2020-05-29T00:00:00.000Z,27.66,28.81,27.13,28.2,8902100,27.4081791697,28.5477093955,26.88300437,27.9432629279,8902100,0.0,1.0
2031,2020-06-01T00:00:00.000Z,28.12,28.65,27.52,27.66,2071100,27.86399126,28.3891660597,27.2694537509,27.4081791697,2071100,0.0,1.0
2032,2020-06-02T00:00:00.000Z,28.9,29.16,28.29,28.53,2149800,28.6368900219,28.8945229425,28.0324435543,28.2702585579,2149800,0.0,1.0
2033,2020-06-03T00:00:00.000Z,30.07,30.18,28.84,29.11,3013600,29.7962381646,29.9052367079,28.5774362709,28.84497815,3013600,0.0,1.0
2034,2020-06-04T00:00:00.000Z,29.75,30.58,29.58,29.87,2583800,29.4791514931,30.3015950473,29.3106991988,29.5980589949,2583800,0.0,1.0
2035,2020-06-05T00:00:00.000Z,29.66,31.47,29.47,30.63,3735800,29.3899708667,31.1834923525,29.2017006555,30.3511398398,3735800,0.0,1.0
2036,2020-06-08T00:00:00.000Z,30.69,30.85,29.69,30.26,3102000,30.4105935907,30.5691369264,29.4196977422,29.9845083758,3102000,0.0,1.0
2037,2020-06-09T00:00:00.000Z,29.95,30.38,29.29,29.71,2184600,29.6773306628,30.1034158776,29.0233394028,29.4395156591,2184600,0.0,1.0
2038,2020-06-10T00:00:00.000Z,29.96,30.27,29.56,29.97,2169300,29.6872396213,29.9944173343,29.2908812819,29.6971485798,2169300,0.0,1.0
2039,2020-06-11T00:00:00.000Z,28.04,28.72,27.91,28.5,2356300,27.7847195921,28.4585287691,27.6559031318,28.2405316824,2356300,0.0,1.0
2040,2020-06-12T00:00:00.000Z,29.38,29.46,28.4,29.0,1585900,29.1125200291,29.191791697,28.1414420976,28.7359796067,1585900,0.0,1.0
2041,2020-06-15T00:00:00.000Z,30.77,31.1,28.11,28.29,5629700,30.4898652586,30.8168608886,27.8540823015,28.0324435543,5629700,0.0,1.0
2042,2020-06-16T00:00:00.000Z,30.56,31.86,30.09,31.28,3262300,30.2817771304,31.5699417334,29.8160560816,30.9952221413,3262300,0.0,1.0
2043,2020-06-17T00:00:00.000Z,30.8,31.42,30.47,30.97,6344900,30.519592134,31.1339475601,30.192596504,30.6880444283,6344900,0.0,1.0
2044,2020-06-18T00:00:00.000Z,30.94,31.16,29.97,30.4,4957900,30.6583175528,30.8763146395,29.6971485798,30.1232337946,4957900,0.0,1.0
2045,2020-06-19T00:00:00.000Z,29.85,31.71,29.57,31.71,11545100,29.5782410779,31.4213073562,29.3007902403,31.4213073562,11545100,0.0,1.0
2046,2020-06-22T00:00:00.000Z,29.08,30.0,28.38,29.64,5807100,28.8152512746,29.7268754552,28.1216241806,29.3701529497,5807100,0.0,1.0
2047,2020-06-23T00:00:00.000Z,29.34,30.0,29.11,29.66,4646300,29.0728841952,29.7268754552,28.84497815,29.3899708667,4646300,0.0,1.0
2048,2020-06-24T00:00:00.000Z,28.39,29.42,28.08,28.92,1914400,28.1315331391,29.1521558631,27.8243554261,28.6567079388,1914400,0.0,1.0
2049,2020-06-25T00:00:00.000Z,28.39,29.09,28.1,28.23,1894700,28.1315331391,28.8251602331,27.844173343,27.9729898034,1894700,0.0,1.0
2050,2020-06-26T00:00:00.000Z,26.47,28.47,26.27,28.25,9113500,26.22901311,28.210804807,26.0308339403,27.9928077203,9113500,0.0,1.0
2051,2020-06-29T00:00:00.000Z,27.29,27.5,26.47,26.77,1440990,27.0415477058,27.2496358339,26.22901311,26.5262818645,1440990,0.0,1.0
2052,2020-06-30T00:00:00.000Z,27.9,28.06,27.17,27.36,2107100,27.6459941733,27.8045375091,26.9226402039,27.1109104151,2107100,0.0,1.0
2053,2020-07-01T00:00:00.000Z,27.89,28.38,27.29,28.04,1585400,27.6360852149,28.1216241806,27.0415477058,27.7847195921,1585400,0.0,1.0
2054,2020-07-02T00:00:00.000Z,27.97,28.5,27.81,28.38,1451900,27.7153568827,28.2405316824,27.556813547,28.1216241806,1451900,0.0,1.0
2055,2020-07-06T00:00:00.000Z,28.13,28.61,27.95,28.56,882300,27.8739002185,28.3495302258,27.6955389658,28.2999854334,882300,0.0,1.0
2056,2020-07-07T00:00:00.000Z,27.07,27.88,27.0,27.73,1154900,26.8235506191,27.6261762564,26.7541879097,27.4775418791,1154900,0.0,1.0
2057,2020-07-08T00:00:00.000Z,28.5,28.57,26.89,27.04,2077000,28.2405316824,28.3098943918,26.6451893664,26.7938237436,2077000,0.0,1.0
2058,2020-07-09T00:00:00.000Z,28.16,28.6,27.52,28.48,1280200,27.903627094,28.3396212673,27.2694537509,28.2207137655,1280200,0.0,1.0
2059,2020-07-10T00:00:00.000Z,28.25,28.27,27.8,28.17,897200,27.9928077203,28.0126256373,27.5469045885,27.9135360524,897200,0.0,1.0
2060,2020-07-13T00:00:00.000Z,27.44,28.8,27.38,28.8,1265100,27.190182083,28.537800437,27.1307283321,28.537800437,1265100,0.0,1.0
2061,2020-07-14T00:00:00.000Z,28.5,28.56,27.22,27.28,1207700,28.2405316824,28.2999854334,26.9721849964,27.0316387473,1207700,0.0,1.0
2062,2020-07-15T00:00:00.000Z,29.12,29.27,28.64,28.92,1354400,28.8548871085,29.0035214858,28.3792571012,28.6567079388,1354400,0.0,1.0
2063,2020-07-16T00:00:00.000Z,28.86,29.03,28.63,28.9,408900,28.5972541879,28.7657064822,28.3693481428,28.6368900219,408900,0.0,1.0
2064,2020-07-17T00:00:00.000Z,29.05,29.22,28.7,28.87,433900,28.7855243991,28.9539766934,28.4387108521,28.6071631464,433900,0.0,1.0
2065,2020-07-20T00:00:00.000Z,29.05,29.36,28.85,28.85,749800,28.7855243991,29.0927021122,28.5873452294,28.5873452294,749800,0.0,1.0
2066,2020-07-21T00:00:00.000Z,29.58,29.82,28.89,29.14,1282200,29.3106991988,29.5485142025,28.6269810634,28.8747050255,1282200,0.0,1.0
2067,2020-07-22T00:00:00.000Z,29.4,29.825,29.34,29.55,527531,29.1323379461,29.5534686817,29.0728841952,29.2809723234,527531,0.0,1.0
2068,2020-07-23T00:00:00.000Z,29.02,29.62,28.83,29.24,607972,28.7557975237,29.3503350328,28.5675273125,28.9737946103,607972,0.0,1.0
2069,2020-07-24T00:00:00.000Z,28.71,28.95,28.52,28.81,453918,28.4486198106,28.6864348143,28.2603495994,28.5477093955,453918,0.0,1.0
2070,2020-07-27T00:00:00.000Z,29.15,29.315,28.55,28.68,638683,28.884613984,29.048111799,28.2900764749,28.4188929352,638683,0.0,1.0
2071,2020-07-28T00:00:00.000Z,28.89,29.25,28.8,29.05,552435,28.6269810634,28.9837035688,28.537800437,28.7855243991,552435,0.0,1.0
2072,2020-07-29T00:00:00.000Z,29.61,29.77,28.97,29.11,1146266,29.3404260743,29.4989694101,28.7062527312,28.84497815,1146266,0.0,1.0
2073,2020-07-30T00:00:00.000Z,29.29,29.6,28.92,29.39,1071024,29.0233394028,29.3305171158,28.6567079388,29.1224289876,1071024,0.0,1.0
2074,2020-07-31T00:00:00.000Z,28.47,29.28,28.06,29.24,751273,28.210804807,29.0134304443,27.8045375091,28.9737946103,751273,0.0,1.0
2075,2020-08-03T00:00:00.000Z,28.35,28.87,27.87,28.49,2343033,28.0918973052,28.6071631464,27.6162672979,28.230622724,2343033,0.0,1.0
2076,2020-08-04T00:00:00.000Z,27.89,28.25,27.38,27.91,3485521,27.6360852149,27.9928077203,27.1307283321,27.6559031318,3485521,0.0,1.0
2077,2020-08-05T00:00:00.000Z,28.23,28.26,27.58,27.8,1255241,27.9729898034,28.0027166788,27.3289075018,27.5469045885,1255241,0.0,1.0
2078,2020-08-06T00:00:00.000Z,27.7,28.325,27.655,28.06,896070,27.4478150036,28.067124909,27.4032246905,27.8045375091,896070,0.0,1.0
2079,2020-08-07T00:00:00.000Z,27.48,27.69,27.11,27.41,1476504,27.229817917,27.4379060452,26.863186453,27.1604552076,1476504,0.0,1.0
2080,2020-08-10T00:00:00.000Z,27.21,27.47,26.9,27.43,868154,27.21,27.47,26.9,27.43,868154,0.25,1.0
2081,2020-08-11T00:00:00.000Z,26.96,27.4975,26.9,27.16,1683165,26.96,27.4975,26.9,27.16,1683165,0.0,1.0
2082,2020-08-12T00:00:00.000Z,27.29,27.58,27.075,27.25,742575,27.29,27.58,27.075,27.25,742575,0.0,1.0
2083,2020-08-13T00:00:00.000Z,27.0,27.565,26.89,27.32,679844,27.0,27.565,26.89,27.32,679844,0.0,1.0
2084,2020-08-14T00:00:00.000Z,27.14,27.25,26.85,26.92,723988,27.14,27.25,26.85,26.92,723988,0.0,1.0
2085,2020-08-17T00:00:00.000Z,27.38,27.44,27.05,27.23,758316,27.38,27.44,27.05,27.23,758316,0.0,1.0
2086,2020-08-18T00:00:00.000Z,27.36,28.12,27.2,27.43,1222951,27.36,28.12,27.2,27.43,1222951,0.0,1.0
2087,2020-08-19T00:00:00.000Z,27.18,27.52,27.16,27.33,963264,27.18,27.52,27.16,27.33,963264,0.0,1.0
2088,2020-08-20T00:00:00.000Z,26.39,27.0,26.36,27.0,855205,26.39,27.0,26.36,27.0,855205,0.0,1.0
2089,2020-08-21T00:00:00.000Z,26.6,26.65,26.29,26.41,632397,26.6,26.65,26.29,26.41,632397,0.0,1.0
2090,2020-08-24T00:00:00.000Z,26.62,26.715,26.21,26.61,904734,26.62,26.715,26.21,26.61,904734,0.0,1.0
2091,2020-08-25T00:00:00.000Z,26.38,26.845,26.33,26.81,1167017,26.38,26.845,26.33,26.81,1167017,0.0,1.0
2092,2020-08-26T00:00:00.000Z,26.94,27.23,25.54,26.52,885110,26.94,27.23,25.54,26.52,885110,0.0,1.0
2093,2020-08-27T00:00:00.000Z,26.62,27.02,26.45,26.96,906907,26.62,27.02,26.45,26.96,906907,0.0,1.0
2094,2020-08-28T00:00:00.000Z,26.07,26.65,25.49,26.56,1319312,26.07,26.65,25.49,26.56,1319312,0.0,1.0
2095,2020-08-31T00:00:00.000Z,25.81,26.28,25.76,26.19,1070157,25.81,26.28,25.76,26.19,1070157,0.0,1.0
2096,2020-09-01T00:00:00.000Z,26.61,27.36,25.62,25.81,1314015,26.61,27.36,25.62,25.81,1314015,0.0,1.0
2097,2020-09-02T00:00:00.000Z,26.88,27.06,26.21,26.55,912896,26.88,27.06,26.21,26.55,912896,0.0,1.0
2098,2020-09-03T00:00:00.000Z,25.88,26.83,25.56,26.75,1077819,25.88,26.83,25.56,26.75,1077819,0.0,1.0
2099,2020-09-04T00:00:00.000Z,25.82,26.43,25.0301,26.01,815943,25.82,26.43,25.0301,26.01,815943,0.0,1.0
2100,2020-09-08T00:00:00.000Z,24.97,25.34,24.2,25.17,1892323,24.97,25.34,24.2,25.17,1892323,0.0,1.0
2101,2020-09-09T00:00:00.000Z,25.61,25.66,24.74,25.16,968610,25.61,25.66,24.74,25.16,968610,0.0,1.0
2102,2020-09-10T00:00:00.000Z,25.28,26.26,25.235,25.8,1068834,25.28,26.26,25.235,25.8,1068834,0.0,1.0
2103,2020-09-11T00:00:00.000Z,25.17,25.91,25.13,25.54,1286137,25.17,25.91,25.13,25.54,1286137,0.0,1.0
2104,2020-09-14T00:00:00.000Z,25.53,25.83,25.05,25.35,1033824,25.53,25.83,25.05,25.35,1033824,0.0,1.0
2105,2020-09-15T00:00:00.000Z,25.81,26.04,25.5,25.71,803835,25.81,26.04,25.5,25.71,803835,0.0,1.0
2106,2020-09-16T00:00:00.000Z,25.8,26.22,25.65,25.99,1102336,25.8,26.22,25.65,25.99,1102336,0.0,1.0
2107,2020-09-17T00:00:00.000Z,24.89,25.3,24.78,25.3,1030804,24.89,25.3,24.78,25.3,1030804,0.0,1.0
2108,2020-09-18T00:00:00.000Z,24.73,25.11,24.58,25.0,1646807,24.73,25.11,24.58,25.0,1646807,0.0,1.0
2109,2020-09-21T00:00:00.000Z,24.53,24.66,24.04,24.11,1078472,24.53,24.66,24.04,24.11,1078472,0.0,1.0
2110,2020-09-22T00:00:00.000Z,24.57,24.7999,24.01,24.65,1094906,24.57,24.7999,24.01,24.65,1094906,0.0,1.0
2111,2020-09-23T00:00:00.000Z,24.07,24.84,23.96,24.57,849513,24.07,24.84,23.96,24.57,849513,0.0,1.0
2112,2020-09-24T00:00:00.000Z,23.57,24.15,23.48,24.15,877049,23.57,24.15,23.48,24.15,877049,0.0,1.0
2113,2020-09-25T00:00:00.000Z,23.69,23.965,23.48,23.48,1096443,23.69,23.965,23.48,23.48,1096443,0.0,1.0
2114,2020-09-28T00:00:00.000Z,24.74,24.87,24.04,24.04,544526,24.74,24.87,24.04,24.04,544526,0.0,1.0
2115,2020-09-29T00:00:00.000Z,24.61,24.875,24.56,24.8,601755,24.61,24.875,24.56,24.8,601755,0.0,1.0
2116,2020-09-30T00:00:00.000Z,24.67,24.91,24.47,24.57,503108,24.67,24.91,24.47,24.57,503108,0.0,1.0
2117,2020-10-01T00:00:00.000Z,24.88,25.11,24.565,24.95,864630,24.88,25.11,24.565,24.95,864630,0.0,1.0
2118,2020-10-02T00:00:00.000Z,25.3,25.58,24.21,24.21,619457,25.3,25.58,24.21,24.21,619457,0.0,1.0
2119,2020-10-05T00:00:00.000Z,26.02,26.05,25.495,25.61,682330,26.02,26.05,25.495,25.61,682330,0.0,1.0
2120,2020-10-06T00:00:00.000Z,25.77,26.4,25.67,25.83,933604,25.77,26.4,25.67,25.83,933604,0.0,1.0
2121,2020-10-07T00:00:00.000Z,25.92,26.21,25.65,25.99,1151960,25.92,26.21,25.65,25.99,1151960,0.0,1.0
2122,2020-10-08T00:00:00.000Z,26.7,26.71,26.09,26.33,897055,26.7,26.71,26.09,26.33,897055,0.0,1.0
2123,2020-10-09T00:00:00.000Z,26.8,26.89,26.45,26.78,767076,26.8,26.89,26.45,26.78,767076,0.0,1.0
2124,2020-10-12T00:00:00.000Z,26.89,27.479,26.7867,27.4,621197,26.89,27.479,26.7867,27.4,621197,0.0,1.0
2125,2020-10-13T00:00:00.000Z,26.77,27.19,26.67,27.1,673701,26.77,27.19,26.67,27.1,673701,0.0,1.0
