,date,close,high,low,open,volume,adjClose,adjHigh,adjLow,adjOpen,adjVolume,divCash,splitFactor
0,1997-01-02T00:00:00.000Z,42.38,43.38,42.0,43.25,401800,16.1225572593,16.5029856986,15.9779944523,16.4535300015,803600,0.0,1.0
1,1997-01-03T00:00:00.000Z,42.25,43.0,41.25,42.5,210300,16.0731015622,16.3584228917,15.6926731228,16.168208672,420600,0.0,1.0
2,1997-01-06T00:00:00.000Z,41.5,42.5,41.0,42.12,179700,15.7877802327,16.168208672,15.597566013,16.023645865,359400,0.0,1.0
3,1997-01-07T00:00:00.000Z,41.75,41.88,41.0,41.25,172400,15.8828873425,15.9323430396,15.597566013,15.6926731228,344800,0.0,1.0
4,1997-01-08T00:00:00.000Z,40.5,42.25,40.5,42.0,135800,15.4073517933,16.0731015622,15.4073517933,15.9779944523,271600,0.0,1.0
5,1997-01-09T00:00:00.000Z,41.38,41.5,40.75,40.88,570600,15.7421288199,15.7877802327,15.5024589031,15.5519146003,1141200,0.0,1.0
6,1997-01-10T00:00:00.000Z,41.0,41.5,40.5,41.0,361500,15.597566013,15.7877802327,15.4073517933,15.597566013,723000,0.0,1.0
7,1997-01-13T00:00:00.000Z,39.25,41.25,39.25,40.88,262700,14.9318162441,15.6926731228,14.9318162441,15.5519146003,525400,0.0,1.0
8,1997-01-14T00:00:00.000Z,37.5,40.5,37.25,39.5,535500,14.2660664753,15.4073517933,14.1709593655,15.026923354,1071000,0.0,1.0
9,1997-01-15T00:00:00.000Z,37.62,37.88,37.12,37.25,951700,14.311717888,14.4106292822,14.1215036683,14.1709593655,1903400,0.0,1.0
10,1997-01-16T00:00:00.000Z,37.62,38.0,37.25,37.75,490700,14.311717888,14.456280695,14.1709593655,14.3611735851,981400,0.0,1.0
11,1997-01-17T00:00:00.000Z,37.88,38.0,37.62,37.75,377300,14.4106292822,14.456280695,14.311717888,14.3611735851,754600,0.0,1.0
12,1997-01-20T00:00:00.000Z,38.25,38.62,37.5,38.0,394200,14.5513878048,14.6921463273,14.2660664753,14.456280695,788400,0.0,1.0
13,1997-01-21T00:00:00.000Z,38.0,38.62,37.75,38.62,194000,14.456280695,14.6921463273,14.3611735851,14.6921463273,388000,0.0,1.0
14,1997-01-22T00:00:00.000Z,29.25,38.25,26.5,38.25,10432900,11.1275318507,14.5513878048,10.0813536425,14.5513878048,20865800,0.0,1.0
15,1997-01-23T00:00:00.000Z,29.5,30.5,29.25,30.25,4004300,11.2226389606,11.6030673999,11.1275318507,11.5079602901,8008600,0.0,1.0
16,1997-01-24T00:00:00.000Z,29.31,29.88,28.75,29.5,945500,11.1503575571,11.3672017675,10.9373176311,11.2226389606,1891000,0.0,1.0
17,1997-01-27T00:00:00.000Z,29.62,30.25,29.12,30.0,568700,11.2682903733,11.5079602901,11.0780761536,11.4128531802,1137400,0.0,1.0
18,1997-01-28T00:00:00.000Z,28.5,30.25,28.38,30.0,400600,10.8422105212,11.5079602901,10.7965591085,11.4128531802,801200,0.0,1.0
19,1997-01-29T00:00:00.000Z,29.5,30.12,28.75,29.5,420100,11.2226389606,11.458504593,10.9373176311,11.2226389606,840200,0.0,1.0
20,1997-01-30T00:00:00.000Z,29.06,29.75,28.75,29.75,253700,11.0552504472,11.3177460704,10.9373176311,11.3177460704,507400,0.0,1.0
21,1997-01-31T00:00:00.000Z,29.88,30.5,29.12,29.88,438900,11.3672017675,11.6030673999,11.0780761536,11.3672017675,877800,0.0,1.0
22,1997-02-03T00:00:00.000Z,29.0,29.88,28.62,29.88,355700,11.0324247409,11.3672017675,10.8878619339,11.3672017675,711400,0.0,1.0
23,1997-02-04T00:00:00.000Z,29.0,29.25,28.62,29.12,683400,11.0324247409,11.1275318507,10.8878619339,11.0780761536,1366800,0.0,1.0
24,1997-02-05T00:00:00.000Z,28.12,29.12,28.12,29.0,473900,10.6976477143,11.0780761536,10.6976477143,11.0324247409,947800,0.0,1.0
25,1997-02-06T00:00:00.000Z,28.62,28.88,28.25,28.25,942900,10.8878619339,10.9867733282,10.7471034114,10.7471034114,1885800,0.0,1.0
26,1997-02-07T00:00:00.000Z,28.62,29.12,28.25,28.75,235700,10.8878619339,11.0780761536,10.7471034114,10.9373176311,471400,0.0,1.0
27,1997-02-10T00:00:00.000Z,25.75,28.62,25.5,28.62,546100,9.796032313,10.8878619339,9.7009252032,10.8878619339,1092200,0.0,1.0
28,1997-02-11T00:00:00.000Z,25.38,26.12,24.5,26.12,953000,9.6552737905,9.9367908356,9.3204967639,9.9367908356,1906000,0.0,1.0
29,1997-02-12T00:00:00.000Z,24.62,25.62,23.75,25.38,741400,9.3661481766,9.7465766159,9.0351754343,9.6552737905,1482800,0.0,1.0
30,1997-02-13T00:00:00.000Z,24.62,25.0,24.0,24.62,913100,9.3661481766,9.5107109835,9.1302825442,9.3661481766,1826200,0.0,1.0
31,1997-02-14T00:00:00.000Z,25.62,25.88,24.38,24.62,578700,9.7465766159,9.8454880101,9.2748453511,9.3661481766,1157400,0.0,1.0
32,1997-02-18T00:00:00.000Z,24.5,25.88,24.5,25.88,404300,9.3204967639,9.8454880101,9.3204967639,9.8454880101,808600,0.0,1.0
33,1997-02-19T00:00:00.000Z,24.25,25.25,24.12,24.88,1052900,9.225389654,9.6058180934,9.1759339569,9.4650595708,2105800,0.0,1.0
34,1997-02-20T00:00:00.000Z,25.0,25.12,24.25,24.5,900300,9.5107109835,9.5563623962,9.225389654,9.3204967639,1800600,0.0,1.0
35,1997-02-21T00:00:00.000Z,25.38,25.88,25.0,25.25,984600,9.6552737905,9.8454880101,9.5107109835,9.6058180934,1969200,0.0,1.0
36,1997-02-24T00:00:00.000Z,25.31,25.5,25.25,25.38,516600,9.6286437997,9.7009252032,9.6058180934,9.6552737905,1033200,0.0,1.0
37,1997-02-25T00:00:00.000Z,25.25,25.38,25.12,25.38,177600,9.6058180934,9.6552737905,9.5563623962,9.6552737905,355200,0.0,1.0
38,1997-02-26T00:00:00.000Z,24.81,25.38,24.62,25.25,237900,9.43842958,9.6552737905,9.3661481766,9.6058180934,475800,0.0,1.0
39,1997-02-27T00:00:00.000Z,25.38,25.5,24.62,24.88,217100,9.6552737905,9.7009252032,9.3661481766,9.4650595708,434200,0.0,1.0
40,1997-02-28T00:00:00.000Z,25.25,25.5,25.0,25.0,112700,9.6058180934,9.7009252032,9.5107109835,9.5107109835,225400,0.0,1.0
41,1997-03-03T00:00:00.000Z,26.25,26.88,25.12,25.25,333200,9.9862465327,10.2259164495,9.5563623962,9.6058180934,666400,0.0,1.0
42,1997-03-04T00:00:00.000Z,27.25,27.75,26.25,26.38,576200,10.366674972,10.5568891917,9.9862465327,10.0357022298,1152400,0.0,1.0
43,1997-03-05T00:00:00.000Z,27.88,28.5,27.5,27.5,525600,10.6063448888,10.8422105212,10.4617820819,10.4617820819,1051200,0.0,1.0
44,1997-03-06T00:00:00.000Z,27.88,28.25,27.38,28.0,341000,10.6063448888,10.7471034114,10.4161306692,10.6519963015,682000,0.0,1.0
45,1997-03-07T00:00:00.000Z,27.88,27.88,27.38,27.62,280600,10.6063448888,10.6063448888,10.4161306692,10.5074334946,561200,0.0,1.0
46,1997-03-10T00:00:00.000Z,27.5,27.88,27.0,27.88,353300,10.4617820819,10.6063448888,10.2715678622,10.6063448888,706600,0.0,1.0
47,1997-03-11T00:00:00.000Z,27.12,27.5,27.0,27.5,287500,10.3172192749,10.4617820819,10.2715678622,10.4617820819,575000,0.0,1.0
48,1997-03-12T00:00:00.000Z,26.88,27.25,26.62,27.12,276300,10.2259164495,10.366674972,10.1270050553,10.3172192749,552600,0.0,1.0
49,1997-03-13T00:00:00.000Z,26.12,26.88,25.75,26.75,739300,9.9367908356,10.2259164495,9.796032313,10.1764607524,1478600,0.0,1.0
50,1997-03-14T00:00:00.000Z,26.88,27.25,26.62,27.12,445400,10.2259164495,10.366674972,10.1270050553,10.3172192749,890800,0.0,1.0
51,1997-03-17T00:00:00.000Z,26.5,27.0,26.0,27.0,231000,10.0813536425,10.2715678622,9.8911394229,10.2715678622,462000,0.0,1.0
52,1997-03-18T00:00:00.000Z,24.75,26.5,24.75,26.5,644900,9.4156038737,10.0813536425,9.4156038737,10.0813536425,1289800,0.0,1.0
53,1997-03-19T00:00:00.000Z,24.25,24.75,23.62,24.75,1037500,9.225389654,9.4156038737,8.9857197372,9.4156038737,2075000,0.0,1.0
54,1997-03-20T00:00:00.000Z,22.88,25.0,22.62,24.38,583200,8.7042026921,9.5107109835,8.6052912979,9.2748453511,1166400,0.0,1.0
55,1997-03-21T00:00:00.000Z,24.25,24.62,23.25,23.62,240600,9.225389654,9.3661481766,8.8449612147,8.9857197372,481200,0.0,1.0
56,1997-03-24T00:00:00.000Z,24.5,24.75,24.0,24.0,479100,9.3204967639,9.4156038737,9.1302825442,9.1302825442,958200,0.0,1.0
57,1997-03-25T00:00:00.000Z,24.38,24.62,24.38,24.62,229600,9.2748453511,9.3661481766,9.2748453511,9.3661481766,459200,0.0,1.0
58,1997-03-26T00:00:00.000Z,24.5,24.75,24.5,24.62,74300,9.3204967639,9.4156038737,9.3204967639,9.3661481766,148600,0.0,1.0
59,1997-03-27T00:00:00.000Z,24.62,25.62,24.38,24.75,187000,9.3661481766,9.7465766159,9.2748453511,9.4156038737,374000,0.0,1.0
60,1997-03-31T00:00:00.000Z,24.38,24.75,24.25,24.5,149700,9.2748453511,9.4156038737,9.225389654,9.3204967639,299400,0.0,1.0
61,1997-04-01T00:00:00.000Z,24.12,24.75,24.12,24.38,61000,9.1759339569,9.4156038737,9.1759339569,9.2748453511,122000,0.0,1.0
62,1997-04-02T00:00:00.000Z,23.75,24.5,23.5,24.5,334400,9.0351754343,9.3204967639,8.9400683245,9.3204967639,668800,0.0,1.0
63,1997-04-03T00:00:00.000Z,24.12,24.25,23.5,23.75,101200,9.1759339569,9.225389654,8.9400683245,9.0351754343,202400,0.0,1.0
64,1997-04-04T00:00:00.000Z,25.88,26.38,23.75,24.12,255300,9.8454880101,10.0357022298,9.0351754343,9.1759339569,510600,0.0,1.0
65,1997-04-07T00:00:00.000Z,26.88,27.38,26.0,26.5,116400,10.2259164495,10.4161306692,9.8911394229,10.0813536425,232800,0.0,1.0
66,1997-04-08T00:00:00.000Z,26.38,27.0,25.75,26.88,128900,10.0357022298,10.2715678622,9.796032313,10.2259164495,257800,0.0,1.0
67,1997-04-09T00:00:00.000Z,28.62,30.0,26.75,26.75,1696200,10.8878619339,11.4128531802,10.1764607524,10.1764607524,3392400,0.0,1.0
68,1997-04-10T00:00:00.000Z,28.62,30.25,28.5,29.62,905000,10.8878619339,11.5079602901,10.8422105212,11.2682903733,1810000,0.0,1.0
69,1997-04-11T00:00:00.000Z,28.38,29.0,27.12,28.62,375400,10.7965591085,11.0324247409,10.3172192749,10.8878619339,750800,0.0,1.0
70,1997-04-14T00:00:00.000Z,28.5,28.75,27.38,28.75,138500,10.8422105212,10.9373176311,10.4161306692,10.9373176311,277000,0.0,1.0
71,1997-04-15T00:00:00.000Z,28.0,28.5,27.75,28.5,374200,10.6519963015,10.8422105212,10.5568891917,10.8422105212,748400,0.0,1.0
72,1997-04-16T00:00:00.000Z,27.5,28.0,27.38,28.0,298500,10.4617820819,10.6519963015,10.4161306692,10.6519963015,597000,0.0,1.0
73,1997-04-17T00:00:00.000Z,27.75,28.12,27.38,27.75,196600,10.5568891917,10.6976477143,10.4161306692,10.5568891917,393200,0.0,1.0
74,1997-04-18T00:00:00.000Z,27.75,28.38,27.5,27.88,160900,10.5568891917,10.7965591085,10.4617820819,10.6063448888,321800,0.0,1.0
75,1997-04-21T00:00:00.000Z,26.62,27.75,26.38,27.75,538400,10.1270050553,10.5568891917,10.0357022298,10.5568891917,1076800,0.0,1.0
76,1997-04-22T00:00:00.000Z,26.75,27.38,26.38,26.88,146400,10.1764607524,10.4161306692,10.0357022298,10.2259164495,292800,0.0,1.0
77,1997-04-23T00:00:00.000Z,26.38,27.0,25.88,26.75,87300,10.0357022298,10.2715678622,9.8454880101,10.1764607524,174600,0.0,1.0
78,1997-04-24T00:00:00.000Z,26.19,26.62,26.0,26.0,151200,9.9634208263,10.1270050553,9.8911394229,9.8911394229,302400,0.0,1.0
79,1997-04-25T00:00:00.000Z,25.75,26.88,25.62,26.38,255900,9.796032313,10.2259164495,9.7465766159,10.0357022298,511800,0.0,1.0
80,1997-04-28T00:00:00.000Z,26.38,26.88,25.75,26.0,301200,10.0357022298,10.2259164495,9.796032313,9.8911394229,602400,0.0,1.0
81,1997-04-29T00:00:00.000Z,28.5,28.75,26.62,26.62,416200,10.8422105212,10.9373176311,10.1270050553,10.1270050553,832400,0.0,1.0
82,1997-04-30T00:00:00.000Z,32.75,32.88,29.5,29.5,2030100,12.4590313884,12.5084870855,11.2226389606,11.2226389606,4060200,0.0,1.0
83,1997-05-01T00:00:00.000Z,31.5,34.5,29.88,32.5,1242800,11.9834958392,13.1247811573,11.3672017675,12.3639242786,2485600,0.0,1.0
84,1997-05-02T00:00:00.000Z,33.0,33.25,32.0,32.0,909500,12.5541384983,12.6492456081,12.1737100589,12.1737100589,1819000,0.0,1.0
85,1997-05-05T00:00:00.000Z,33.25,34.0,32.62,33.25,770000,12.6492456081,12.9345669376,12.4095756913,12.6492456081,1540000,0.0,1.0
86,1997-05-06T00:00:00.000Z,33.0,33.62,32.75,33.5,462400,12.5541384983,12.7900041306,12.4590313884,12.7443527179,924800,0.0,1.0
87,1997-05-07T00:00:00.000Z,32.88,33.25,32.62,32.75,192000,12.5084870855,12.6492456081,12.4095756913,12.4590313884,384000,0.0,1.0
88,1997-05-08T00:00:00.000Z,32.38,33.25,32.38,33.12,283400,12.3182728659,12.6492456081,12.3182728659,12.599789911,566800,0.0,1.0
89,1997-05-09T00:00:00.000Z,31.88,32.88,31.62,32.75,241200,12.1280586462,12.5084870855,12.029147252,12.4590313884,482400,0.0,1.0
90,1997-05-12T00:00:00.000Z,33.25,33.75,31.5,31.5,344900,12.6492456081,12.8394598278,11.9834958392,11.9834958392,689800,0.0,1.0
91,1997-05-13T00:00:00.000Z,34.19,34.25,33.5,33.75,825600,13.0068483411,13.0296740474,12.7443527179,12.8394598278,1651200,0.0,1.0
92,1997-05-14T00:00:00.000Z,33.88,34.5,33.88,34.25,359800,12.8889155249,13.1247811573,12.8889155249,13.0296740474,719600,0.0,1.0
93,1997-05-15T00:00:00.000Z,34.0,34.25,33.75,33.75,290500,12.9345669376,13.0296740474,12.8394598278,12.8394598278,581000,0.0,1.0
94,1997-05-16T00:00:00.000Z,32.62,34.38,32.62,34.12,302800,12.4095756913,13.0791297445,12.4095756913,12.9802183503,605600,0.0,1.0
95,1997-05-19T00:00:00.000Z,32.12,33.12,31.5,33.12,498800,12.2193614716,12.599789911,11.9834958392,12.599789911,997600,0.0,1.0
96,1997-05-20T00:00:00.000Z,32.0,32.12,31.75,32.0,298000,12.1737100589,12.2193614716,12.0786029491,12.1737100589,596000,0.0,1.0
97,1997-05-21T00:00:00.000Z,33.12,33.25,31.75,32.0,402000,12.599789911,12.6492456081,12.0786029491,12.1737100589,804000,0.0,1.0
98,1997-05-22T00:00:00.000Z,32.88,33.0,32.5,33.0,294600,12.5084870855,12.5541384983,12.3639242786,12.5541384983,589200,0.0,1.0
99,1997-05-23T00:00:00.000Z,34.25,34.25,33.0,33.0,266000,13.0296740474,13.0296740474,12.5541384983,12.5541384983,532000,0.0,1.0
100,1997-05-27T00:00:00.000Z,35.88,36.5,33.88,33.88,553800,13.6497724036,13.8856380359,12.8889155249,12.8889155249,1107600,0.0,1.0
101,1997-05-28T00:00:00.000Z,36.12,37.0,34.88,35.75,562400,13.741075229,14.0758522556,13.2693439642,13.6003167064,1124800,0.0,1.0
102,1997-05-29T00:00:00.000Z,36.62,36.75,35.62,35.75,198600,13.9312894487,13.9807451458,13.5508610093,13.6003167064,397200,0.0,1.0
103,1997-05-30T00:00:00.000Z,36.38,36.75,35.5,35.62,278400,13.8399866232,13.9807451458,13.5052095966,13.5508610093,556800,0.0,1.0
104,1997-06-02T00:00:00.000Z,37.0,37.38,36.25,36.38,138400,14.0758522556,14.2204150626,13.7905309261,13.8399866232,276800,0.0,1.0
105,1997-06-03T00:00:00.000Z,37.5,38.0,36.5,36.62,252000,14.2660664753,14.456280695,13.8856380359,13.9312894487,504000,0.0,1.0
106,1997-06-04T00:00:00.000Z,36.06,37.38,35.88,37.38,732600,13.7182495226,14.2204150626,13.6497724036,14.2204150626,1465200,0.0,1.0
107,1997-06-05T00:00:00.000Z,35.81,36.0,35.62,35.75,73500,13.6231424128,13.6954238163,13.5508610093,13.6003167064,147000,0.0,1.0
108,1997-06-06T00:00:00.000Z,35.94,36.25,35.62,35.75,82000,13.6725981099,13.7905309261,13.5508610093,13.6003167064,164000,0.0,1.0
109,1997-06-09T00:00:00.000Z,35.5,36.0,35.12,36.0,101500,13.5052095966,13.6954238163,13.3606467897,13.6954238163,203000,0.0,1.0
110,1997-06-10T00:00:00.000Z,34.12,35.75,33.5,35.62,192200,12.9802183503,13.6003167064,12.7443527179,13.5508610093,384400,0.0,1.0
111,1997-06-11T00:00:00.000Z,34.12,34.5,33.88,34.0,237200,12.9802183503,13.1247811573,12.8889155249,12.9345669376,474400,0.0,1.0
112,1997-06-12T00:00:00.000Z,33.69,34.75,33.62,34.5,308100,12.8166341214,13.2198882671,12.7900041306,13.1247811573,616200,0.0,1.0
113,1997-06-13T00:00:00.000Z,34.5,34.5,33.88,33.88,225500,13.1247811573,13.1247811573,12.8889155249,12.8889155249,451000,0.0,1.0
114,1997-06-16T00:00:00.000Z,35.38,35.75,34.25,34.25,466900,13.4595581839,13.6003167064,13.0296740474,13.0296740474,933800,0.0,1.0
115,1997-06-17T00:00:00.000Z,36.75,37.12,34.88,35.25,375100,13.9807451458,14.1215036683,13.2693439642,13.4101024868,750200,0.0,1.0
116,1997-06-18T00:00:00.000Z,36.75,38.0,36.5,37.25,313800,13.9807451458,14.456280695,13.8856380359,14.1709593655,627600,0.0,1.0
117,1997-06-19T00:00:00.000Z,37.88,38.12,36.75,37.12,261600,14.4106292822,14.5019321077,13.9807451458,14.1215036683,523200,0.0,1.0
118,1997-06-20T00:00:00.000Z,37.94,38.25,37.62,37.75,394900,14.4334549886,14.5513878048,14.311717888,14.3611735851,789800,0.0,1.0
119,1997-06-23T00:00:00.000Z,36.38,38.0,36.38,37.88,241700,13.8399866232,14.456280695,13.8399866232,14.4106292822,483400,0.0,1.0
120,1997-06-24T00:00:00.000Z,37.88,38.25,36.38,36.38,210300,14.4106292822,14.5513878048,13.8399866232,13.8399866232,420600,0.0,1.0
121,1997-06-25T00:00:00.000Z,37.5,39.0,37.25,37.75,224400,14.2660664753,14.8367091343,14.1709593655,14.3611735851,448800,0.0,1.0
122,1997-06-26T00:00:00.000Z,37.0,37.5,36.75,37.38,236700,14.0758522556,14.2660664753,13.9807451458,14.2204150626,473400,0.0,1.0
123,1997-06-27T00:00:00.000Z,36.62,37.25,36.5,37.0,183500,13.9312894487,14.1709593655,13.8856380359,14.0758522556,367000,0.0,1.0
124,1997-06-30T00:00:00.000Z,37.38,37.62,36.0,36.62,295600,14.2204150626,14.311717888,13.6954238163,13.9312894487,591200,0.0,1.0
125,1997-07-01T00:00:00.000Z,37.0,37.25,36.5,37.25,108900,14.0758522556,14.1709593655,13.8856380359,14.1709593655,217800,0.0,1.0
126,1997-07-02T00:00:00.000Z,36.38,37.0,36.31,36.62,152100,13.8399866232,14.0758522556,13.8133566325,13.9312894487,304200,0.0,1.0
127,1997-07-03T00:00:00.000Z,36.75,36.75,36.38,36.41,34100,13.9807451458,13.9807451458,13.8399866232,13.8513994764,68200,0.0,1.0
128,1997-07-07T00:00:00.000Z,36.88,37.25,36.38,36.75,93700,14.0302008429,14.1709593655,13.8399866232,13.9807451458,187400,0.0,1.0
129,1997-07-08T00:00:00.000Z,37.0,37.12,36.62,36.75,230000,14.0758522556,14.1215036683,13.9312894487,13.9807451458,460000,0.0,1.0
130,1997-07-09T00:00:00.000Z,37.06,38.12,36.75,37.0,593600,14.098677962,14.5019321077,13.9807451458,14.0758522556,1187200,0.0,1.0
131,1997-07-10T00:00:00.000Z,36.56,37.25,36.25,37.0,179300,13.9084637423,14.1709593655,13.7905309261,14.0758522556,358600,0.0,1.0
132,1997-07-11T00:00:00.000Z,36.5,36.75,36.25,36.38,68700,13.8856380359,13.9807451458,13.7905309261,13.8399866232,137400,0.0,1.0
133,1997-07-14T00:00:00.000Z,36.69,37.12,36.38,36.38,443500,13.9579194394,14.1215036683,13.8399866232,13.8399866232,887000,0.0,1.0
134,1997-07-15T00:00:00.000Z,37.0,37.0,36.5,36.88,384700,14.0758522556,14.0758522556,13.8856380359,14.0302008429,769400,0.0,1.0
135,1997-07-16T00:00:00.000Z,35.69,37.25,35.5,36.88,378500,13.5774910001,14.1709593655,13.5052095966,14.0302008429,757000,0.0,1.0
136,1997-07-17T00:00:00.000Z,35.81,36.0,35.5,35.5,162500,13.6231424128,13.6954238163,13.5052095966,13.5052095966,325000,0.0,1.0
137,1997-07-18T00:00:00.000Z,35.31,35.88,34.62,35.88,273200,13.4329281931,13.6497724036,13.17043257,13.6497724036,546400,0.0,1.0
138,1997-07-21T00:00:00.000Z,35.62,35.75,34.75,35.12,333000,13.5508610093,13.6003167064,13.2198882671,13.3606467897,666000,0.0,1.0
139,1997-07-22T00:00:00.000Z,36.75,36.75,35.62,35.94,332000,13.9807451458,13.9807451458,13.5508610093,13.6725981099,664000,0.0,1.0
140,1997-07-23T00:00:00.000Z,36.88,37.75,36.75,37.0,187100,14.0302008429,14.3611735851,13.9807451458,14.0758522556,374200,0.0,1.0
141,1997-07-24T00:00:00.000Z,40.0,40.12,38.75,38.75,1799800,15.2171375736,15.2627889864,14.7416020245,14.7416020245,3599600,0.0,1.0
142,1997-07-25T00:00:00.000Z,41.0,41.62,39.38,39.94,1228400,15.597566013,15.8334316454,14.9812719412,15.1943118673,2456800,0.0,1.0
143,1997-07-28T00:00:00.000Z,39.88,41.12,39.62,41.0,395700,15.1714861609,15.6432174257,15.0725747667,15.597566013,791400,0.0,1.0
144,1997-07-29T00:00:00.000Z,39.0,40.12,38.75,39.62,258600,14.8367091343,15.2627889864,14.7416020245,15.0725747667,517200,0.0,1.0
145,1997-07-30T00:00:00.000Z,38.5,39.25,38.38,39.0,241000,14.6464949146,14.9318162441,14.6008435019,14.8367091343,482000,0.0,1.0
146,1997-07-31T00:00:00.000Z,38.5,39.12,38.5,38.5,246100,14.6464949146,14.882360547,14.6464949146,14.6464949146,492200,0.0,1.0
147,1997-08-01T00:00:00.000Z,38.38,38.62,38.0,38.62,189600,14.6008435019,14.6921463273,14.456280695,14.6921463273,379200,0.0,1.0
148,1997-08-04T00:00:00.000Z,37.75,38.5,37.5,38.12,137300,14.3611735851,14.6464949146,14.2660664753,14.5019321077,274600,0.0,1.0
149,1997-08-05T00:00:00.000Z,37.38,38.06,37.12,37.56,209600,14.2204150626,14.4791064013,14.1215036683,14.2888921816,419200,0.0,1.0
150,1997-08-06T00:00:00.000Z,37.25,37.59,36.88,37.38,180300,14.1709593655,14.3003050348,14.0302008429,14.2204150626,360600,0.0,1.0
151,1997-08-07T00:00:00.000Z,37.0,37.38,36.75,37.12,170200,14.0758522556,14.2204150626,13.9807451458,14.1215036683,340400,0.0,1.0
152,1997-08-08T00:00:00.000Z,36.19,37.5,36.12,36.5,536200,13.7677052198,14.2660664753,13.741075229,13.8856380359,1072400,0.0,1.0
153,1997-08-11T00:00:00.000Z,35.0,36.38,34.38,36.12,542000,13.3149953769,13.8399866232,13.0791297445,13.741075229,1084000,0.0,1.0
154,1997-08-12T00:00:00.000Z,36.75,37.69,34.62,34.75,845900,13.9807451458,14.3383478788,13.17043257,13.2198882671,1691800,0.0,1.0
155,1997-08-13T00:00:00.000Z,37.25,38.38,36.5,37.62,308900,14.1709593655,14.6008435019,13.8856380359,14.311717888,617800,0.0,1.0
156,1997-08-14T00:00:00.000Z,38.62,39.12,37.38,37.75,217600,14.6921463273,14.882360547,14.2204150626,14.3611735851,435200,0.0,1.0
157,1997-08-15T00:00:00.000Z,38.5,38.75,37.75,38.75,215200,14.6464949146,14.7416020245,14.3611735851,14.7416020245,430400,0.0,1.0
158,1997-08-18T00:00:00.000Z,37.5,38.38,37.5,38.25,117400,14.2660664753,14.6008435019,14.2660664753,14.5513878048,234800,0.0,1.0
159,1997-08-19T00:00:00.000Z,38.5,39.88,37.38,37.38,258800,14.6464949146,15.1714861609,14.2204150626,14.2204150626,517600,0.0,1.0
160,1997-08-20T00:00:00.000Z,40.19,40.5,38.0,38.5,279900,15.2894189771,15.4073517933,14.456280695,14.6464949146,559800,0.0,1.0
161,1997-08-21T00:00:00.000Z,38.88,40.12,38.25,39.62,190100,14.7910577216,15.2627889864,14.5513878048,15.0725747667,380200,0.0,1.0
162,1997-08-22T00:00:00.000Z,39.12,39.12,38.12,38.5,76600,14.882360547,14.882360547,14.5019321077,14.6464949146,153200,0.0,1.0
163,1997-08-25T00:00:00.000Z,38.94,39.62,38.62,39.12,352000,14.8138834279,15.0725747667,14.6921463273,14.882360547,704000,0.0,1.0
164,1997-08-26T00:00:00.000Z,38.0,39.25,38.0,39.12,122000,14.456280695,14.9318162441,14.456280695,14.882360547,244000,0.0,1.0
165,1997-08-27T00:00:00.000Z,37.75,38.38,37.0,38.25,377400,14.3611735851,14.6008435019,14.0758522556,14.5513878048,754800,0.0,1.0
166,1997-08-28T00:00:00.000Z,37.75,38.5,37.38,37.5,469400,14.3611735851,14.6464949146,14.2204150626,14.2660664753,938800,0.0,1.0
167,1997-08-29T00:00:00.000Z,37.5,38.0,37.5,37.75,208900,14.2660664753,14.456280695,14.2660664753,14.3611735851,417800,0.0,1.0
168,1997-09-02T00:00:00.000Z,39.0,39.75,37.5,37.62,427900,14.8367091343,15.1220304638,14.2660664753,14.311717888,855800,0.0,1.0
169,1997-09-03T00:00:00.000Z,40.5,40.62,39.0,39.38,345700,15.4073517933,15.453003206,14.8367091343,14.9812719412,691400,0.0,1.0
170,1997-09-04T00:00:00.000Z,39.94,40.62,39.38,40.25,324600,15.1943118673,15.453003206,14.9812719412,15.3122446835,649200,0.0,1.0
171,1997-09-05T00:00:00.000Z,40.0,40.5,39.62,40.0,175400,15.2171375736,15.4073517933,15.0725747667,15.2171375736,350800,0.0,1.0
172,1997-09-08T00:00:00.000Z,40.56,41.0,39.75,39.88,392700,15.4301774997,15.597566013,15.1220304638,15.1714861609,785400,0.0,1.0
173,1997-09-09T00:00:00.000Z,41.0,41.0,40.0,40.5,219300,15.597566013,15.597566013,15.2171375736,15.4073517933,438600,0.0,1.0
174,1997-09-10T00:00:00.000Z,40.38,40.94,40.25,40.75,167500,15.3617003806,15.5747403066,15.3122446835,15.5024589031,335000,0.0,1.0
175,1997-09-11T00:00:00.000Z,40.75,40.88,40.12,40.5,289100,15.5024589031,15.5519146003,15.2627889864,15.4073517933,578200,0.0,1.0
176,1997-09-12T00:00:00.000Z,42.0,42.25,40.62,40.62,661900,15.9779944523,16.0731015622,15.453003206,15.453003206,1323800,0.0,1.0
177,1997-09-15T00:00:00.000Z,42.19,42.25,42.0,42.0,225000,16.0502758558,16.0731015622,15.9779944523,15.9779944523,450000,0.0,1.0
178,1997-09-16T00:00:00.000Z,43.88,44.12,42.12,42.25,505100,16.6931999183,16.7845027437,16.023645865,16.0731015622,1010200,0.0,1.0
179,1997-09-17T00:00:00.000Z,43.62,43.88,43.0,43.75,147000,16.5942885241,16.6931999183,16.3584228917,16.6437442212,294000,0.0,1.0
180,1997-09-18T00:00:00.000Z,43.0,43.75,43.0,43.38,191200,16.3584228917,16.6437442212,16.3584228917,16.5029856986,382400,0.0,1.0
181,1997-09-19T00:00:00.000Z,43.88,43.88,42.25,43.12,129500,16.6931999183,16.6931999183,16.0731015622,16.4040743044,259000,0.0,1.0
182,1997-09-22T00:00:00.000Z,43.5,43.88,42.88,43.5,207300,16.5486371113,16.6931999183,16.3127714789,16.5486371113,414600,0.0,1.0
183,1997-09-23T00:00:00.000Z,42.62,43.5,42.0,43.25,115600,16.2138600847,16.5486371113,15.9779944523,16.4535300015,231200,0.0,1.0
184,1997-09-24T00:00:00.000Z,43.38,43.75,42.0,42.25,224300,16.5029856986,16.6437442212,15.9779944523,16.0731015622,448600,0.0,1.0
185,1997-09-25T00:00:00.000Z,43.5,43.75,43.25,43.75,144200,16.5486371113,16.6437442212,16.4535300015,16.6437442212,288400,0.0,1.0
186,1997-09-26T00:00:00.000Z,42.62,43.88,42.5,43.5,476600,16.2138600847,16.6931999183,16.168208672,16.5486371113,953200,0.0,1.0
187,1997-09-29T00:00:00.000Z,42.88,43.0,42.0,42.75,312200,16.3127714789,16.3584228917,15.9779944523,16.2633157818,624400,0.0,1.0
188,1997-09-30T00:00:00.000Z,41.12,43.12,40.0,42.75,451300,15.6432174257,16.4040743044,15.2171375736,16.2633157818,902600,0.0,1.0
189,1997-10-01T00:00:00.000Z,38.56,41.5,37.5,41.5,859200,14.669320621,15.7877802327,14.2660664753,15.7877802327,1718400,0.0,1.0
190,1997-10-02T00:00:00.000Z,38.81,39.12,38.5,38.75,547500,14.7644277308,14.882360547,14.6464949146,14.7416020245,1095000,0.0,1.0
191,1997-10-03T00:00:00.000Z,39.62,39.62,39.0,39.0,905600,15.0725747667,15.0725747667,14.8367091343,14.8367091343,1811200,0.0,1.0
192,1997-10-06T00:00:00.000Z,39.88,40.38,39.5,39.75,183300,15.1714861609,15.3617003806,15.026923354,15.1220304638,366600,0.0,1.0
193,1997-10-07T00:00:00.000Z,39.25,40.12,39.12,39.88,152500,14.9318162441,15.2627889864,14.882360547,15.1714861609,305000,0.0,1.0
194,1997-10-08T00:00:00.000Z,39.69,39.94,38.75,39.12,207800,15.0992047574,15.1943118673,14.7416020245,14.882360547,415600,0.0,1.0
195,1997-10-09T00:00:00.000Z,39.38,39.75,38.38,39.75,187800,14.9812719412,15.1220304638,14.6008435019,15.1220304638,375600,0.0,1.0
196,1997-10-10T00:00:00.000Z,40.0,40.0,39.38,39.5,379600,15.2171375736,15.2171375736,14.9812719412,15.026923354,759200,0.0,1.0
197,1997-10-13T00:00:00.000Z,40.5,41.38,40.0,40.12,423500,15.4073517933,15.7421288199,15.2171375736,15.2627889864,847000,0.0,1.0
198,1997-10-14T00:00:00.000Z,41.0,41.0,40.0,40.75,85200,15.597566013,15.597566013,15.2171375736,15.5024589031,170400,0.0,1.0
199,1997-10-15T00:00:00.000Z,40.12,40.5,40.0,40.38,220700,15.2627889864,15.4073517933,15.2171375736,15.3617003806,441400,0.0,1.0
200,1997-10-16T00:00:00.000Z,39.75,40.62,39.75,40.0,174800,15.1220304638,15.453003206,15.1220304638,15.2171375736,349600,0.0,1.0
201,1997-10-17T00:00:00.000Z,38.75,40.0,37.75,40.0,107400,14.7416020245,15.2171375736,14.3611735851,15.2171375736,214800,0.0,1.0
202,1997-10-20T00:00:00.000Z,39.25,39.75,38.5,39.12,344500,14.9318162441,15.1220304638,14.6464949146,14.882360547,689000,0.0,1.0
203,1997-10-21T00:00:00.000Z,40.25,40.5,39.62,40.0,212400,15.3122446835,15.4073517933,15.0725747667,15.2171375736,424800,0.0,1.0
204,1997-10-22T00:00:00.000Z,40.5,40.5,39.75,39.88,101000,15.4073517933,15.4073517933,15.1220304638,15.1714861609,202000,0.0,1.0
205,1997-10-23T00:00:00.000Z,39.25,40.12,39.12,39.5,40300,14.9318162441,15.2627889864,14.882360547,15.026923354,80600,0.0,1.0
206,1997-10-24T00:00:00.000Z,39.38,40.0,38.38,40.0,298300,14.9812719412,15.2171375736,14.6008435019,15.2171375736,596600,0.0,1.0
207,1997-10-27T00:00:00.000Z,34.0,39.0,34.0,38.75,251200,12.9345669376,14.8367091343,12.9345669376,14.7416020245,502400,0.0,1.0
208,1997-10-28T00:00:00.000Z,38.75,39.0,32.25,32.88,855700,14.7416020245,14.8367091343,12.2688171687,12.5084870855,1711400,0.0,1.0
209,1997-10-29T00:00:00.000Z,39.88,41.38,39.25,40.0,504000,15.1714861609,15.7421288199,14.9318162441,15.2171375736,1008000,0.0,1.0
210,1997-10-30T00:00:00.000Z,38.38,39.38,38.0,39.25,109300,14.6008435019,14.9812719412,14.456280695,14.9318162441,218600,0.0,1.0
211,1997-10-31T00:00:00.000Z,39.75,39.75,38.5,38.5,161100,15.1220304638,15.1220304638,14.6464949146,14.6464949146,322200,0.0,1.0
212,1997-11-03T00:00:00.000Z,39.88,40.62,39.5,39.5,317000,15.1714861609,15.453003206,15.026923354,15.026923354,634000,0.0,1.0
213,1997-11-04T00:00:00.000Z,39.38,40.0,39.12,39.62,107300,14.9812719412,15.2171375736,14.882360547,15.0725747667,214600,0.0,1.0
214,1997-11-05T00:00:00.000Z,40.0,40.5,39.0,39.5,233900,15.2171375736,15.4073517933,14.8367091343,15.026923354,467800,0.0,1.0
215,1997-11-06T00:00:00.000Z,39.19,40.62,39.12,40.5,147900,14.9089905378,15.453003206,14.882360547,15.4073517933,295800,0.0,1.0
216,1997-11-07T00:00:00.000Z,38.25,39.38,37.25,38.25,252800,14.5513878048,14.9812719412,14.1709593655,14.5513878048,505600,0.0,1.0
217,1997-11-10T00:00:00.000Z,39.75,39.75,38.5,38.62,102100,15.1220304638,15.1220304638,14.6464949146,14.6921463273,204200,0.0,1.0
218,1997-11-11T00:00:00.000Z,38.81,39.25,38.0,39.12,118900,14.7644277308,14.9318162441,14.456280695,14.882360547,237800,0.0,1.0
219,1997-11-12T00:00:00.000Z,39.0,40.62,37.88,38.12,364000,14.8367091343,15.453003206,14.4106292822,14.5019321077,728000,0.0,1.0
220,1997-11-13T00:00:00.000Z,39.94,40.5,38.25,39.25,103000,15.1943118673,15.4073517933,14.5513878048,14.9318162441,206000,0.0,1.0
221,1997-11-14T00:00:00.000Z,40.75,41.75,40.0,40.0,442600,15.5024589031,15.8828873425,15.2171375736,15.2171375736,885200,0.0,1.0
222,1997-11-17T00:00:00.000Z,41.0,41.5,40.5,41.0,99500,15.597566013,15.7877802327,15.4073517933,15.597566013,199000,0.0,1.0
223,1997-11-18T00:00:00.000Z,40.94,41.38,40.5,41.25,15100,15.5747403066,15.7421288199,15.4073517933,15.6926731228,30200,0.0,1.0
224,1997-11-19T00:00:00.000Z,41.62,41.88,40.5,40.5,236600,15.8334316454,15.9323430396,15.4073517933,15.4073517933,473200,0.0,1.0
225,1997-11-20T00:00:00.000Z,42.25,42.62,41.0,41.0,286000,16.0731015622,16.2138600847,15.597566013,15.597566013,572000,0.0,1.0
226,1997-11-21T00:00:00.000Z,43.94,44.25,42.5,42.75,923800,16.7160256246,16.8339584408,16.168208672,16.2633157818,1847600,0.0,1.0
227,1997-11-24T00:00:00.000Z,44.56,45.0,43.5,43.75,1257300,16.951891257,17.1192797703,16.5486371113,16.6437442212,2514600,0.0,1.0
228,1997-11-25T00:00:00.000Z,45.81,46.0,44.5,44.5,588300,17.4274268062,17.4997082097,16.9290655507,16.9290655507,1176600,0.0,1.0
229,1997-11-26T00:00:00.000Z,47.25,47.25,45.38,45.94,1398900,17.9752437589,17.9752437589,17.2638425773,17.4768825033,2797800,0.0,1.0
230,1997-11-28T00:00:00.000Z,47.0,48.12,46.88,47.0,351200,17.880136649,18.3062165011,17.8344852363,17.880136649,702400,0.0,1.0
231,1997-12-01T00:00:00.000Z,48.0,48.38,47.0,47.0,411600,18.2605650884,18.4051278953,17.880136649,17.880136649,823200,0.0,1.0
232,1997-12-02T00:00:00.000Z,49.44,49.88,48.0,48.0,1686800,18.808382041,18.9757705543,18.2605650884,18.2605650884,3373600,0.0,1.0
233,1997-12-03T00:00:00.000Z,49.25,50.0,48.88,50.0,755500,18.7361006375,19.021421967,18.595342115,19.021421967,1511000,0.0,1.0
234,1997-12-04T00:00:00.000Z,49.19,49.62,49.0,49.25,205800,18.7132749312,18.8768591601,18.6409935277,18.7361006375,411600,0.0,1.0
235,1997-12-05T00:00:00.000Z,49.0,49.5,48.38,48.75,484400,18.6409935277,18.8312077474,18.4051278953,18.5458864179,968800,0.0,1.0
236,1997-12-08T00:00:00.000Z,50.19,50.25,49.0,49.0,385800,19.0937033705,19.1165290769,18.6409935277,18.6409935277,771600,0.0,1.0
237,1997-12-09T00:00:00.000Z,48.25,50.0,47.62,50.0,204400,18.3556721982,19.021421967,18.1160022814,19.021421967,408800,0.0,1.0
238,1997-12-10T00:00:00.000Z,48.25,48.5,47.5,48.5,418700,18.3556721982,18.450779308,18.0703508687,18.450779308,837400,0.0,1.0
239,1997-12-11T00:00:00.000Z,46.88,47.75,46.75,47.0,395000,17.8344852363,18.1654579785,17.7850295392,17.880136649,790000,0.0,1.0
240,1997-12-12T00:00:00.000Z,46.38,47.5,45.0,47.0,174800,17.6442710166,18.0703508687,17.1192797703,17.880136649,349600,0.0,1.0
241,1997-12-15T00:00:00.000Z,45.88,47.12,45.25,46.5,364500,17.454056797,17.9257880617,17.2143868802,17.6899224294,729000,0.0,1.0
242,1997-12-16T00:00:00.000Z,47.62,48.25,45.88,45.88,382800,18.1160022814,18.3556721982,17.454056797,17.454056797,765600,0.0,1.0
243,1997-12-17T00:00:00.000Z,48.31,48.5,47.75,47.75,172000,18.3784979046,18.450779308,18.1654579785,18.1654579785,344000,0.0,1.0
244,1997-12-18T00:00:00.000Z,47.88,48.5,47.5,48.0,441300,18.2149136756,18.450779308,18.0703508687,18.2605650884,882600,0.0,1.0
245,1997-12-19T00:00:00.000Z,46.5,47.5,46.5,47.0,674200,17.6899224294,18.0703508687,17.6899224294,17.880136649,1348400,0.0,1.0
246,1997-12-22T00:00:00.000Z,45.88,47.0,45.44,46.38,291600,17.454056797,17.880136649,17.2866682837,17.6442710166,583200,0.0,1.0
247,1997-12-23T00:00:00.000Z,46.12,46.25,45.75,45.75,146700,17.5453596224,17.5948153195,17.4046010999,17.4046010999,293400,0.0,1.0
248,1997-12-24T00:00:00.000Z,45.12,46.12,45.0,45.88,37400,17.1649311831,17.5453596224,17.1192797703,17.454056797,74800,0.0,1.0
249,1997-12-26T00:00:00.000Z,45.0,45.62,45.0,45.62,32900,17.1192797703,17.3551454027,17.1192797703,17.3551454027,65800,0.0,1.0
250,1997-12-29T00:00:00.000Z,46.38,46.38,45.25,45.38,205200,17.6442710166,17.6442710166,17.2143868802,17.2638425773,410400,0.0,1.0
251,1997-12-30T00:00:00.000Z,49.38,49.62,45.75,45.75,268200,18.7855563347,18.8768591601,17.4046010999,17.4046010999,536400,0.0,1.0
252,1997-12-31T00:00:00.000Z,48.25,49.75,47.88,48.75,180700,18.3556721982,18.9263148572,18.2149136756,18.5458864179,361400,0.0,1.0
253,1998-01-02T00:00:00.000Z,45.88,48.31,45.88,47.88,85000,17.454056797,18.3784979046,17.454056797,18.2149136756,170000,0.0,1.0
254,1998-01-05T00:00:00.000Z,46.62,47.0,46.0,46.5,68300,17.7355738421,17.880136649,17.4997082097,17.6899224294,136600,0.0,1.0
255,1998-01-06T00:00:00.000Z,47.12,47.62,46.25,46.38,167600,17.9257880617,18.1160022814,17.5948153195,17.6442710166,335200,0.0,1.0
256,1998-01-07T00:00:00.000Z,47.0,47.5,45.75,46.88,130600,17.880136649,18.0703508687,17.4046010999,17.8344852363,261200,0.0,1.0
257,1998-01-08T00:00:00.000Z,46.69,47.5,46.38,47.0,38800,17.7622038328,18.0703508687,17.6442710166,17.880136649,77600,0.0,1.0
258,1998-01-09T00:00:00.000Z,46.62,47.38,45.75,46.5,226800,17.7355738421,18.024699456,17.4046010999,17.6899224294,453600,0.0,1.0
259,1998-01-12T00:00:00.000Z,46.25,47.25,45.31,47.25,250500,17.5948153195,17.9752437589,17.2372125865,17.9752437589,501000,0.0,1.0
260,1998-01-13T00:00:00.000Z,47.12,48.12,46.25,46.62,292800,17.9257880617,18.3062165011,17.5948153195,17.7355738421,585600,0.0,1.0
261,1998-01-14T00:00:00.000Z,48.47,48.5,47.25,48.0,204900,18.4393664549,18.450779308,17.9752437589,18.2605650884,409800,0.0,1.0
262,1998-01-15T00:00:00.000Z,47.5,49.0,47.5,48.0,213000,18.0703508687,18.6409935277,18.0703508687,18.2605650884,426000,0.0,1.0
263,1998-01-16T00:00:00.000Z,50.75,51.38,47.5,48.0,751900,19.3067432966,19.5464132133,18.0703508687,18.2605650884,1503800,0.0,1.0
264,1998-01-20T00:00:00.000Z,52.12,52.25,50.75,50.75,346900,19.8279302585,19.8773859556,19.3067432966,19.3067432966,693800,0.0,1.0
265,1998-01-21T00:00:00.000Z,53.44,54.0,50.25,51.62,674000,20.3300957984,20.5431357244,19.1165290769,19.6377160388,1348000,0.0,1.0
266,1998-01-22T00:00:00.000Z,52.5,53.25,51.88,52.75,276000,19.9724930654,20.2578143949,19.736627433,20.0676001752,552000,0.0,1.0
267,1998-01-23T00:00:00.000Z,52.25,53.12,51.88,52.5,443500,19.8773859556,20.2083586978,19.736627433,19.9724930654,887000,0.0,1.0
268,1998-01-26T00:00:00.000Z,51.12,52.62,50.62,52.38,255400,19.4475018191,20.0181444781,19.2572875994,19.9268416527,510800,0.0,1.0
269,1998-01-27T00:00:00.000Z,50.88,51.0,50.0,50.0,155100,19.3561989937,19.4018504064,19.021421967,19.021421967,310200,0.0,1.0
270,1998-01-28T00:00:00.000Z,49.25,51.88,49.0,50.88,472100,18.7361006375,19.736627433,18.6409935277,19.3561989937,944200,0.0,1.0
271,1998-01-29T00:00:00.000Z,52.88,52.88,50.38,50.5,508600,20.1170558724,20.1170558724,19.165984774,19.2116361867,1017200,0.0,1.0
272,1998-01-30T00:00:00.000Z,52.38,54.5,52.25,52.88,463700,19.9268416527,20.7333499441,19.8773859556,20.1170558724,927400,0.0,1.0
273,1998-02-02T00:00:00.000Z,53.0,54.75,52.5,54.0,241100,20.1627072851,20.8284570539,19.9724930654,20.5431357244,482200,0.0,1.0
274,1998-02-03T00:00:00.000Z,52.94,53.25,52.38,53.25,190300,20.1398815787,20.2578143949,19.9268416527,20.2578143949,380600,0.0,1.0
275,1998-02-04T00:00:00.000Z,52.5,53.0,52.5,52.75,282500,19.9724930654,20.1627072851,19.9724930654,20.0676001752,565000,0.0,1.0
276,1998-02-05T00:00:00.000Z,53.38,53.75,52.5,52.5,519700,20.307270092,20.4480286146,19.9724930654,19.9724930654,1039400,0.0,1.0
277,1998-02-06T00:00:00.000Z,53.62,53.75,52.88,53.25,268100,20.3985729175,20.4480286146,20.1170558724,20.2578143949,536200,0.0,1.0
278,1998-02-09T00:00:00.000Z,55.5,55.62,53.25,53.25,706900,21.1137783834,21.1594297961,20.2578143949,20.2578143949,1413800,0.0,1.0
279,1998-02-10T00:00:00.000Z,56.38,57.25,54.25,55.62,453200,21.44855541,21.7795281523,20.6382428342,21.1594297961,906400,0.0,1.0
280,1998-02-11T00:00:00.000Z,57.25,57.62,56.12,56.25,382700,21.7795281523,21.9202866748,21.3496440158,21.3990997129,765400,0.0,1.0
281,1998-02-12T00:00:00.000Z,57.12,57.38,55.75,57.25,575500,21.7300724552,21.8289838494,21.2088854933,21.7795281523,1151000,0.0,1.0
282,1998-02-13T00:00:00.000Z,55.75,57.0,55.5,56.38,232900,21.2088854933,21.6844210424,21.1137783834,21.44855541,465800,0.0,1.0
283,1998-02-17T00:00:00.000Z,56.0,56.62,55.75,56.25,435300,21.3039926031,21.5398582355,21.2088854933,21.3990997129,870600,0.0,1.0
284,1998-02-18T00:00:00.000Z,56.38,56.88,55.75,56.0,379400,21.44855541,21.6387696297,21.2088854933,21.3039926031,758800,0.0,1.0
285,1998-02-19T00:00:00.000Z,58.25,59.12,56.0,56.5,380400,22.1599565916,22.4909293338,21.3039926031,21.4942068228,760800,0.0,1.0
286,1998-02-20T00:00:00.000Z,58.5,59.12,57.5,58.5,326100,22.2550637014,22.4909293338,21.8746352621,22.2550637014,652200,0.0,1.0
287,1998-02-23T00:00:00.000Z,58.88,59.12,57.88,59.0,453600,22.3996265084,22.4909293338,22.0191980691,22.4452779211,907200,0.0,1.0
288,1998-02-24T00:00:00.000Z,59.31,59.5,58.25,58.75,336000,22.5632107373,22.6354921408,22.1599565916,22.3501708113,672000,0.0,1.0
289,1998-02-25T00:00:00.000Z,58.78,59.86,58.38,59.5,300600,22.3615836645,22.772446379,22.2094122887,22.6354921408,601200,0.0,1.0
290,1998-02-26T00:00:00.000Z,59.12,59.25,58.38,59.0,158900,22.4909293338,22.540385031,22.2094122887,22.4452779211,317800,0.0,1.0
291,1998-02-27T00:00:00.000Z,59.19,59.25,58.75,58.75,429900,22.5175593246,22.540385031,22.3501708113,22.3501708113,859800,0.0,1.0
292,1998-03-02T00:00:00.000Z,60.91,61.0,59.0,59.0,362300,23.1718962403,23.2061347998,22.4452779211,22.4452779211,724600,0.0,1.0
293,1998-03-03T00:00:00.000Z,60.5,61.0,60.0,60.5,188500,23.0159205801,23.2061347998,22.8257063605,23.0159205801,377000,0.0,1.0
294,1998-03-04T00:00:00.000Z,59.5,60.5,59.25,60.0,200500,22.6354921408,23.0159205801,22.540385031,22.8257063605,401000,0.0,1.0
295,1998-03-05T00:00:00.000Z,58.0,59.5,57.62,58.75,221400,22.0648494818,22.6354921408,21.9202866748,22.3501708113,442800,0.0,1.0
296,1998-03-06T00:00:00.000Z,57.88,59.0,57.75,58.12,240000,22.0191980691,22.4452779211,21.9697423719,22.1105008945,480000,0.0,1.0
297,1998-03-09T00:00:00.000Z,56.69,58.25,56.5,58.25,287900,21.5664882262,22.1599565916,21.4942068228,22.1599565916,575800,0.0,1.0
298,1998-03-10T00:00:00.000Z,57.75,57.75,56.25,57.12,1728500,21.9697423719,21.9697423719,21.3990997129,21.7300724552,3457000,0.0,1.0
299,1998-03-11T00:00:00.000Z,58.19,58.75,57.62,58.25,252000,22.1371308853,22.3501708113,21.9202866748,22.1599565916,504000,0.0,1.0
300,1998-03-12T00:00:00.000Z,56.75,58.38,56.75,57.75,166900,21.5893139326,22.2094122887,21.5893139326,21.9697423719,333800,0.0,1.0
301,1998-03-13T00:00:00.000Z,54.31,57.25,54.25,56.62,375300,20.6610685406,21.7795281523,20.6382428342,21.5398582355,750600,0.0,1.0
302,1998-03-16T00:00:00.000Z,54.69,55.0,54.25,54.75,462300,20.8056313476,20.9235641638,20.6382428342,20.8284570539,924600,0.0,1.0
303,1998-03-17T00:00:00.000Z,53.88,56.0,53.75,55.12,814200,20.4974843117,21.3039926031,20.4480286146,20.9692155765,1628400,0.0,1.0
304,1998-03-18T00:00:00.000Z,54.0,55.12,53.75,54.12,386400,20.5431357244,20.9692155765,20.4480286146,20.5887871371,772800,0.0,1.0
305,1998-03-19T00:00:00.000Z,55.25,55.75,53.5,54.0,827100,21.0186712736,21.2088854933,20.3529215047,20.5431357244,1654200,0.0,1.0
306,1998-03-20T00:00:00.000Z,53.81,55.75,53.75,55.5,305000,20.4708543209,21.2088854933,20.4480286146,21.1137783834,610000,0.0,1.0
307,1998-03-23T00:00:00.000Z,54.38,55.25,53.0,53.75,306000,20.6876985314,21.0186712736,20.1627072851,20.4480286146,612000,0.0,1.0
308,1998-03-24T00:00:00.000Z,56.62,56.62,54.88,54.88,230300,21.5398582355,21.5398582355,20.877912751,20.877912751,460600,0.0,1.0
309,1998-03-25T00:00:00.000Z,57.75,59.88,56.73,57.38,401200,21.9697423719,22.7800549477,21.5817053638,21.8289838494,802400,0.0,1.0
310,1998-03-26T00:00:00.000Z,57.44,58.5,57.0,57.88,98600,21.8518095557,22.2550637014,21.6844210424,22.0191980691,197200,0.0,1.0
311,1998-03-27T00:00:00.000Z,55.88,58.38,54.81,58.38,166600,21.2583411904,22.2094122887,20.8512827603,22.2094122887,333200,0.0,1.0
312,1998-03-30T00:00:00.000Z,56.38,56.62,55.38,56.0,182900,21.44855541,21.5398582355,21.0681269707,21.3039926031,365800,0.0,1.0
313,1998-03-31T00:00:00.000Z,54.0,57.69,54.0,57.0,232900,20.5431357244,21.9469166656,20.5431357244,21.6844210424,465800,0.0,1.0
314,1998-04-01T00:00:00.000Z,53.38,55.25,50.88,54.75,1126100,20.307270092,21.0186712736,19.3561989937,20.8284570539,2252200,0.0,1.0
315,1998-04-02T00:00:00.000Z,54.12,54.62,53.38,53.38,636000,20.5887871371,20.7790013568,20.307270092,20.307270092,1272000,0.0,1.0
316,1998-04-03T00:00:00.000Z,54.5,56.0,53.94,54.06,221400,20.7333499441,21.3039926031,20.5203100181,20.5659614308,442800,0.0,1.0
317,1998-04-06T00:00:00.000Z,54.0,54.88,52.5,54.12,392500,20.5431357244,20.877912751,19.9724930654,20.5887871371,785000,0.0,1.0
318,1998-04-07T00:00:00.000Z,52.88,54.25,52.0,53.75,216300,20.1170558724,20.6382428342,19.7822788457,20.4480286146,432600,0.0,1.0
319,1998-04-08T00:00:00.000Z,51.88,53.38,51.38,53.25,151800,19.736627433,20.307270092,19.5464132133,20.2578143949,303600,0.0,1.0
320,1998-04-09T00:00:00.000Z,54.12,54.12,51.75,51.75,232900,20.5887871371,20.5887871371,19.6871717359,19.6871717359,465800,0.0,1.0
321,1998-04-13T00:00:00.000Z,53.0,54.5,52.12,54.12,215400,20.1627072851,20.7333499441,19.8279302585,20.5887871371,430800,0.0,1.0
322,1998-04-14T00:00:00.000Z,54.0,54.62,53.0,54.0,139200,20.5431357244,20.7790013568,20.1627072851,20.5431357244,278400,0.0,1.0
323,1998-04-15T00:00:00.000Z,53.25,54.5,53.25,54.5,83300,20.2578143949,20.7333499441,20.2578143949,20.7333499441,166600,0.0,1.0
324,1998-04-16T00:00:00.000Z,52.0,53.75,51.62,53.25,129800,19.7822788457,20.4480286146,19.6377160388,20.2578143949,259600,0.0,1.0
325,1998-04-17T00:00:00.000Z,53.62,54.0,51.75,51.75,188900,20.3985729175,20.5431357244,19.6871717359,19.6871717359,377800,0.0,1.0
326,1998-04-20T00:00:00.000Z,54.25,54.62,52.75,52.75,108600,20.6382428342,20.7790013568,20.0676001752,20.0676001752,217200,0.0,1.0
327,1998-04-21T00:00:00.000Z,55.0,55.69,53.75,53.75,175500,20.9235641638,21.1860597869,20.4480286146,20.4480286146,351000,0.0,1.0
328,1998-04-22T00:00:00.000Z,54.0,55.12,54.0,54.75,76400,20.5431357244,20.9692155765,20.5431357244,20.8284570539,152800,0.0,1.0
329,1998-04-23T00:00:00.000Z,53.5,54.5,53.0,54.25,69500,20.3529215047,20.7333499441,20.1627072851,20.6382428342,139000,0.0,1.0
330,1998-04-24T00:00:00.000Z,53.75,53.75,52.5,52.62,143700,20.4480286146,20.4480286146,19.9724930654,20.0181444781,287400,0.0,1.0
331,1998-04-27T00:00:00.000Z,53.5,53.88,52.5,52.5,234000,20.3529215047,20.4974843117,19.9724930654,19.9724930654,468000,0.0,1.0
332,1998-04-28T00:00:00.000Z,56.0,56.38,54.12,54.12,314500,21.3039926031,21.44855541,20.5887871371,20.5887871371,629000,0.0,1.0
333,1998-04-29T00:00:00.000Z,57.38,58.25,56.12,56.62,286000,21.8289838494,22.1599565916,21.3496440158,21.5398582355,572000,0.0,1.0
334,1998-04-30T00:00:00.000Z,58.81,59.0,58.25,59.0,483700,22.3729965176,22.4452779211,22.1599565916,22.4452779211,967400,0.0,1.0
335,1998-05-01T00:00:00.000Z,59.12,59.88,58.62,58.62,419200,22.4909293338,22.7800549477,22.3007151142,22.3007151142,838400,0.0,1.0
336,1998-05-04T00:00:00.000Z,60.31,60.75,59.0,59.0,285800,22.9436391767,23.11102769,22.4452779211,22.4452779211,571600,0.0,1.0
337,1998-05-05T00:00:00.000Z,59.5,60.62,59.25,60.62,190200,22.6354921408,23.0615719929,22.540385031,23.0615719929,380400,0.0,1.0
338,1998-05-06T00:00:00.000Z,58.12,59.5,57.88,59.12,603300,22.1105008945,22.6354921408,22.0191980691,22.4909293338,1206600,0.0,1.0
339,1998-05-07T00:00:00.000Z,57.0,58.75,56.88,57.88,145400,21.6844210424,22.3501708113,21.6387696297,22.0191980691,290800,0.0,1.0
340,1998-05-08T00:00:00.000Z,56.75,57.88,56.38,57.38,104600,21.5893139326,22.0191980691,21.44855541,21.8289838494,209200,0.0,1.0
341,1998-05-11T00:00:00.000Z,57.12,58.0,56.25,56.25,91000,21.7300724552,22.0648494818,21.3990997129,21.3990997129,182000,0.0,1.0
342,1998-05-12T00:00:00.000Z,57.75,57.75,56.75,57.5,89500,21.9697423719,21.9697423719,21.5893139326,21.8746352621,179000,0.0,1.0
343,1998-05-13T00:00:00.000Z,57.75,58.62,57.75,57.75,45100,21.9697423719,22.3007151142,21.9697423719,21.9697423719,90200,0.0,1.0
344,1998-05-14T00:00:00.000Z,57.0,57.88,57.0,57.5,57000,21.6844210424,22.0191980691,21.6844210424,21.8746352621,114000,0.0,1.0
345,1998-05-15T00:00:00.000Z,56.75,57.88,56.5,57.88,92100,21.5893139326,22.0191980691,21.4942068228,22.0191980691,184200,0.0,1.0
346,1998-05-18T00:00:00.000Z,56.75,57.25,56.5,57.0,54700,21.5893139326,21.7795281523,21.4942068228,21.6844210424,109400,0.0,1.0
347,1998-05-19T00:00:00.000Z,56.75,57.5,56.5,56.5,47400,21.5893139326,21.8746352621,21.4942068228,21.4942068228,94800,0.0,1.0
348,1998-05-20T00:00:00.000Z,57.5,57.5,56.5,56.75,196100,21.8746352621,21.8746352621,21.4942068228,21.5893139326,392200,0.0,1.0
349,1998-05-21T00:00:00.000Z,58.25,58.25,56.88,57.75,158600,22.1599565916,22.1599565916,21.6387696297,21.9697423719,317200,0.0,1.0
350,1998-05-22T00:00:00.000Z,59.12,59.25,57.88,57.88,157300,22.4909293338,22.540385031,22.0191980691,22.0191980691,314600,0.0,1.0
351,1998-05-26T00:00:00.000Z,59.94,60.44,59.0,59.38,482000,22.8028806541,22.9930948738,22.4452779211,22.5898407281,964000,0.0,1.0
352,1998-05-27T00:00:00.000Z,59.56,60.12,59.25,59.38,1182600,22.6583178471,22.8713577732,22.540385031,22.5898407281,2365200,0.0,1.0
353,1998-05-28T00:00:00.000Z,61.25,61.5,59.25,59.75,287800,23.3012419096,23.3963490195,22.540385031,22.7305992506,575600,0.0,1.0
354,1998-05-29T00:00:00.000Z,62.5,63.0,61.0,61.62,298500,23.7767774588,23.9669916785,23.2061347998,23.4420004322,597000,0.0,1.0
355,1998-06-01T00:00:00.000Z,61.88,63.25,61.19,62.12,375500,23.5409118264,24.0620987883,23.2784162033,23.6322146519,751000,0.0,1.0
356,1998-06-02T00:00:00.000Z,64.69,64.75,61.75,62.12,534400,24.609915741,24.6327414473,23.4914561293,23.6322146519,1068800,0.0,1.0
357,1998-06-03T00:00:00.000Z,63.5,65.38,63.5,64.75,211900,24.1572058982,24.8724113641,24.1572058982,24.6327414473,423800,0.0,1.0
358,1998-06-04T00:00:00.000Z,64.38,65.12,63.12,63.75,144700,24.4919829248,24.7734999699,24.0126430912,24.252313008,289400,0.0,1.0
359,1998-06-05T00:00:00.000Z,65.0,65.0,64.12,64.88,166200,24.7278485572,24.7278485572,24.3930715305,24.6821971444,332400,0.0,1.0
360,1998-06-08T00:00:00.000Z,64.62,65.5,63.88,65.0,401300,24.5832857502,24.9180627768,24.3017687051,24.7278485572,802600,0.0,1.0
361,1998-06-09T00:00:00.000Z,65.5,66.94,64.5,64.5,344400,24.9180627768,25.4658797295,24.5376343375,24.5376343375,688800,0.0,1.0
362,1998-06-10T00:00:00.000Z,65.75,66.38,65.0,65.5,363000,25.0131698867,25.2528398035,24.7278485572,24.9180627768,726000,0.0,1.0
363,1998-06-11T00:00:00.000Z,64.81,66.75,64.62,65.88,235800,24.6555671537,25.393598326,24.5832857502,25.0626255838,471600,0.0,1.0
364,1998-06-12T00:00:00.000Z,64.5,65.25,62.88,64.75,234000,24.5376343375,24.822955667,23.9213402658,24.6327414473,468000,0.0,1.0
365,1998-06-15T00:00:00.000Z,63.75,64.5,63.38,63.5,192700,24.252313008,24.5376343375,24.1115544854,24.1572058982,385400,0.0,1.0
366,1998-06-16T00:00:00.000Z,64.38,64.38,63.5,64.12,123300,24.4919829248,24.4919829248,24.1572058982,24.3930715305,246600,0.0,1.0
367,1998-06-17T00:00:00.000Z,66.62,67.0,64.0,64.0,193300,25.3441426289,25.4887054358,24.3474201178,24.3474201178,386600,0.0,1.0
368,1998-06-18T00:00:00.000Z,65.88,66.12,64.88,65.5,159100,25.0626255838,25.1539284092,24.6821971444,24.9180627768,318200,0.0,1.0
369,1998-06-19T00:00:00.000Z,63.75,65.75,63.75,65.38,264500,24.252313008,25.0131698867,24.252313008,24.8724113641,529000,0.0,1.0
370,1998-06-22T00:00:00.000Z,65.88,66.0,63.62,63.62,202700,25.0626255838,25.1082769965,24.2028573109,24.2028573109,405400,0.0,1.0
371,1998-06-23T00:00:00.000Z,64.25,65.88,63.88,65.25,154700,24.4425272277,25.0626255838,24.3017687051,24.822955667,309400,0.0,1.0
372,1998-06-24T00:00:00.000Z,66.12,66.12,63.75,63.75,134500,25.1539284092,25.1539284092,24.252313008,24.252313008,269000,0.0,1.0
373,1998-06-25T00:00:00.000Z,64.5,66.38,63.62,65.62,256900,24.5376343375,25.2528398035,24.2028573109,24.9637141896,513800,0.0,1.0
374,1998-06-26T00:00:00.000Z,64.5,65.12,63.62,64.5,229200,24.5376343375,24.7734999699,24.2028573109,24.5376343375,458400,0.0,1.0
375,1998-06-29T00:00:00.000Z,64.38,64.88,63.5,63.62,174400,24.4919829248,24.6821971444,24.1572058982,24.2028573109,348800,0.0,1.0
376,1998-06-30T00:00:00.000Z,63.59,64.5,63.38,63.62,327000,24.1914444577,24.5376343375,24.1115544854,24.2028573109,654000,0.0,1.0
377,1998-07-01T00:00:00.000Z,66.0,66.38,63.44,63.44,118400,25.1082769965,25.2528398035,24.1343801918,24.1343801918,236800,0.0,1.0
378,1998-07-02T00:00:00.000Z,65.12,65.75,64.75,65.25,135700,24.7734999699,25.0131698867,24.6327414473,24.822955667,271400,0.0,1.0
379,1998-07-06T00:00:00.000Z,64.75,65.25,64.25,65.25,127600,24.6327414473,24.822955667,24.4425272277,24.822955667,255200,0.0,1.0
380,1998-07-07T00:00:00.000Z,64.75,65.0,64.5,64.5,136100,24.6327414473,24.7278485572,24.5376343375,24.5376343375,272200,0.0,1.0
381,1998-07-08T00:00:00.000Z,64.81,65.25,64.38,65.0,144300,24.6555671537,24.822955667,24.4919829248,24.7278485572,288600,0.0,1.0
382,1998-07-09T00:00:00.000Z,67.25,67.5,64.75,64.75,412600,25.5838125457,25.6789196555,24.6327414473,24.6327414473,825200,0.0,1.0
383,1998-07-10T00:00:00.000Z,65.44,67.0,65.38,67.0,210000,24.8952370705,25.4887054358,24.8724113641,25.4887054358,420000,0.0,1.0
384,1998-07-13T00:00:00.000Z,64.75,66.0,64.62,65.25,331900,24.6327414473,25.1082769965,24.5832857502,24.822955667,663800,0.0,1.0
385,1998-07-14T00:00:00.000Z,68.5,69.0,64.62,64.62,315100,26.0593480949,26.2495623145,24.5832857502,24.5832857502,630200,0.0,1.0
386,1998-07-15T00:00:00.000Z,68.25,68.75,67.5,68.12,227100,25.964240985,26.1544552047,25.6789196555,25.9147852879,454200,0.0,1.0
387,1998-07-16T00:00:00.000Z,70.0,71.88,68.06,68.5,268800,26.6299907539,27.3451962198,25.8919595815,26.0593480949,537600,0.0,1.0
388,1998-07-17T00:00:00.000Z,70.75,71.75,69.75,70.5,124600,26.9153120834,27.2957405227,26.534883644,26.8202049735,249200,0.0,1.0
389,1998-07-20T00:00:00.000Z,69.25,71.25,68.75,71.25,110600,26.3446694244,27.105526303,26.1544552047,27.105526303,221200,0.0,1.0
390,1998-07-21T00:00:00.000Z,66.75,70.0,66.25,69.25,187000,25.393598326,26.6299907539,25.2033841063,26.3446694244,374000,0.0,1.0
391,1998-07-22T00:00:00.000Z,66.62,67.88,66.0,66.75,432300,25.3441426289,25.8234824625,25.1082769965,25.393598326,864600,0.0,1.0
392,1998-07-23T00:00:00.000Z,63.44,67.0,62.75,67.0,515800,24.1343801918,25.4887054358,23.8718845686,25.4887054358,1031600,0.0,1.0
393,1998-07-24T00:00:00.000Z,64.0,64.25,60.0,63.75,560100,24.3474201178,24.4425272277,22.8257063605,24.252313008,1120200,0.0,1.0
394,1998-07-27T00:00:00.000Z,61.31,64.0,60.94,64.0,365800,23.324067616,24.3474201178,23.1833090934,24.3474201178,731600,0.0,1.0
395,1998-07-28T00:00:00.000Z,62.0,63.5,61.38,61.62,353200,23.5865632391,24.1572058982,23.3506976067,23.4420004322,706400,0.0,1.0
396,1998-07-29T00:00:00.000Z,59.88,65.25,59.25,65.0,919900,22.7800549477,24.822955667,22.540385031,24.7278485572,1839800,0.0,1.0
397,1998-07-30T00:00:00.000Z,59.69,61.25,58.38,61.0,524100,22.7077735443,23.3012419096,22.2094122887,23.2061347998,1048200,0.0,1.0
398,1998-07-31T00:00:00.000Z,61.0,62.62,59.88,59.94,636200,23.2061347998,23.8224288715,22.7800549477,22.8028806541,1272400,0.0,1.0
399,1998-08-03T00:00:00.000Z,58.56,61.5,58.0,61.5,421300,22.2778894078,23.3963490195,22.0648494818,23.3963490195,842600,0.0,1.0
400,1998-08-04T00:00:00.000Z,57.0,59.62,55.44,59.62,636500,21.6844210424,22.6811435535,21.0909526771,22.6811435535,1273000,0.0,1.0
401,1998-08-05T00:00:00.000Z,55.94,58.0,54.62,57.25,247300,21.2811668967,22.0648494818,20.7790013568,21.7795281523,494600,0.0,1.0
402,1998-08-06T00:00:00.000Z,58.5,59.25,54.5,55.62,217000,22.2550637014,22.540385031,20.7333499441,21.1594297961,434000,0.0,1.0
403,1998-08-07T00:00:00.000Z,57.31,59.75,56.88,59.38,286700,21.8023538586,22.7305992506,21.6387696297,22.5898407281,573400,0.0,1.0
404,1998-08-10T00:00:00.000Z,58.06,59.25,56.88,57.88,202600,22.0876751881,22.540385031,21.6387696297,22.0191980691,405200,0.0,1.0
405,1998-08-11T00:00:00.000Z,58.5,58.5,57.0,57.12,125600,22.2550637014,22.2550637014,21.6844210424,21.7300724552,251200,0.0,1.0
406,1998-08-12T00:00:00.000Z,61.0,61.38,58.5,58.5,228300,23.2061347998,23.3506976067,22.2550637014,22.2550637014,456600,0.0,1.0
407,1998-08-13T00:00:00.000Z,58.44,60.25,58.38,60.25,137900,22.2322379951,22.9208134703,22.2094122887,22.9208134703,275800,0.0,1.0
408,1998-08-14T00:00:00.000Z,57.81,59.75,57.75,59.0,160400,21.9925680783,22.7305992506,21.9697423719,22.4452779211,320800,0.0,1.0
409,1998-08-17T00:00:00.000Z,56.5,58.12,56.25,57.75,150400,21.4942068228,22.1105008945,21.3990997129,21.9697423719,300800,0.0,1.0
410,1998-08-18T00:00:00.000Z,57.56,58.0,57.12,57.38,222900,21.8974609685,22.0648494818,21.7300724552,21.8289838494,445800,0.0,1.0
411,1998-08-19T00:00:00.000Z,57.12,58.25,56.88,58.12,231700,21.7300724552,22.1599565916,21.6387696297,22.1105008945,463400,0.0,1.0
412,1998-08-20T00:00:00.000Z,53.5,57.0,53.0,57.0,477800,20.3529215047,21.6844210424,20.1627072851,21.6844210424,955600,0.0,1.0
413,1998-08-21T00:00:00.000Z,51.0,53.75,48.75,53.0,515300,19.4018504064,20.4480286146,18.5458864179,20.1627072851,1030600,0.0,1.0
414,1998-08-24T00:00:00.000Z,53.75,54.12,50.75,50.75,367600,20.4480286146,20.5887871371,19.3067432966,19.3067432966,735200,0.0,1.0
415,1998-08-25T00:00:00.000Z,30.0,30.62,28.5,28.75,1856150,22.8257063605,23.2974376252,21.6844210424,21.8746352621,1856150,0.0,2.0
416,1998-08-26T00:00:00.000Z,31.03,31.25,28.88,29.38,4047200,23.6093889455,23.7767774588,21.9735466563,22.3539750957,4047200,0.0,1.0
417,1998-08-27T00:00:00.000Z,27.56,30.5,26.88,30.5,1884100,20.9692155765,23.2061347998,20.451832899,23.2061347998,1884100,0.0,1.0
418,1998-08-28T00:00:00.000Z,28.38,29.5,27.62,27.88,1194900,21.593118217,22.4452779211,21.0148669892,21.2126897777,1194900,0.0,1.0
419,1998-08-31T00:00:00.000Z,23.88,28.75,23.75,28.62,793800,18.1692622629,21.8746352621,18.0703508687,21.7757238679,793800,0.0,1.0
420,1998-09-01T00:00:00.000Z,24.75,24.88,23.0,24.38,1141700,18.8312077474,18.9301191416,17.4997082097,18.5496907023,1141700,0.0,1.0
421,1998-09-02T00:00:00.000Z,24.62,25.75,24.62,25.25,821500,18.7322963532,19.5920646261,18.7322963532,19.2116361867,821500,0.0,1.0
422,1998-09-03T00:00:00.000Z,25.0,25.25,23.75,24.25,690100,19.021421967,19.2116361867,18.0703508687,18.450779308,690100,0.0,1.0
423,1998-09-04T00:00:00.000Z,25.0,26.25,24.81,25.12,408400,19.021421967,19.9724930654,18.8768591601,19.1127247925,408400,0.0,1.0
424,1998-09-08T00:00:00.000Z,27.62,28.19,26.88,27.62,371700,21.0148669892,21.44855541,20.451832899,21.0148669892,371700,0.0,1.0
425,1998-09-09T00:00:00.000Z,27.53,28.5,27.25,28.0,321600,20.9463898701,21.6844210424,20.7333499441,21.3039926031,321600,0.0,1.0
426,1998-09-10T00:00:00.000Z,26.0,26.88,25.5,26.75,807600,19.7822788457,20.451832899,19.4018504064,20.3529215047,807600,0.0,1.0
427,1998-09-11T00:00:00.000Z,26.5,27.0,25.75,26.12,284600,20.1627072851,20.5431357244,19.5920646261,19.8735816712,284600,0.0,1.0
428,1998-09-14T00:00:00.000Z,27.38,27.44,26.38,26.38,237400,20.8322613383,20.877912751,20.0714044596,20.0714044596,237400,0.0,1.0
429,1998-09-15T00:00:00.000Z,27.5,27.88,27.19,27.75,579100,20.9235641638,21.2126897777,20.6876985314,21.1137783834,579100,0.0,1.0
430,1998-09-16T00:00:00.000Z,27.25,28.38,27.25,28.0,639300,20.7333499441,21.593118217,20.7333499441,21.3039926031,639300,0.0,1.0
431,1998-09-17T00:00:00.000Z,26.94,27.0,26.19,27.0,1721700,20.4974843117,20.5431357244,19.9268416527,20.5431357244,1721700,0.0,1.0
432,1998-09-18T00:00:00.000Z,26.0,27.75,25.75,27.62,419100,19.7822788457,21.1137783834,19.5920646261,21.0148669892,419100,0.0,1.0
433,1998-09-21T00:00:00.000Z,23.69,25.62,22.59,25.12,884000,18.024699456,19.4931532318,17.1877568894,19.1127247925,884000,0.0,1.0
434,1998-09-22T00:00:00.000Z,26.62,26.62,24.25,24.5,896300,20.2540101105,20.2540101105,18.450779308,18.6409935277,896300,0.0,1.0
435,1998-09-23T00:00:00.000Z,28.0,28.12,26.25,26.25,555600,21.3039926031,21.3952954285,19.9724930654,19.9724930654,555600,0.0,1.0
436,1998-09-24T00:00:00.000Z,26.5,28.25,26.38,28.0,798500,20.1627072851,21.4942068228,20.0714044596,21.3039926031,798500,0.0,1.0
437,1998-09-25T00:00:00.000Z,26.81,27.38,25.69,26.0,150300,20.3985729175,20.8322613383,19.5464132133,19.7822788457,150300,0.0,1.0
438,1998-09-28T00:00:00.000Z,28.0,28.25,26.75,27.25,400500,21.3039926031,21.4942068228,20.3529215047,20.7333499441,400500,0.0,1.0
439,1998-09-29T00:00:00.000Z,27.88,28.12,27.0,28.06,610500,21.2126897777,21.3952954285,20.5431357244,21.3496440158,610500,0.0,1.0
440,1998-09-30T00:00:00.000Z,28.25,29.0,27.5,27.5,576100,21.4942068228,22.0648494818,20.9235641638,20.9235641638,576100,0.0,1.0
441,1998-10-01T00:00:00.000Z,25.56,28.38,25.5,27.88,579800,19.4475018191,21.593118217,19.4018504064,21.2126897777,579800,0.0,1.0
442,1998-10-02T00:00:00.000Z,25.31,26.0,23.62,25.25,651400,19.2572875994,19.7822788457,17.9714394745,19.2116361867,651400,0.0,1.0
443,1998-10-05T00:00:00.000Z,23.94,25.0,23.75,24.75,903800,18.2149136756,19.021421967,18.0703508687,18.8312077474,903800,0.0,1.0
444,1998-10-06T00:00:00.000Z,23.5,25.0,22.5,25.0,493400,17.880136649,19.021421967,17.1192797703,19.021421967,493400,0.0,1.0
445,1998-10-07T00:00:00.000Z,21.06,23.25,18.62,23.0,2000300,16.023645865,17.6899224294,14.1671550811,17.4997082097,2000300,0.0,1.0
446,1998-10-08T00:00:00.000Z,19.94,20.75,19.0,19.62,1299700,15.1714861609,15.7877802327,14.456280695,14.9280119597,1299700,0.0,1.0
447,1998-10-09T00:00:00.000Z,22.44,22.5,20.25,20.5,1031200,17.0736283576,17.1192797703,15.4073517933,15.597566013,1031200,0.0,1.0
448,1998-10-12T00:00:00.000Z,18.5,22.75,18.5,22.75,4941300,14.0758522556,17.30949399,14.0758522556,17.30949399,4941300,0.0,1.0
449,1998-10-13T00:00:00.000Z,21.0,21.31,19.0,20.25,4508500,15.9779944523,16.2138600847,14.456280695,15.4073517933,4508500,0.0,1.0
450,1998-10-14T00:00:00.000Z,22.75,22.75,20.62,21.12,1626800,17.30949399,17.30949399,15.6888688384,16.0692972778,1626800,0.0,1.0
451,1998-10-15T00:00:00.000Z,26.0,26.12,22.0,22.75,1477100,19.7822788457,19.8735816712,16.738851331,17.30949399,1477100,0.0,1.0
452,1998-10-16T00:00:00.000Z,25.12,26.0,23.75,26.0,1158500,19.1127247925,19.7822788457,18.0703508687,19.7822788457,1158500,0.0,1.0
453,1998-10-19T00:00:00.000Z,25.62,26.0,24.88,25.25,393600,19.4931532318,19.7822788457,18.9301191416,19.2116361867,393600,0.0,1.0
454,1998-10-20T00:00:00.000Z,26.88,27.69,26.25,26.75,853100,20.451832899,21.0681269707,19.9724930654,20.3529215047,853100,0.0,1.0
455,1998-10-21T00:00:00.000Z,26.0,27.0,25.5,26.62,399600,19.7822788457,20.5431357244,19.4018504064,20.2540101105,399600,0.0,1.0
456,1998-10-22T00:00:00.000Z,25.88,26.12,25.38,26.12,291900,19.6909760203,19.8735816712,19.3105475809,19.8735816712,291900,0.0,1.0
457,1998-10-23T00:00:00.000Z,24.75,26.0,24.75,25.75,1327100,18.8312077474,19.7822788457,18.8312077474,19.5920646261,1327100,0.0,1.0
458,1998-10-26T00:00:00.000Z,24.56,25.5,24.5,25.0,731300,18.6866449404,19.4018504064,18.6409935277,19.021421967,731300,0.0,1.0
459,1998-10-27T00:00:00.000Z,23.5,25.25,23.19,24.81,477000,17.880136649,19.2116361867,17.6442710166,18.8768591601,477000,0.0,1.0
460,1998-10-28T00:00:00.000Z,21.12,21.5,18.88,19.75,9430700,16.0692972778,16.3584228917,14.3649778695,15.026923354,9430700,0.0,1.0
461,1998-10-29T00:00:00.000Z,23.19,23.44,22.0,22.12,2057100,17.6442710166,17.8344852363,16.738851331,16.8301541564,2057100,0.0,1.0
462,1998-10-30T00:00:00.000Z,23.0,23.38,22.5,23.25,840000,17.4997082097,17.7888338236,17.1192797703,17.6899224294,840000,0.0,1.0
463,1998-11-02T00:00:00.000Z,24.0,24.0,23.0,23.25,896600,18.2605650884,18.2605650884,17.4997082097,17.6899224294,896600,0.0,1.0
464,1998-11-03T00:00:00.000Z,24.06,24.88,23.75,24.0,1615400,18.3062165011,18.9301191416,18.0703508687,18.2605650884,1615400,0.0,1.0
465,1998-11-04T00:00:00.000Z,23.31,24.5,23.0,24.5,1000800,17.7355738421,18.6409935277,17.4997082097,18.6409935277,1000800,0.0,1.0
466,1998-11-05T00:00:00.000Z,23.88,23.88,22.69,23.25,1316400,18.1692622629,18.1692622629,17.2638425773,17.6899224294,1316400,0.0,1.0
467,1998-11-06T00:00:00.000Z,24.12,24.25,23.25,23.88,1159800,18.3518679138,18.450779308,17.6899224294,18.1692622629,1159800,0.0,1.0
468,1998-11-09T00:00:00.000Z,24.44,24.62,24.0,24.12,705600,18.595342115,18.7322963532,18.2605650884,18.3518679138,705600,0.0,1.0
469,1998-11-10T00:00:00.000Z,24.44,25.0,24.25,24.5,525000,18.595342115,19.021421967,18.450779308,18.6409935277,525000,0.0,1.0
470,1998-11-11T00:00:00.000Z,23.88,24.88,23.62,24.88,784200,18.1692622629,18.9301191416,17.9714394745,18.9301191416,784200,0.0,1.0
471,1998-11-12T00:00:00.000Z,24.12,24.56,23.0,23.0,502200,18.3518679138,18.6866449404,17.4997082097,17.4997082097,502200,0.0,1.0
472,1998-11-13T00:00:00.000Z,24.19,24.5,23.62,24.0,275500,18.4051278953,18.6409935277,17.9714394745,18.2605650884,275500,0.0,1.0
473,1998-11-16T00:00:00.000Z,24.56,25.12,23.75,24.25,476500,18.6866449404,19.1127247925,18.0703508687,18.450779308,476500,0.0,1.0
474,1998-11-17T00:00:00.000Z,25.81,25.81,24.25,25.12,555900,19.6377160388,19.6377160388,18.450779308,19.1127247925,555900,0.0,1.0
475,1998-11-18T00:00:00.000Z,26.25,26.25,25.38,25.88,581900,19.9724930654,19.9724930654,19.3105475809,19.6909760203,581900,0.0,1.0
476,1998-11-19T00:00:00.000Z,26.94,27.06,25.75,26.25,357700,20.4974843117,20.5887871371,19.5920646261,19.9724930654,357700,0.0,1.0
477,1998-11-20T00:00:00.000Z,27.12,27.75,26.75,26.75,396500,20.6344385499,21.1137783834,20.3529215047,20.3529215047,396500,0.0,1.0
478,1998-11-23T00:00:00.000Z,26.0,27.5,25.5,27.38,858600,19.7822788457,20.9235641638,19.4018504064,20.8322613383,858600,0.0,1.0
479,1998-11-24T00:00:00.000Z,25.56,26.75,25.5,26.62,446100,19.4475018191,20.3529215047,19.4018504064,20.2540101105,446100,0.0,1.0
480,1998-11-25T00:00:00.000Z,25.75,25.88,24.69,25.5,500100,19.5920646261,19.6909760203,18.7855563347,19.4018504064,500100,0.0,1.0
481,1998-11-27T00:00:00.000Z,26.38,26.38,25.62,25.75,148800,20.0714044596,20.0714044596,19.4931532318,19.5920646261,148800,0.0,1.0
482,1998-11-30T00:00:00.000Z,26.81,28.5,26.0,26.0,516100,20.3985729175,21.6844210424,19.7822788457,19.7822788457,516100,0.0,1.0
483,1998-12-01T00:00:00.000Z,27.88,27.88,26.62,26.81,185600,21.2126897777,21.2126897777,20.2540101105,20.3985729175,185600,0.0,1.0
484,1998-12-02T00:00:00.000Z,26.19,27.88,26.19,27.88,270600,19.9268416527,21.2126897777,19.9268416527,21.2126897777,270600,0.0,1.0
485,1998-12-03T00:00:00.000Z,26.0,26.44,25.94,26.25,135600,19.7822788457,20.1170558724,19.736627433,19.9724930654,135600,0.0,1.0
486,1998-12-04T00:00:00.000Z,25.12,26.25,24.75,26.12,290300,19.1127247925,19.9724930654,18.8312077474,19.8735816712,290300,0.0,1.0
487,1998-12-07T00:00:00.000Z,25.62,25.62,25.0,25.12,245200,19.4931532318,19.4931532318,19.021421967,19.1127247925,245200,0.0,1.0
488,1998-12-08T00:00:00.000Z,26.81,27.0,25.62,25.62,276200,20.3985729175,20.5431357244,19.4931532318,19.4931532318,276200,0.0,1.0
489,1998-12-09T00:00:00.000Z,27.06,27.25,26.19,26.56,219900,20.5887871371,20.7333499441,19.9268416527,20.2083586978,219900,0.0,1.0
490,1998-12-10T00:00:00.000Z,27.19,27.56,26.81,27.25,287300,20.6876985314,20.9692155765,20.3985729175,20.7333499441,287300,0.0,1.0
491,1998-12-11T00:00:00.000Z,25.94,27.06,25.88,27.06,225200,19.736627433,20.5887871371,19.6909760203,20.5887871371,225200,0.0,1.0
492,1998-12-14T00:00:00.000Z,26.88,26.88,25.62,25.81,316400,20.451832899,20.451832899,19.4931532318,19.6377160388,316400,0.0,1.0
493,1998-12-15T00:00:00.000Z,27.44,27.69,26.75,26.75,426500,20.877912751,21.0681269707,20.3529215047,20.3529215047,426500,0.0,1.0
494,1998-12-16T00:00:00.000Z,26.69,27.5,26.62,27.44,191300,20.307270092,20.9235641638,20.2540101105,20.877912751,191300,0.0,1.0
495,1998-12-17T00:00:00.000Z,26.94,27.19,26.62,26.75,213000,20.4974843117,20.6876985314,20.2540101105,20.3529215047,213000,0.0,1.0
496,1998-12-18T00:00:00.000Z,26.75,27.62,26.5,27.0,286100,20.3529215047,21.0148669892,20.1627072851,20.5431357244,286100,0.0,1.0
497,1998-12-21T00:00:00.000Z,27.31,27.44,26.88,27.0,147300,20.7790013568,20.877912751,20.451832899,20.5431357244,147300,0.0,1.0
498,1998-12-22T00:00:00.000Z,27.25,27.62,27.0,27.56,107200,20.7333499441,21.0148669892,20.5431357244,20.9692155765,107200,0.0,1.0
499,1998-12-23T00:00:00.000Z,27.81,28.0,26.5,27.25,247700,21.1594297961,21.3039926031,20.1627072851,20.7333499441,247700,0.0,1.0
500,1998-12-24T00:00:00.000Z,28.5,28.5,27.62,27.81,164100,21.6844210424,21.6844210424,21.0148669892,21.1594297961,164100,0.0,1.0
501,1998-12-28T00:00:00.000Z,28.94,28.94,28.38,28.62,166500,22.0191980691,22.0191980691,21.593118217,21.7757238679,166500,0.0,1.0
502,1998-12-29T00:00:00.000Z,27.81,29.0,27.5,28.94,269100,21.1594297961,22.0648494818,20.9235641638,22.0191980691,269100,0.0,1.0
503,1998-12-30T00:00:00.000Z,28.31,28.31,27.88,27.94,67500,21.5398582355,21.5398582355,21.2126897777,21.2583411904,67500,0.0,1.0
504,1998-12-31T00:00:00.000Z,28.44,28.44,28.12,28.31,133500,21.6387696297,21.6387696297,21.3952954285,21.5398582355,133500,0.0,1.0
505,1999-01-04T00:00:00.000Z,29.5,30.5,28.56,28.62,371300,22.4452779211,23.2061347998,21.7300724552,21.7757238679,371300,0.0,1.0
506,1999-01-05T00:00:00.000Z,28.88,29.44,28.75,29.38,223000,21.9735466563,22.3996265084,21.8746352621,22.3539750957,223000,0.0,1.0
507,1999-01-06T00:00:00.000Z,27.94,28.88,27.88,28.81,313400,21.2583411904,21.9735466563,21.2126897777,21.9202866748,313400,0.0,1.0
508,1999-01-07T00:00:00.000Z,27.44,27.62,26.25,26.25,615000,20.877912751,21.0148669892,19.9724930654,19.9724930654,615000,0.0,1.0
509,1999-01-08T00:00:00.000Z,28.31,28.5,27.38,27.38,314100,21.5398582355,21.6844210424,20.8322613383,20.8322613383,314100,0.0,1.0
510,1999-01-11T00:00:00.000Z,27.0,28.38,26.81,28.38,342200,20.5431357244,21.593118217,20.3985729175,21.593118217,342200,0.0,1.0
511,1999-01-12T00:00:00.000Z,26.88,27.38,26.81,27.0,241800,20.451832899,20.8322613383,20.3985729175,20.5431357244,241800,0.0,1.0
512,1999-01-13T00:00:00.000Z,28.38,28.38,25.62,26.62,405100,21.593118217,21.593118217,19.4931532318,20.2540101105,405100,0.0,1.0
513,1999-01-14T00:00:00.000Z,28.69,29.0,28.12,28.5,278200,21.8289838494,22.0648494818,21.3952954285,21.6844210424,278200,0.0,1.0
514,1999-01-15T00:00:00.000Z,29.94,30.5,28.88,28.88,322400,22.7800549477,23.2061347998,21.9735466563,21.9735466563,322400,0.0,1.0
515,1999-01-19T00:00:00.000Z,31.06,32.06,29.94,29.94,740600,23.6322146519,24.3930715305,22.7800549477,22.7800549477,740600,0.0,1.0
516,1999-01-20T00:00:00.000Z,30.94,31.62,30.75,31.06,540400,23.5409118264,24.0582945039,23.3963490195,23.6322146519,540400,0.0,1.0
517,1999-01-21T00:00:00.000Z,30.5,30.88,29.88,30.88,729700,23.2061347998,23.4952604137,22.734403535,23.4952604137,729700,0.0,1.0
518,1999-01-22T00:00:00.000Z,30.69,30.94,30.25,30.5,251900,23.3506976067,23.5409118264,23.0159205801,23.2061347998,251900,0.0,1.0
519,1999-01-25T00:00:00.000Z,30.0,30.81,29.81,30.81,307100,22.8257063605,23.4420004322,22.6811435535,23.4420004322,307100,0.0,1.0
520,1999-01-26T00:00:00.000Z,29.25,29.94,28.88,29.88,456000,22.2550637014,22.7800549477,21.9735466563,22.734403535,456000,0.0,1.0
521,1999-01-27T00:00:00.000Z,29.62,31.5,29.19,29.5,1114400,22.5365807466,23.9669916785,22.2094122887,22.4452779211,1114400,0.0,1.0
522,1999-01-28T00:00:00.000Z,29.75,30.0,29.62,29.62,379300,22.6354921408,22.8257063605,22.5365807466,22.5365807466,379300,0.0,1.0
523,1999-01-29T00:00:00.000Z,30.12,30.5,29.75,29.81,529300,22.9170091859,23.2061347998,22.6354921408,22.6811435535,529300,0.0,1.0
524,1999-02-01T00:00:00.000Z,30.06,30.75,30.0,30.38,261300,22.8713577732,23.3963490195,22.8257063605,23.1148319744,261300,0.0,1.0
525,1999-02-02T00:00:00.000Z,30.5,30.5,29.56,29.56,323500,23.2061347998,23.2061347998,22.4909293338,22.4909293338,323500,0.0,1.0
526,1999-02-03T00:00:00.000Z,31.25,31.25,30.31,30.88,262400,23.7767774588,23.7767774588,23.0615719929,23.4952604137,262400,0.0,1.0
527,1999-02-04T00:00:00.000Z,30.81,31.19,30.81,31.12,116700,23.4420004322,23.7311260461,23.4420004322,23.6778660646,116700,0.0,1.0
528,1999-02-05T00:00:00.000Z,30.94,31.06,30.62,30.88,181700,23.5409118264,23.6322146519,23.2974376252,23.4952604137,181700,0.0,1.0
529,1999-02-08T00:00:00.000Z,32.25,32.5,31.12,31.12,471800,24.5376343375,24.7278485572,23.6778660646,23.6778660646,471800,0.0,1.0
530,1999-02-09T00:00:00.000Z,31.06,32.38,31.0,32.12,244800,23.6322146519,24.6365457317,23.5865632391,24.4387229433,244800,0.0,1.0
531,1999-02-10T00:00:00.000Z,31.12,31.56,30.75,31.19,231900,23.6778660646,24.0126430912,23.3963490195,23.7311260461,231900,0.0,1.0
532,1999-02-11T00:00:00.000Z,30.94,31.25,30.69,31.12,261200,23.5409118264,23.7767774588,23.3506976067,23.6778660646,261200,0.0,1.0
533,1999-02-12T00:00:00.000Z,30.06,31.38,30.06,31.31,231200,22.8713577732,23.875688853,22.8713577732,23.8224288715,231200,0.0,1.0
534,1999-02-16T00:00:00.000Z,30.38,31.44,30.25,30.25,307700,23.1148319744,23.9213402658,23.0159205801,23.0159205801,307700,0.0,1.0
535,1999-02-17T00:00:00.000Z,30.0,30.81,29.81,30.31,354000,22.8257063605,23.4420004322,22.6811435535,23.0615719929,354000,0.0,1.0
536,1999-02-18T00:00:00.000Z,31.31,31.5,30.31,30.38,308900,23.8224288715,23.9669916785,23.0615719929,23.1148319744,308900,0.0,1.0
537,1999-02-19T00:00:00.000Z,32.44,32.44,31.62,31.75,217500,24.6821971444,24.6821971444,24.0582945039,24.1572058982,217500,0.0,1.0
538,1999-02-22T00:00:00.000Z,33.0,33.25,32.5,32.62,402600,25.1082769965,25.2984912162,24.7278485572,24.8191513826,402600,0.0,1.0
539,1999-02-23T00:00:00.000Z,33.31,34.0,33.12,33.25,318800,25.3441426289,25.8691338752,25.1995798219,25.2984912162,318800,0.0,1.0
540,1999-02-24T00:00:00.000Z,33.06,33.75,33.0,33.25,309200,25.1539284092,25.6789196555,25.1082769965,25.2984912162,309200,0.0,1.0
541,1999-02-25T00:00:00.000Z,33.12,33.19,32.19,33.19,344000,25.1995798219,25.2528398035,24.4919829248,25.2528398035,344000,0.0,1.0
542,1999-02-26T00:00:00.000Z,32.88,33.62,32.81,33.0,266900,25.0169741711,25.5800082613,24.9637141896,25.1082769965,266900,0.0,1.0
543,1999-03-01T00:00:00.000Z,32.38,33.25,32.0,32.75,324300,24.6365457317,25.2984912162,24.3474201178,24.9180627768,324300,0.0,1.0
544,1999-03-02T00:00:00.000Z,33.81,33.94,32.5,32.62,521100,25.7245710682,25.8234824625,24.7278485572,24.8191513826,521100,0.0,1.0
545,1999-03-03T00:00:00.000Z,33.5,34.12,33.5,33.69,485100,25.4887054358,25.9604367006,25.4887054358,25.6332682428,485100,0.0,1.0
546,1999-03-04T00:00:00.000Z,34.19,34.38,33.5,33.5,642100,26.0136966821,26.1582594891,25.4887054358,25.4887054358,642100,0.0,1.0
547,1999-03-05T00:00:00.000Z,34.38,34.44,34.19,34.25,318000,26.1582594891,26.2039109018,26.0136966821,26.0593480949,318000,0.0,1.0
548,1999-03-08T00:00:00.000Z,34.81,35.06,34.0,34.25,439700,26.4854279469,26.6756421666,25.8691338752,26.0593480949,439700,0.0,1.0
549,1999-03-09T00:00:00.000Z,34.56,35.0,33.5,34.0,781600,26.2952137272,26.6299907539,25.4887054358,25.8691338752,781600,0.0,1.0
550,1999-03-10T00:00:00.000Z,32.44,34.56,31.88,34.5,566700,24.6821971444,26.2952137272,24.2561172924,26.2495623145,566700,0.0,1.0
551,1999-03-11T00:00:00.000Z,32.44,33.12,32.25,32.62,363200,24.6821971444,25.1995798219,24.5376343375,24.8191513826,363200,0.0,1.0
552,1999-03-12T00:00:00.000Z,32.12,32.5,32.0,32.38,377500,24.4387229433,24.7278485572,24.3474201178,24.6365457317,377500,0.0,1.0
553,1999-03-15T00:00:00.000Z,31.88,32.31,31.5,32.0,546700,24.2561172924,24.5832857502,23.9669916785,24.3474201178,546700,0.0,1.0
554,1999-03-16T00:00:00.000Z,31.69,32.0,31.5,31.88,372000,24.1115544854,24.3474201178,23.9669916785,24.2561172924,372000,0.0,1.0
555,1999-03-17T00:00:00.000Z,30.44,31.69,30.38,31.62,456000,23.1604833871,24.1115544854,23.1148319744,24.0582945039,456000,0.0,1.0
556,1999-03-18T00:00:00.000Z,29.88,30.44,29.44,30.44,639600,22.734403535,23.1604833871,22.3996265084,23.1604833871,639600,0.0,1.0
557,1999-03-19T00:00:00.000Z,29.38,30.19,29.38,30.0,317600,22.3539750957,22.9702691674,22.3539750957,22.8257063605,317600,0.0,1.0
558,1999-03-22T00:00:00.000Z,26.88,29.19,25.25,29.19,1440100,20.451832899,22.2094122887,19.2116361867,22.2094122887,1440100,0.0,1.0
559,1999-03-23T00:00:00.000Z,27.19,27.88,26.38,27.0,1651600,20.6876985314,21.2126897777,20.0714044596,20.5431357244,1651600,0.0,1.0
560,1999-03-24T00:00:00.000Z,26.94,27.5,25.75,27.5,743100,20.4974843117,20.9235641638,19.5920646261,20.9235641638,743100,0.0,1.0
561,1999-03-25T00:00:00.000Z,26.88,27.12,26.62,27.0,699700,20.451832899,20.6344385499,20.2540101105,20.5431357244,699700,0.0,1.0
562,1999-03-26T00:00:00.000Z,28.38,28.75,26.88,27.0,881900,21.593118217,21.8746352621,20.451832899,20.5431357244,881900,0.0,1.0
563,1999-03-29T00:00:00.000Z,28.06,28.56,28.0,28.38,470700,21.3496440158,21.7300724552,21.3039926031,21.593118217,470700,0.0,1.0
564,1999-03-30T00:00:00.000Z,27.38,28.38,27.38,28.12,301100,20.8322613383,21.593118217,20.8322613383,21.3952954285,301100,0.0,1.0
565,1999-03-31T00:00:00.000Z,26.62,27.44,25.0,27.44,1000700,20.2540101105,20.877912751,19.021421967,20.877912751,1000700,0.0,1.0
566,1999-04-01T00:00:00.000Z,26.62,27.75,26.5,27.62,414400,20.2540101105,21.1137783834,20.1627072851,21.0148669892,414400,0.0,1.0
567,1999-04-05T00:00:00.000Z,26.81,27.12,25.88,26.62,262300,20.3985729175,20.6344385499,19.6909760203,20.2540101105,262300,0.0,1.0
568,1999-04-06T00:00:00.000Z,26.44,27.12,26.19,27.0,390900,20.1170558724,20.6344385499,19.9268416527,20.5431357244,390900,0.0,1.0
569,1999-04-07T00:00:00.000Z,26.62,26.69,26.25,26.56,184400,20.2540101105,20.307270092,19.9724930654,20.2083586978,184400,0.0,1.0
570,1999-04-08T00:00:00.000Z,26.0,26.75,25.75,26.75,308000,19.7822788457,20.3529215047,19.5920646261,20.3529215047,308000,0.0,1.0
571,1999-04-09T00:00:00.000Z,24.44,26.12,23.5,26.12,802700,18.595342115,19.8735816712,17.880136649,19.8735816712,802700,0.0,1.0
572,1999-04-12T00:00:00.000Z,23.19,24.44,22.62,24.44,591300,17.6442710166,18.595342115,17.2105825958,18.595342115,591300,0.0,1.0
573,1999-04-13T00:00:00.000Z,24.38,25.0,23.31,23.38,806300,18.5496907023,19.021421967,17.7355738421,17.7888338236,806300,0.0,1.0
574,1999-04-14T00:00:00.000Z,24.62,24.81,23.88,24.62,390500,18.7322963532,18.8768591601,18.1692622629,18.7322963532,390500,0.0,1.0
575,1999-04-15T00:00:00.000Z,25.69,25.69,24.0,24.62,442000,19.5464132133,19.5464132133,18.2605650884,18.7322963532,442000,0.0,1.0
576,1999-04-16T00:00:00.000Z,26.31,26.44,25.62,25.88,380300,20.0181444781,20.1170558724,19.4931532318,19.6909760203,380300,0.0,1.0
577,1999-04-19T00:00:00.000Z,25.5,27.62,25.06,26.81,263300,19.4018504064,21.0148669892,19.0670733798,20.3985729175,263300,0.0,1.0
578,1999-04-20T00:00:00.000Z,25.69,25.81,24.62,25.5,180600,19.5464132133,19.6377160388,18.7322963532,19.4018504064,180600,0.0,1.0
579,1999-04-21T00:00:00.000Z,26.69,26.81,25.62,25.69,199700,20.307270092,20.3985729175,19.4931532318,19.5464132133,199700,0.0,1.0
580,1999-04-22T00:00:00.000Z,27.94,28.44,27.19,27.5,309400,21.2583411904,21.6387696297,20.6876985314,20.9235641638,309400,0.0,1.0
581,1999-04-23T00:00:00.000Z,26.25,27.94,26.06,27.94,311100,19.9724930654,21.2583411904,19.8279302585,21.2583411904,311100,0.0,1.0
582,1999-04-26T00:00:00.000Z,24.62,26.75,24.62,26.5,403700,18.7322963532,20.3529215047,18.7322963532,20.1627072851,403700,0.0,1.0
583,1999-04-27T00:00:00.000Z,23.88,25.0,23.5,24.81,787800,18.1692622629,19.021421967,17.880136649,18.8768591601,787800,0.0,1.0
584,1999-04-28T00:00:00.000Z,16.12,16.5,15.12,15.75,11521000,12.2650128844,12.5541384983,11.5041560057,11.9834958392,11521000,0.0,1.0
585,1999-04-29T00:00:00.000Z,17.88,17.88,16.62,16.88,3273200,13.6041209908,13.6041209908,12.6454413237,12.8432641122,3273200,0.0,1.0
586,1999-04-30T00:00:00.000Z,17.75,18.62,17.75,18.0,1589700,13.5052095966,14.1671550811,13.5052095966,13.6954238163,1589700,0.0,1.0
587,1999-05-03T00:00:00.000Z,17.94,18.0,17.75,17.88,620100,13.6497724036,13.6954238163,13.5052095966,13.6041209908,620100,0.0,1.0
588,1999-05-04T00:00:00.000Z,17.44,18.06,17.25,18.0,910900,13.2693439642,13.741075229,13.1247811573,13.6954238163,910900,0.0,1.0
589,1999-05-05T00:00:00.000Z,17.0,17.62,16.5,17.25,803200,12.9345669376,13.4062982024,12.5541384983,13.1247811573,803200,0.0,1.0
590,1999-05-06T00:00:00.000Z,18.0,18.0,16.75,16.81,663200,13.6954238163,13.6954238163,12.7443527179,12.7900041306,663200,0.0,1.0
591,1999-05-07T00:00:00.000Z,17.94,18.38,17.81,18.06,562700,13.6497724036,13.9845494302,13.5508610093,13.741075229,562700,0.0,1.0
592,1999-05-10T00:00:00.000Z,17.38,18.12,17.25,18.0,407000,13.2236925515,13.7867266417,13.1247811573,13.6954238163,407000,0.0,1.0
593,1999-05-11T00:00:00.000Z,17.38,17.88,17.38,17.38,584500,13.2236925515,13.6041209908,13.2236925515,13.2236925515,584500,0.0,1.0
594,1999-05-12T00:00:00.000Z,16.5,17.62,16.38,17.56,1256500,12.5541384983,13.4062982024,12.4628356728,13.3606467897,1256500,0.0,1.0
595,1999-05-13T00:00:00.000Z,16.31,16.94,15.81,16.62,1973600,12.4095756913,12.8889155249,12.029147252,12.6454413237,1973600,0.0,1.0
596,1999-05-14T00:00:00.000Z,16.0,16.75,16.0,16.12,839500,12.1737100589,12.7443527179,12.1737100589,12.2650128844,839500,0.0,1.0
597,1999-05-17T00:00:00.000Z,16.12,16.5,16.0,16.19,864300,12.2650128844,12.5541384983,12.1737100589,12.3182728659,864300,0.0,1.0
598,1999-05-18T00:00:00.000Z,16.25,16.75,16.12,16.12,637600,12.3639242786,12.7443527179,12.2650128844,12.2650128844,637600,0.0,1.0
599,1999-05-19T00:00:00.000Z,16.69,16.88,16.31,16.31,676800,12.6987013052,12.8432641122,12.4095756913,12.4095756913,676800,0.0,1.0
600,1999-05-20T00:00:00.000Z,17.25,17.44,16.75,16.88,598000,13.1247811573,13.2693439642,12.7443527179,12.8432641122,598000,0.0,1.0
601,1999-05-21T00:00:00.000Z,17.25,17.5,17.12,17.12,551200,13.1247811573,13.3149953769,13.025869763,13.025869763,551200,0.0,1.0
602,1999-05-24T00:00:00.000Z,17.0,17.5,16.94,17.38,487100,12.9345669376,13.3149953769,12.8889155249,13.2236925515,487100,0.0,1.0
603,1999-05-25T00:00:00.000Z,16.75,17.25,16.38,17.0,457600,12.7443527179,13.1247811573,12.4628356728,12.9345669376,457600,0.0,1.0
604,1999-05-26T00:00:00.000Z,16.88,17.0,16.38,16.88,462000,12.8432641122,12.9345669376,12.4628356728,12.8432641122,462000,0.0,1.0
605,1999-05-27T00:00:00.000Z,16.88,17.0,16.56,16.94,309900,12.8432641122,12.9345669376,12.599789911,12.8889155249,309900,0.0,1.0
606,1999-05-28T00:00:00.000Z,16.56,17.0,16.56,16.88,304300,12.599789911,12.9345669376,12.599789911,12.8432641122,304300,0.0,1.0
607,1999-06-01T00:00:00.000Z,16.44,16.88,16.12,16.62,294000,12.5084870855,12.8432641122,12.2650128844,12.6454413237,294000,0.0,1.0
608,1999-06-02T00:00:00.000Z,16.25,16.69,16.06,16.5,213500,12.3639242786,12.6987013052,12.2193614716,12.5541384983,213500,0.0,1.0
609,1999-06-03T00:00:00.000Z,16.56,16.62,16.0,16.25,643500,12.599789911,12.6454413237,12.1737100589,12.3639242786,643500,0.0,1.0
610,1999-06-04T00:00:00.000Z,16.31,16.75,16.06,16.56,355000,12.4095756913,12.7443527179,12.2193614716,12.599789911,355000,0.0,1.0
611,1999-06-07T00:00:00.000Z,17.25,17.25,16.25,16.38,576400,13.1247811573,13.1247811573,12.3639242786,12.4628356728,576400,0.0,1.0
612,1999-06-08T00:00:00.000Z,16.62,17.12,16.44,17.0,815600,12.6454413237,13.025869763,12.5084870855,12.9345669376,815600,0.0,1.0
613,1999-06-09T00:00:00.000Z,16.75,17.25,16.56,16.69,667100,12.7443527179,13.1247811573,12.599789911,12.6987013052,667100,0.0,1.0
614,1999-06-10T00:00:00.000Z,16.69,17.0,16.56,17.0,340200,12.6987013052,12.9345669376,12.599789911,12.9345669376,340200,0.0,1.0
615,1999-06-11T00:00:00.000Z,16.94,17.0,16.81,16.94,342300,12.8889155249,12.9345669376,12.7900041306,12.8889155249,342300,0.0,1.0
616,1999-06-14T00:00:00.000Z,18.19,18.75,17.0,17.25,1157700,13.8399866232,14.2660664753,12.9345669376,13.1247811573,1157700,0.0,1.0
617,1999-06-15T00:00:00.000Z,17.56,18.44,17.5,18.31,435200,13.3606467897,14.0302008429,13.3149953769,13.9312894487,435200,0.0,1.0
618,1999-06-16T00:00:00.000Z,17.56,18.12,17.56,17.56,416900,13.3606467897,13.7867266417,13.3606467897,13.3606467897,416900,0.0,1.0
619,1999-06-17T00:00:00.000Z,17.31,17.44,16.81,17.25,751800,13.17043257,13.2693439642,12.7900041306,13.1247811573,751800,0.0,1.0
620,1999-06-18T00:00:00.000Z,17.06,17.38,16.69,17.38,650300,12.9802183503,13.2236925515,12.6987013052,13.2236925515,650300,0.0,1.0
621,1999-06-21T00:00:00.000Z,16.94,17.12,16.75,17.0,496400,12.8889155249,13.025869763,12.7443527179,12.9345669376,496400,0.0,1.0
622,1999-06-22T00:00:00.000Z,16.88,16.94,16.0,16.81,786200,12.8432641122,12.8889155249,12.1737100589,12.7900041306,786200,0.0,1.0
623,1999-06-23T00:00:00.000Z,16.62,17.06,16.38,16.94,421600,12.6454413237,12.9802183503,12.4628356728,12.8889155249,421600,0.0,1.0
624,1999-06-24T00:00:00.000Z,16.75,16.94,16.44,16.69,412700,12.7443527179,12.8889155249,12.5084870855,12.6987013052,412700,0.0,1.0
625,1999-06-25T00:00:00.000Z,17.0,17.38,16.75,16.88,436300,12.9345669376,13.2236925515,12.7443527179,12.8432641122,436300,0.0,1.0
626,1999-06-28T00:00:00.000Z,17.81,17.94,17.44,17.44,435800,13.5508610093,13.6497724036,13.2693439642,13.2693439642,435800,0.0,1.0
627,1999-06-29T00:00:00.000Z,18.25,18.31,17.75,17.88,684400,13.8856380359,13.9312894487,13.5052095966,13.6041209908,684400,0.0,1.0
628,1999-06-30T00:00:00.000Z,19.38,19.94,18.38,18.5,1168100,14.7454063089,15.1714861609,13.9845494302,14.0758522556,1168100,0.0,1.0
629,1999-07-01T00:00:00.000Z,19.0,19.38,18.75,19.12,925000,14.456280695,14.7454063089,14.2660664753,14.5475835204,925000,0.0,1.0
630,1999-07-02T00:00:00.000Z,19.69,20.12,18.88,19.12,426300,14.9812719412,15.3084403991,14.3649778695,14.5475835204,426300,0.0,1.0
631,1999-07-06T00:00:00.000Z,19.38,19.75,19.31,19.75,823300,14.7454063089,15.026923354,14.6921463273,15.026923354,823300,0.0,1.0
632,1999-07-07T00:00:00.000Z,19.38,19.5,18.88,19.44,382800,14.7454063089,14.8367091343,14.3649778695,14.7910577216,382800,0.0,1.0
633,1999-07-08T00:00:00.000Z,18.75,19.25,18.62,19.25,347600,14.2660664753,14.6464949146,14.1671550811,14.6464949146,347600,0.0,1.0
634,1999-07-09T00:00:00.000Z,19.19,19.19,18.38,18.62,370900,14.6008435019,14.6008435019,13.9845494302,14.1671550811,370900,0.0,1.0
635,1999-07-12T00:00:00.000Z,19.44,19.94,19.25,19.25,295900,14.7910577216,15.1714861609,14.6464949146,14.6464949146,295900,0.0,1.0
636,1999-07-13T00:00:00.000Z,19.62,19.62,19.12,19.31,270100,14.9280119597,14.9280119597,14.5475835204,14.6921463273,270100,0.0,1.0
637,1999-07-14T00:00:00.000Z,19.12,19.62,19.12,19.62,346300,14.5475835204,14.9280119597,14.5475835204,14.9280119597,346300,0.0,1.0
638,1999-07-15T00:00:00.000Z,19.19,19.44,19.0,19.12,475600,14.6008435019,14.7910577216,14.456280695,14.5475835204,475600,0.0,1.0
639,1999-07-16T00:00:00.000Z,18.94,19.19,18.94,19.12,271100,14.4106292822,14.6008435019,14.4106292822,14.5475835204,271100,0.0,1.0
640,1999-07-19T00:00:00.000Z,18.75,19.0,18.5,18.5,230000,14.2660664753,14.456280695,14.0758522556,14.0758522556,230000,0.0,1.0
641,1999-07-20T00:00:00.000Z,18.31,18.88,18.19,18.56,175800,13.9312894487,14.3649778695,13.8399866232,14.1215036683,175800,0.0,1.0
642,1999-07-21T00:00:00.000Z,18.44,18.69,18.12,18.56,312400,14.0302008429,14.2204150626,13.7867266417,14.1215036683,312400,0.0,1.0
643,1999-07-22T00:00:00.000Z,18.38,18.75,18.19,18.56,286900,13.9845494302,14.2660664753,13.8399866232,14.1215036683,286900,0.0,1.0
644,1999-07-23T00:00:00.000Z,17.94,18.75,17.88,18.44,196600,13.6497724036,14.2660664753,13.6041209908,14.0302008429,196600,0.0,1.0
645,1999-07-26T00:00:00.000Z,17.94,18.12,17.75,17.88,210800,13.6497724036,13.7867266417,13.5052095966,13.6041209908,210800,0.0,1.0
646,1999-07-27T00:00:00.000Z,16.75,18.0,16.75,17.94,493300,12.7443527179,13.6954238163,12.7443527179,13.6497724036,493300,0.0,1.0
647,1999-07-28T00:00:00.000Z,16.81,17.06,16.62,16.75,588200,12.7900041306,12.9802183503,12.6454413237,12.7443527179,588200,0.0,1.0
648,1999-07-29T00:00:00.000Z,16.12,16.69,15.81,16.69,680600,12.2650128844,12.6987013052,12.029147252,12.6987013052,680600,0.0,1.0
649,1999-07-30T00:00:00.000Z,13.44,16.0,12.94,16.0,6142000,10.2259164495,12.1737100589,9.8454880101,12.1737100589,6142000,0.0,1.0
650,1999-08-02T00:00:00.000Z,13.81,14.5,13.06,13.44,1423300,10.5074334946,11.0324247409,9.9367908356,10.2259164495,1423300,0.0,1.0
651,1999-08-03T00:00:00.000Z,13.75,13.94,13.38,13.94,637600,10.4617820819,10.6063448888,10.1802650368,10.6063448888,637600,0.0,1.0
652,1999-08-04T00:00:00.000Z,13.06,13.69,13.06,13.62,528300,9.9367908356,10.4161306692,9.9367908356,10.3628706876,528300,0.0,1.0
653,1999-08-05T00:00:00.000Z,12.81,13.19,12.62,13.19,515900,9.7465766159,10.0357022298,9.602013809,10.0357022298,515900,0.0,1.0
654,1999-08-06T00:00:00.000Z,12.69,12.88,12.56,12.75,326700,9.6552737905,9.7998365974,9.5563623962,9.7009252032,326700,0.0,1.0
655,1999-08-09T00:00:00.000Z,12.75,12.81,12.56,12.69,791900,9.7009252032,9.7465766159,9.5563623962,9.6552737905,791900,0.0,1.0
656,1999-08-10T00:00:00.000Z,12.38,12.75,12.31,12.75,483900,9.4194081581,9.7009252032,9.3661481766,9.7009252032,483900,0.0,1.0
657,1999-08-11T00:00:00.000Z,12.19,12.38,12.0,12.19,602700,9.2748453511,9.4194081581,9.1302825442,9.2748453511,602700,0.0,1.0
658,1999-08-12T00:00:00.000Z,12.25,12.69,12.12,12.19,562000,9.3204967639,9.6552737905,9.2215853696,9.2748453511,562000,0.0,1.0
659,1999-08-13T00:00:00.000Z,12.62,13.0,12.31,12.38,555900,9.602013809,9.8911394229,9.3661481766,9.4194081581,555900,0.0,1.0
660,1999-08-16T00:00:00.000Z,12.62,12.88,12.56,12.75,230300,9.602013809,9.7998365974,9.5563623962,9.7009252032,230300,0.0,1.0
661,1999-08-17T00:00:00.000Z,12.56,13.0,12.5,12.75,497700,9.5563623962,9.8911394229,9.5107109835,9.7009252032,497700,0.0,1.0
662,1999-08-18T00:00:00.000Z,12.62,12.81,12.56,12.69,190900,9.602013809,9.7465766159,9.5563623962,9.6552737905,190900,0.0,1.0
663,1999-08-19T00:00:00.000Z,12.56,12.62,12.38,12.56,170000,9.5563623962,9.602013809,9.4194081581,9.5563623962,170000,0.0,1.0
664,1999-08-20T00:00:00.000Z,12.81,12.81,12.5,12.5,207500,9.7465766159,9.7465766159,9.5107109835,9.5107109835,207500,0.0,1.0
665,1999-08-23T00:00:00.000Z,13.0,13.19,12.81,12.88,200800,9.8911394229,10.0357022298,9.7465766159,9.7998365974,200800,0.0,1.0
666,1999-08-24T00:00:00.000Z,13.44,13.69,12.81,12.88,351400,10.2259164495,10.4161306692,9.7465766159,9.7998365974,351400,0.0,1.0
667,1999-08-25T00:00:00.000Z,14.06,14.12,13.5,13.69,503500,10.6976477143,10.743299127,10.2715678622,10.4161306692,503500,0.0,1.0
668,1999-08-26T00:00:00.000Z,13.62,14.12,13.38,14.12,351100,10.3628706876,10.743299127,10.1802650368,10.743299127,351100,0.0,1.0
669,1999-08-27T00:00:00.000Z,13.5,13.94,13.5,13.94,212700,10.2715678622,10.6063448888,10.2715678622,10.6063448888,212700,0.0,1.0
670,1999-08-30T00:00:00.000Z,13.25,13.56,13.25,13.56,287700,10.0813536425,10.3172192749,10.0813536425,10.3172192749,287700,0.0,1.0
671,1999-08-31T00:00:00.000Z,12.56,13.31,12.5,13.31,334300,9.5563623962,10.1270050553,9.5107109835,10.1270050553,334300,0.0,1.0
672,1999-09-01T00:00:00.000Z,12.62,12.88,12.44,12.44,703800,9.602013809,9.7998365974,9.4650595708,9.4650595708,703800,0.0,1.0
673,1999-09-02T00:00:00.000Z,12.62,12.88,12.44,12.69,226300,9.602013809,9.7998365974,9.4650595708,9.6552737905,226300,0.0,1.0
674,1999-09-03T00:00:00.000Z,12.62,12.75,12.44,12.69,164100,9.602013809,9.7009252032,9.4650595708,9.6552737905,164100,0.0,1.0
675,1999-09-07T00:00:00.000Z,12.5,12.69,12.38,12.56,217500,9.5107109835,9.6552737905,9.4194081581,9.5563623962,217500,0.0,1.0
676,1999-09-08T00:00:00.000Z,12.5,12.56,12.25,12.25,265400,9.5107109835,9.5563623962,9.3204967639,9.3204967639,265400,0.0,1.0
677,1999-09-09T00:00:00.000Z,13.56,13.94,12.38,12.38,573500,10.3172192749,10.6063448888,9.4194081581,9.4194081581,573500,0.0,1.0
678,1999-09-10T00:00:00.000Z,14.0,14.38,13.56,13.88,446300,10.6519963015,10.9411219154,10.3172192749,10.5606934761,446300,0.0,1.0
679,1999-09-13T00:00:00.000Z,13.94,14.5,13.94,14.12,552000,10.6063448888,11.0324247409,10.6063448888,10.743299127,552000,0.0,1.0
680,1999-09-14T00:00:00.000Z,13.62,14.0,13.56,13.81,183600,10.3628706876,10.6519963015,10.3172192749,10.5074334946,183600,0.0,1.0
681,1999-09-15T00:00:00.000Z,13.0,13.75,13.0,13.62,359100,9.8911394229,10.4617820819,9.8911394229,10.3628706876,359100,0.0,1.0
682,1999-09-16T00:00:00.000Z,12.88,13.38,12.75,13.0,154400,9.7998365974,10.1802650368,9.7009252032,9.8911394229,154400,0.0,1.0
683,1999-09-17T00:00:00.000Z,12.88,13.12,12.81,12.94,203400,9.7998365974,9.9824422483,9.7465766159,9.8454880101,203400,0.0,1.0
684,1999-09-20T00:00:00.000Z,12.75,12.94,12.5,12.88,245400,9.7009252032,9.8454880101,9.5107109835,9.7998365974,245400,0.0,1.0
685,1999-09-21T00:00:00.000Z,12.81,13.06,12.81,13.0,153900,9.7465766159,9.9367908356,9.7465766159,9.8911394229,153900,0.0,1.0
686,1999-09-22T00:00:00.000Z,12.56,12.94,12.5,12.88,246900,9.5563623962,9.8454880101,9.5107109835,9.7998365974,246900,0.0,1.0
687,1999-09-23T00:00:00.000Z,12.12,12.75,11.94,12.56,496000,9.2215853696,9.7009252032,9.0846311315,9.5563623962,496000,0.0,1.0
688,1999-09-24T00:00:00.000Z,12.19,12.5,12.06,12.06,267300,9.2748453511,9.5107109835,9.1759339569,9.1759339569,267300,0.0,1.0
689,1999-09-27T00:00:00.000Z,11.62,12.12,11.62,12.06,393400,8.8411569303,9.2215853696,8.8411569303,9.1759339569,393400,0.0,1.0
690,1999-09-28T00:00:00.000Z,11.69,11.88,11.5,11.75,285800,8.8944169118,9.0389797187,8.7498541048,8.9400683245,285800,0.0,1.0
691,1999-09-29T00:00:00.000Z,12.62,12.88,11.75,11.75,373400,9.602013809,9.7998365974,8.9400683245,8.9400683245,373400,0.0,1.0
692,1999-09-30T00:00:00.000Z,13.75,13.88,12.5,12.69,462400,10.4617820819,10.5606934761,9.5107109835,9.6552737905,462400,0.0,1.0
693,1999-10-01T00:00:00.000Z,12.75,13.5,12.62,13.5,191500,9.7009252032,10.2715678622,9.602013809,10.2715678622,191500,0.0,1.0
694,1999-10-04T00:00:00.000Z,12.25,12.75,12.06,12.69,255800,9.3204967639,9.7009252032,9.1759339569,9.6552737905,255800,0.0,1.0
695,1999-10-05T00:00:00.000Z,13.0,13.25,12.31,12.31,465900,9.8911394229,10.0813536425,9.3661481766,9.3661481766,465900,0.0,1.0
696,1999-10-06T00:00:00.000Z,12.62,13.0,12.62,12.94,232300,9.602013809,9.8911394229,9.602013809,9.8454880101,232300,0.0,1.0
697,1999-10-07T00:00:00.000Z,12.81,13.06,12.62,12.62,134900,9.7465766159,9.9367908356,9.602013809,9.602013809,134900,0.0,1.0
698,1999-10-08T00:00:00.000Z,12.88,13.06,12.69,12.75,378800,9.7998365974,9.9367908356,9.6552737905,9.7009252032,378800,0.0,1.0
699,1999-10-11T00:00:00.000Z,12.88,13.25,12.75,12.88,150500,9.7998365974,10.0813536425,9.7009252032,9.7998365974,150500,0.0,1.0
700,1999-10-12T00:00:00.000Z,12.56,12.94,12.5,12.94,159400,9.5563623962,9.8454880101,9.5107109835,9.8454880101,159400,0.0,1.0
701,1999-10-13T00:00:00.000Z,12.06,12.75,12.0,12.69,277800,9.1759339569,9.7009252032,9.1302825442,9.6552737905,277800,0.0,1.0
702,1999-10-14T00:00:00.000Z,12.06,12.62,12.06,12.19,242200,9.1759339569,9.602013809,9.1759339569,9.2748453511,242200,0.0,1.0
703,1999-10-15T00:00:00.000Z,12.06,12.38,12.0,12.31,141700,9.1759339569,9.4194081581,9.1302825442,9.3661481766,141700,0.0,1.0
704,1999-10-18T00:00:00.000Z,12.0,12.12,11.62,12.0,185100,9.1302825442,9.2215853696,8.8411569303,9.1302825442,185100,0.0,1.0
705,1999-10-19T00:00:00.000Z,12.12,12.25,11.69,12.0,262700,9.2215853696,9.3204967639,8.8944169118,9.1302825442,262700,0.0,1.0
706,1999-10-20T00:00:00.000Z,12.88,13.19,12.06,12.19,522800,9.7998365974,10.0357022298,9.1759339569,9.2748453511,522800,0.0,1.0
707,1999-10-21T00:00:00.000Z,12.38,13.81,12.25,12.81,1182900,9.4194081581,10.5074334946,9.3204967639,9.7465766159,1182900,0.0,1.0
708,1999-10-22T00:00:00.000Z,12.0,12.44,11.81,12.44,501400,9.1302825442,9.4650595708,8.9857197372,9.4650595708,501400,0.0,1.0
709,1999-10-25T00:00:00.000Z,11.88,12.12,11.56,12.0,239700,9.0389797187,9.2215853696,8.7955055176,9.1302825442,239700,0.0,1.0
710,1999-10-26T00:00:00.000Z,11.38,11.88,11.0,11.88,339900,8.6585512794,9.0389797187,8.3694256655,9.0389797187,339900,0.0,1.0
711,1999-10-27T00:00:00.000Z,12.62,12.62,11.5,11.5,523400,9.602013809,9.602013809,8.7498541048,8.7498541048,523400,0.0,1.0
712,1999-10-28T00:00:00.000Z,13.12,13.25,12.44,12.75,452100,9.9824422483,10.0813536425,9.4650595708,9.7009252032,452100,0.0,1.0
713,1999-10-29T00:00:00.000Z,13.31,13.5,13.19,13.19,349200,10.1270050553,10.2715678622,10.0357022298,10.0357022298,349200,0.0,1.0
714,1999-11-01T00:00:00.000Z,13.44,13.62,12.88,13.19,250500,10.2259164495,10.3628706876,9.7998365974,10.0357022298,250500,0.0,1.0
715,1999-11-02T00:00:00.000Z,13.19,14.06,13.12,13.38,475500,10.0357022298,10.6976477143,9.9824422483,10.1802650368,475500,0.0,1.0
716,1999-11-03T00:00:00.000Z,13.44,14.0,13.12,13.31,570700,10.2259164495,10.6519963015,9.9824422483,10.1270050553,570700,0.0,1.0
717,1999-11-04T00:00:00.000Z,13.88,13.88,13.25,13.5,526700,10.5606934761,10.5606934761,10.0813536425,10.2715678622,526700,0.0,1.0
718,1999-11-05T00:00:00.000Z,14.5,14.5,13.75,14.0,455500,11.0324247409,11.0324247409,10.4617820819,10.6519963015,455500,0.0,1.0
719,1999-11-08T00:00:00.000Z,14.06,14.5,14.0,14.38,143800,10.6976477143,11.0324247409,10.6519963015,10.9411219154,143800,0.0,1.0
720,1999-11-09T00:00:00.000Z,14.62,14.81,13.5,14.0,349800,11.1237275663,11.2682903733,10.2715678622,10.6519963015,349800,0.0,1.0
721,1999-11-10T00:00:00.000Z,14.0,14.62,13.81,14.56,196800,10.6519963015,11.1237275663,10.5074334946,11.0780761536,196800,0.0,1.0
722,1999-11-11T00:00:00.000Z,14.06,14.38,13.88,13.88,137700,10.6976477143,10.9411219154,10.5606934761,10.5606934761,137700,0.0,1.0
723,1999-11-12T00:00:00.000Z,13.88,14.25,13.81,14.06,170000,10.5606934761,10.8422105212,10.5074334946,10.6976477143,170000,0.0,1.0
724,1999-11-15T00:00:00.000Z,13.69,13.88,13.62,13.88,279300,10.4161306692,10.5606934761,10.3628706876,10.5606934761,279300,0.0,1.0
725,1999-11-16T00:00:00.000Z,13.44,13.69,13.25,13.69,538800,10.2259164495,10.4161306692,10.0813536425,10.4161306692,538800,0.0,1.0
726,1999-11-17T00:00:00.000Z,13.88,14.12,13.31,13.38,421000,10.5606934761,10.743299127,10.1270050553,10.1802650368,421000,0.0,1.0
727,1999-11-18T00:00:00.000Z,13.75,13.94,13.5,13.75,370300,10.4617820819,10.6063448888,10.2715678622,10.4617820819,370300,0.0,1.0
728,1999-11-19T00:00:00.000Z,14.75,15.0,13.56,13.62,530400,11.2226389606,11.4128531802,10.3172192749,10.3628706876,530400,0.0,1.0
729,1999-11-22T00:00:00.000Z,13.5,14.62,13.5,14.62,237000,10.2715678622,11.1237275663,10.2715678622,11.1237275663,237000,0.0,1.0
730,1999-11-23T00:00:00.000Z,13.88,14.12,13.5,13.5,331900,10.5606934761,10.743299127,10.2715678622,10.2715678622,331900,0.0,1.0
731,1999-11-24T00:00:00.000Z,13.81,14.12,13.56,13.56,325500,10.5074334946,10.743299127,10.3172192749,10.3172192749,325500,0.0,1.0
732,1999-11-26T00:00:00.000Z,13.81,13.94,13.62,13.81,129500,10.5074334946,10.6063448888,10.3628706876,10.5074334946,129500,0.0,1.0
733,1999-11-29T00:00:00.000Z,13.0,13.62,12.94,13.56,435200,9.8911394229,10.3628706876,9.8454880101,10.3172192749,435200,0.0,1.0
734,1999-11-30T00:00:00.000Z,13.0,13.25,12.69,13.0,757300,9.8911394229,10.0813536425,9.6552737905,9.8911394229,757300,0.0,1.0
735,1999-12-01T00:00:00.000Z,13.12,13.12,12.81,13.0,346900,9.9824422483,9.9824422483,9.7465766159,9.8911394229,346900,0.0,1.0
736,1999-12-02T00:00:00.000Z,12.56,13.12,12.5,13.06,373200,9.5563623962,9.9824422483,9.5107109835,9.9367908356,373200,0.0,1.0
737,1999-12-03T00:00:00.000Z,13.0,13.5,12.56,12.62,437800,9.8911394229,10.2715678622,9.5563623962,9.602013809,437800,0.0,1.0
738,1999-12-06T00:00:00.000Z,13.25,13.88,13.06,13.06,418500,10.0813536425,10.5606934761,9.9367908356,9.9367908356,418500,0.0,1.0
739,1999-12-07T00:00:00.000Z,12.81,13.19,12.5,13.0,296900,9.7465766159,10.0357022298,9.5107109835,9.8911394229,296900,0.0,1.0
740,1999-12-08T00:00:00.000Z,12.38,12.94,12.25,12.69,339000,9.4194081581,9.8454880101,9.3204967639,9.6552737905,339000,0.0,1.0
741,1999-12-09T00:00:00.000Z,12.31,12.69,12.0,12.12,363200,9.3661481766,9.6552737905,9.1302825442,9.2215853696,363200,0.0,1.0
742,1999-12-10T00:00:00.000Z,13.0,13.0,12.25,12.25,272300,9.8911394229,9.8911394229,9.3204967639,9.3204967639,272300,0.0,1.0
743,1999-12-13T00:00:00.000Z,12.5,12.81,12.12,12.75,375300,9.5107109835,9.7465766159,9.2215853696,9.7009252032,375300,0.0,1.0
744,1999-12-14T00:00:00.000Z,12.44,12.5,12.19,12.44,303900,9.4650595708,9.5107109835,9.2748453511,9.4650595708,303900,0.0,1.0
745,1999-12-15T00:00:00.000Z,12.19,12.5,11.88,12.19,306900,9.2748453511,9.5107109835,9.0389797187,9.2748453511,306900,0.0,1.0
746,1999-12-16T00:00:00.000Z,12.44,12.5,12.0,12.0,349900,9.4650595708,9.5107109835,9.1302825442,9.1302825442,349900,0.0,1.0
747,1999-12-17T00:00:00.000Z,12.5,13.0,12.38,12.69,455800,9.5107109835,9.8911394229,9.4194081581,9.6552737905,455800,0.0,1.0
748,1999-12-20T00:00:00.000Z,10.0,12.69,10.0,12.5,1512200,7.6085687868,9.6552737905,7.6085687868,9.5107109835,1512200,0.0,1.0
749,1999-12-21T00:00:00.000Z,10.25,10.81,10.06,10.31,1288600,7.7987830065,8.2248628586,7.6542201995,7.8444344192,1288600,0.0,1.0
750,1999-12-22T00:00:00.000Z,10.12,10.25,10.06,10.19,1568700,7.6998716123,7.7987830065,7.6542201995,7.7531315938,1568700,0.0,1.0
751,1999-12-23T00:00:00.000Z,9.94,10.12,9.94,10.12,919200,7.5629173741,7.6998716123,7.5629173741,7.6998716123,919200,0.0,1.0
752,1999-12-27T00:00:00.000Z,9.62,10.06,9.5,9.94,1233900,7.3194431729,7.6542201995,7.2281403475,7.5629173741,1233900,0.0,1.0
753,1999-12-28T00:00:00.000Z,9.62,10.0,9.44,9.56,940000,7.3194431729,7.6085687868,7.1824889348,7.2737917602,940000,0.0,1.0
754,1999-12-29T00:00:00.000Z,10.06,10.5,9.5,9.56,766000,7.6542201995,7.9889972262,7.2281403475,7.2737917602,766000,0.0,1.0
755,1999-12-30T00:00:00.000Z,10.44,10.56,10.06,10.06,724200,7.9433458134,8.0346486389,7.6542201995,7.6542201995,724200,0.0,1.0
756,1999-12-31T00:00:00.000Z,10.25,10.88,10.25,10.44,489600,7.7987830065,8.2781228401,7.7987830065,7.9433458134,489600,0.0,1.0
757,2000-01-03T00:00:00.000Z,10.06,10.31,10.0,10.25,383100,7.6542201995,7.8444344192,7.6085687868,7.7987830065,383100,0.0,1.0
758,2000-01-04T00:00:00.000Z,9.75,10.12,9.69,10.06,321700,7.4183545671,7.6998716123,7.3727031544,7.6542201995,321700,0.0,1.0
759,2000-01-05T00:00:00.000Z,9.69,9.88,9.5,9.75,327600,7.3727031544,7.5172659614,7.2281403475,7.4183545671,327600,0.0,1.0
760,2000-01-06T00:00:00.000Z,9.88,9.88,9.12,9.56,663900,7.5172659614,7.5172659614,6.9390147336,7.2737917602,663900,0.0,1.0
761,2000-01-07T00:00:00.000Z,9.75,9.88,9.38,9.75,313000,7.4183545671,7.5172659614,7.136837522,7.4183545671,313000,0.0,1.0
762,2000-01-10T00:00:00.000Z,9.88,10.0,9.62,9.81,401000,7.5172659614,7.6085687868,7.3194431729,7.4640059799,401000,0.0,1.0
763,2000-01-11T00:00:00.000Z,9.69,10.25,9.69,9.88,448000,7.3727031544,7.7987830065,7.3727031544,7.5172659614,448000,0.0,1.0
764,2000-01-12T00:00:00.000Z,11.0,11.19,9.69,9.69,751200,8.3694256655,8.5139884725,7.3727031544,7.3727031544,751200,0.0,1.0
765,2000-01-13T00:00:00.000Z,11.62,11.94,11.25,11.38,851500,8.8411569303,9.0846311315,8.5596398852,8.6585512794,851500,0.0,1.0
766,2000-01-14T00:00:00.000Z,11.38,11.75,11.12,11.69,422400,8.6585512794,8.9400683245,8.4607284909,8.8944169118,422400,0.0,1.0
767,2000-01-18T00:00:00.000Z,11.12,11.69,11.0,11.56,216600,8.4607284909,8.8944169118,8.3694256655,8.7955055176,216600,0.0,1.0
768,2000-01-19T00:00:00.000Z,10.62,11.0,10.62,11.0,232600,8.0803000516,8.3694256655,8.0803000516,8.3694256655,232600,0.0,1.0
769,2000-01-20T00:00:00.000Z,10.56,10.75,10.31,10.62,233200,8.0346486389,8.1792114458,7.8444344192,8.0803000516,233200,0.0,1.0
770,2000-01-21T00:00:00.000Z,10.31,10.62,10.25,10.56,272200,7.8444344192,8.0803000516,7.7987830065,8.0346486389,272200,0.0,1.0
771,2000-01-24T00:00:00.000Z,10.0,10.44,10.0,10.19,268300,7.6085687868,7.9433458134,7.6085687868,7.7531315938,268300,0.0,1.0
772,2000-01-25T00:00:00.000Z,10.0,10.19,9.81,10.0,274700,7.6085687868,7.7531315938,7.4640059799,7.6085687868,274700,0.0,1.0
773,2000-01-26T00:00:00.000Z,10.75,10.94,9.94,10.12,648500,8.1792114458,8.3237742528,7.5629173741,7.6998716123,648500,0.0,1.0
774,2000-01-27T00:00:00.000Z,10.5,10.62,10.25,10.5,274600,7.9889972262,8.0803000516,7.7987830065,7.9889972262,274600,0.0,1.0
775,2000-01-28T00:00:00.000Z,10.19,10.56,10.19,10.56,321200,7.7531315938,8.0346486389,7.7531315938,8.0346486389,321200,0.0,1.0
776,2000-01-31T00:00:00.000Z,10.5,10.56,10.0,10.06,309100,7.9889972262,8.0346486389,7.6085687868,7.6542201995,309100,0.0,1.0
777,2000-02-01T00:00:00.000Z,11.12,11.38,10.56,10.56,347900,8.4607284909,8.6585512794,8.0346486389,8.0346486389,347900,0.0,1.0
778,2000-02-02T00:00:00.000Z,11.75,12.12,11.25,11.25,908500,8.9400683245,9.2215853696,8.5596398852,8.5596398852,908500,0.0,1.0
779,2000-02-03T00:00:00.000Z,11.25,12.0,11.12,11.81,553600,8.5596398852,9.1302825442,8.4607284909,8.9857197372,553600,0.0,1.0
780,2000-02-04T00:00:00.000Z,11.38,11.62,11.0,11.5,348700,8.6585512794,8.8411569303,8.3694256655,8.7498541048,348700,0.0,1.0
781,2000-02-07T00:00:00.000Z,11.0,11.31,10.94,11.25,292300,8.3694256655,8.6052912979,8.3237742528,8.5596398852,292300,0.0,1.0
782,2000-02-08T00:00:00.000Z,11.19,11.25,10.94,11.12,196500,8.5139884725,8.5596398852,8.3237742528,8.4607284909,196500,0.0,1.0
783,2000-02-09T00:00:00.000Z,11.19,11.25,11.06,11.19,326700,8.5139884725,8.5596398852,8.4150770782,8.5139884725,326700,0.0,1.0
784,2000-02-10T00:00:00.000Z,11.31,11.5,10.94,11.19,943200,8.6052912979,8.7498541048,8.3237742528,8.5139884725,943200,0.0,1.0
785,2000-02-11T00:00:00.000Z,11.12,11.5,11.12,11.38,1692500,8.4607284909,8.7498541048,8.4607284909,8.6585512794,1692500,0.0,1.0
786,2000-02-14T00:00:00.000Z,10.88,11.06,10.75,11.0,242400,8.2781228401,8.4150770782,8.1792114458,8.3694256655,242400,0.0,1.0
787,2000-02-15T00:00:00.000Z,10.81,11.0,10.62,10.81,405200,8.2248628586,8.3694256655,8.0803000516,8.2248628586,405200,0.0,1.0
788,2000-02-16T00:00:00.000Z,10.75,10.94,10.62,10.94,277300,8.1792114458,8.3237742528,8.0803000516,8.3237742528,277300,0.0,1.0
789,2000-02-17T00:00:00.000Z,10.5,10.81,10.5,10.75,197600,7.9889972262,8.2248628586,7.9889972262,8.1792114458,197600,0.0,1.0
790,2000-02-18T00:00:00.000Z,10.5,10.75,10.38,10.69,176000,7.9889972262,8.1792114458,7.8976944007,8.1335600331,176000,0.0,1.0
791,2000-02-22T00:00:00.000Z,10.38,10.81,10.25,10.69,355000,7.8976944007,8.2248628586,7.7987830065,8.1335600331,355000,0.0,1.0
792,2000-02-23T00:00:00.000Z,10.31,10.38,10.19,10.38,242400,7.8444344192,7.8976944007,7.7531315938,7.8976944007,242400,0.0,1.0
793,2000-02-24T00:00:00.000Z,10.19,10.38,10.0,10.38,187700,7.7531315938,7.8976944007,7.6085687868,7.8976944007,187700,0.0,1.0
794,2000-02-25T00:00:00.000Z,10.06,10.38,10.0,10.31,187100,7.6542201995,7.8976944007,7.6085687868,7.8444344192,187100,0.0,1.0
795,2000-02-28T00:00:00.000Z,9.88,10.06,9.88,10.06,171700,7.5172659614,7.6542201995,7.5172659614,7.6542201995,171700,0.0,1.0
796,2000-02-29T00:00:00.000Z,9.69,10.06,9.69,10.0,264700,7.3727031544,7.6542201995,7.3727031544,7.6085687868,264700,0.0,1.0
797,2000-03-01T00:00:00.000Z,9.75,9.81,9.5,9.69,273400,7.4183545671,7.4640059799,7.2281403475,7.3727031544,273400,0.0,1.0
798,2000-03-02T00:00:00.000Z,9.69,10.31,9.44,9.75,337300,7.3727031544,7.8444344192,7.1824889348,7.4183545671,337300,0.0,1.0
799,2000-03-03T00:00:00.000Z,10.12,10.19,9.62,9.62,261300,7.6998716123,7.7531315938,7.3194431729,7.3194431729,261300,0.0,1.0
800,2000-03-06T00:00:00.000Z,9.81,10.12,9.81,10.0,170000,7.4640059799,7.6998716123,7.4640059799,7.6085687868,170000,0.0,1.0
801,2000-03-07T00:00:00.000Z,9.75,10.12,9.72,9.81,733100,7.4183545671,7.6998716123,7.3955288608,7.4640059799,733100,0.0,1.0
802,2000-03-08T00:00:00.000Z,9.5,9.88,9.31,9.69,273800,7.2281403475,7.5172659614,7.0835775405,7.3727031544,273800,0.0,1.0
803,2000-03-09T00:00:00.000Z,9.5,9.62,9.31,9.5,242300,7.2281403475,7.3194431729,7.0835775405,7.2281403475,242300,0.0,1.0
804,2000-03-10T00:00:00.000Z,10.44,10.44,9.44,9.44,404800,7.9433458134,7.9433458134,7.1824889348,7.1824889348,404800,0.0,1.0
805,2000-03-13T00:00:00.000Z,10.25,10.25,9.69,10.0,270700,7.7987830065,7.7987830065,7.3727031544,7.6085687868,270700,0.0,1.0
806,2000-03-14T00:00:00.000Z,10.0,10.25,9.88,10.19,242000,7.6085687868,7.7987830065,7.5172659614,7.7531315938,242000,0.0,1.0
807,2000-03-15T00:00:00.000Z,10.0,10.31,9.81,9.94,279600,7.6085687868,7.8444344192,7.4640059799,7.5629173741,279600,0.0,1.0
808,2000-03-16T00:00:00.000Z,10.06,10.12,9.88,10.0,921200,7.6542201995,7.6998716123,7.5172659614,7.6085687868,921200,0.0,1.0
809,2000-03-17T00:00:00.000Z,9.94,10.0,9.81,10.0,451100,7.5629173741,7.6085687868,7.4640059799,7.6085687868,451100,0.0,1.0
810,2000-03-20T00:00:00.000Z,9.94,10.12,9.75,9.94,342200,7.5629173741,7.6998716123,7.4183545671,7.5629173741,342200,0.0,1.0
811,2000-03-21T00:00:00.000Z,9.5,10.0,9.38,10.0,538000,7.2281403475,7.6085687868,7.136837522,7.6085687868,538000,0.0,1.0
812,2000-03-22T00:00:00.000Z,10.44,10.44,9.56,9.62,2229400,7.9433458134,7.9433458134,7.2737917602,7.3194431729,2229400,0.0,1.0
813,2000-03-23T00:00:00.000Z,10.06,10.38,9.88,10.38,1142000,7.6542201995,7.8976944007,7.5172659614,7.8976944007,1142000,0.0,1.0
814,2000-03-24T00:00:00.000Z,9.88,10.06,9.75,10.0,421500,7.5172659614,7.6542201995,7.4183545671,7.6085687868,421500,0.0,1.0
815,2000-03-27T00:00:00.000Z,9.88,10.06,9.75,9.94,285800,7.5172659614,7.6542201995,7.4183545671,7.5629173741,285800,0.0,1.0
816,2000-03-28T00:00:00.000Z,9.88,10.06,9.75,9.75,1063800,7.5172659614,7.6542201995,7.4183545671,7.4183545671,1063800,0.0,1.0
817,2000-03-29T00:00:00.000Z,9.75,10.0,9.75,9.94,340600,7.4183545671,7.6085687868,7.4183545671,7.5629173741,340600,0.0,1.0
818,2000-03-30T00:00:00.000Z,9.88,10.06,9.62,9.88,622300,7.5172659614,7.6542201995,7.3194431729,7.5172659614,622300,0.0,1.0
819,2000-03-31T00:00:00.000Z,10.25,10.25,9.25,9.81,692300,7.7987830065,7.7987830065,7.0379261278,7.4640059799,692300,0.0,1.0
820,2000-04-03T00:00:00.000Z,10.38,10.38,9.75,10.12,441400,7.8976944007,7.8976944007,7.4183545671,7.6998716123,441400,0.0,1.0
821,2000-04-04T00:00:00.000Z,11.38,11.38,10.25,10.31,842600,8.6585512794,8.6585512794,7.7987830065,7.8444344192,842600,0.0,1.0
822,2000-04-05T00:00:00.000Z,11.56,11.88,11.12,11.19,624700,8.7955055176,9.0389797187,8.4607284909,8.5139884725,624700,0.0,1.0
823,2000-04-06T00:00:00.000Z,11.31,11.62,11.0,11.56,277500,8.6052912979,8.8411569303,8.3694256655,8.7955055176,277500,0.0,1.0
824,2000-04-07T00:00:00.000Z,11.12,11.56,10.94,11.56,346200,8.4607284909,8.7955055176,8.3237742528,8.7955055176,346200,0.0,1.0
825,2000-04-10T00:00:00.000Z,11.81,12.06,11.62,11.75,493100,8.9857197372,9.1759339569,8.8411569303,8.9400683245,493100,0.0,1.0
826,2000-04-11T00:00:00.000Z,11.44,11.88,11.12,11.81,235500,8.7042026921,9.0389797187,8.4607284909,8.9857197372,235500,0.0,1.0
827,2000-04-12T00:00:00.000Z,11.06,11.62,11.0,11.56,179400,8.4150770782,8.8411569303,8.3694256655,8.7955055176,179400,0.0,1.0
828,2000-04-13T00:00:00.000Z,10.69,11.25,10.56,11.06,213200,8.1335600331,8.5596398852,8.0346486389,8.4150770782,213200,0.0,1.0
829,2000-04-14T00:00:00.000Z,10.19,10.75,10.12,10.75,418900,7.7531315938,8.1792114458,7.6998716123,8.1792114458,418900,0.0,1.0
830,2000-04-17T00:00:00.000Z,10.12,10.19,9.81,10.06,335800,7.6998716123,7.7531315938,7.4640059799,7.6542201995,335800,0.0,1.0
831,2000-04-18T00:00:00.000Z,10.12,10.19,9.88,9.88,240000,7.6998716123,7.7531315938,7.5172659614,7.5172659614,240000,0.0,1.0
832,2000-04-19T00:00:00.000Z,9.94,10.19,9.88,10.06,191600,7.5629173741,7.7531315938,7.5172659614,7.6542201995,191600,0.0,1.0
833,2000-04-20T00:00:00.000Z,10.25,10.25,9.94,10.06,214200,7.7987830065,7.7987830065,7.5629173741,7.6542201995,214200,0.0,1.0
834,2000-04-24T00:00:00.000Z,9.94,10.25,9.75,10.12,259000,7.5629173741,7.7987830065,7.4183545671,7.6998716123,259000,0.0,1.0
835,2000-04-25T00:00:00.000Z,10.06,10.19,10.0,10.06,312200,7.6542201995,7.7531315938,7.6085687868,7.6542201995,312200,0.0,1.0
836,2000-04-26T00:00:00.000Z,9.75,10.0,9.38,9.88,643600,7.4183545671,7.6085687868,7.136837522,7.5172659614,643600,0.0,1.0
837,2000-04-27T00:00:00.000Z,8.75,9.62,8.69,9.62,684300,6.6574976885,7.3194431729,6.6118462757,7.3194431729,684300,0.0,1.0
838,2000-04-28T00:00:00.000Z,9.0,9.31,8.88,8.94,341700,6.8477119081,7.0835775405,6.7564090827,6.8020604954,341700,0.0,1.0
839,2000-05-01T00:00:00.000Z,9.0,9.19,8.88,9.0,283200,6.8477119081,6.9922747151,6.7564090827,6.8477119081,283200,0.0,1.0
840,2000-05-02T00:00:00.000Z,8.75,9.06,8.75,8.94,347500,6.6574976885,6.8933633209,6.6574976885,6.8020604954,347500,0.0,1.0
841,2000-05-03T00:00:00.000Z,8.56,8.75,8.5,8.75,266300,6.5129348815,6.6574976885,6.4672834688,6.6574976885,266300,0.0,1.0
842,2000-05-04T00:00:00.000Z,8.81,8.81,8.56,8.62,228500,6.7031491012,6.7031491012,6.5129348815,6.5585862942,228500,0.0,1.0
843,2000-05-05T00:00:00.000Z,9.12,9.12,8.81,8.81,492100,6.9390147336,6.9390147336,6.7031491012,6.7031491012,492100,0.0,1.0
844,2000-05-08T00:00:00.000Z,8.94,9.12,8.88,9.0,266600,6.8020604954,6.9390147336,6.7564090827,6.8477119081,266600,0.0,1.0
845,2000-05-09T00:00:00.000Z,8.94,9.12,8.88,8.88,343000,6.8020604954,6.9390147336,6.7564090827,6.7564090827,343000,0.0,1.0
846,2000-05-10T00:00:00.000Z,8.75,9.0,8.62,9.0,161500,6.6574976885,6.8477119081,6.5585862942,6.8477119081,161500,0.0,1.0
847,2000-05-11T00:00:00.000Z,8.62,8.69,8.5,8.62,280200,6.5585862942,6.6118462757,6.4672834688,6.5585862942,280200,0.0,1.0
848,2000-05-12T00:00:00.000Z,8.62,8.81,8.62,8.62,97800,6.5585862942,6.7031491012,6.5585862942,6.5585862942,97800,0.0,1.0
849,2000-05-15T00:00:00.000Z,8.69,8.75,8.44,8.5,259200,6.6118462757,6.6574976885,6.4216320561,6.4672834688,259200,0.0,1.0
850,2000-05-16T00:00:00.000Z,8.75,9.06,8.69,8.69,196300,6.6574976885,6.8933633209,6.6118462757,6.6118462757,196300,0.0,1.0
851,2000-05-17T00:00:00.000Z,8.62,8.75,8.62,8.69,222900,6.5585862942,6.6574976885,6.5585862942,6.6118462757,222900,0.0,1.0
852,2000-05-18T00:00:00.000Z,8.56,8.69,8.56,8.62,153500,6.5129348815,6.6118462757,6.5129348815,6.5585862942,153500,0.0,1.0
853,2000-05-19T00:00:00.000Z,8.62,8.69,8.5,8.56,220800,6.5585862942,6.6118462757,6.4672834688,6.5129348815,220800,0.0,1.0
854,2000-05-22T00:00:00.000Z,8.44,8.75,8.25,8.69,156700,6.4216320561,6.6574976885,6.2770692491,6.6118462757,156700,0.0,1.0
855,2000-05-23T00:00:00.000Z,8.44,8.5,8.31,8.44,230500,6.4216320561,6.4672834688,6.3227206618,6.4216320561,230500,0.0,1.0
856,2000-05-24T00:00:00.000Z,8.44,8.56,8.38,8.38,238800,6.4216320561,6.5129348815,6.3759806434,6.3759806434,238800,0.0,1.0
857,2000-05-25T00:00:00.000Z,8.31,8.56,8.31,8.44,178300,6.3227206618,6.5129348815,6.3227206618,6.4216320561,178300,0.0,1.0
858,2000-05-26T00:00:00.000Z,8.06,8.38,7.94,8.38,289900,6.1325064422,6.3759806434,6.0412036167,6.3759806434,289900,0.0,1.0
859,2000-05-30T00:00:00.000Z,8.81,8.81,8.06,8.06,244700,6.7031491012,6.7031491012,6.1325064422,6.1325064422,244700,0.0,1.0
860,2000-05-31T00:00:00.000Z,9.06,9.19,8.5,8.69,206300,6.8933633209,6.9922747151,6.4672834688,6.6118462757,206300,0.0,1.0
861,2000-06-01T00:00:00.000Z,8.81,9.25,8.56,9.0,326900,6.7031491012,7.0379261278,6.5129348815,6.8477119081,326900,0.0,1.0
862,2000-06-02T00:00:00.000Z,8.19,9.0,8.12,8.94,352000,6.2314178364,6.8477119081,6.1781578549,6.8020604954,352000,0.0,1.0
863,2000-06-05T00:00:00.000Z,8.56,8.56,8.25,8.31,207900,6.5129348815,6.5129348815,6.2770692491,6.3227206618,207900,0.0,1.0
864,2000-06-06T00:00:00.000Z,8.31,8.5,8.25,8.5,117200,6.3227206618,6.4672834688,6.2770692491,6.4672834688,117200,0.0,1.0
865,2000-06-07T00:00:00.000Z,8.94,8.94,8.31,8.31,432700,6.8020604954,6.8020604954,6.3227206618,6.3227206618,432700,0.0,1.0
866,2000-06-08T00:00:00.000Z,9.19,9.31,8.94,8.94,213700,6.9922747151,7.0835775405,6.8020604954,6.8020604954,213700,0.0,1.0
867,2000-06-09T00:00:00.000Z,9.56,9.75,9.12,9.19,631400,7.2737917602,7.4183545671,6.9390147336,6.9922747151,631400,0.0,1.0
868,2000-06-12T00:00:00.000Z,8.88,9.62,8.81,9.62,190600,6.7564090827,7.3194431729,6.7031491012,7.3194431729,190600,0.0,1.0
869,2000-06-13T00:00:00.000Z,8.88,9.0,8.75,9.0,286800,6.7564090827,6.8477119081,6.6574976885,6.8477119081,286800,0.0,1.0
870,2000-06-14T00:00:00.000Z,8.94,9.0,8.81,8.81,139400,6.8020604954,6.8477119081,6.7031491012,6.7031491012,139400,0.0,1.0
871,2000-06-15T00:00:00.000Z,9.0,9.06,8.88,9.0,162700,6.8477119081,6.8933633209,6.7564090827,6.8477119081,162700,0.0,1.0
872,2000-06-16T00:00:00.000Z,8.62,8.94,8.62,8.88,302900,6.5585862942,6.8020604954,6.5585862942,6.7564090827,302900,0.0,1.0
873,2000-06-19T00:00:00.000Z,8.94,8.94,8.62,8.75,165900,6.8020604954,6.8020604954,6.5585862942,6.6574976885,165900,0.0,1.0
874,2000-06-20T00:00:00.000Z,8.75,8.81,8.62,8.81,177800,6.6574976885,6.7031491012,6.5585862942,6.7031491012,177800,0.0,1.0
875,2000-06-21T00:00:00.000Z,8.94,9.0,8.75,8.75,174700,6.8020604954,6.8477119081,6.6574976885,6.6574976885,174700,0.0,1.0
876,2000-06-22T00:00:00.000Z,9.31,9.31,8.94,8.94,208000,7.0835775405,7.0835775405,6.8020604954,6.8020604954,208000,0.0,1.0
877,2000-06-23T00:00:00.000Z,8.94,9.31,8.81,9.31,168900,6.8020604954,7.0835775405,6.7031491012,7.0835775405,168900,0.0,1.0
878,2000-06-26T00:00:00.000Z,9.31,9.38,9.0,9.0,141000,7.0835775405,7.136837522,6.8477119081,6.8477119081,141000,0.0,1.0
879,2000-06-27T00:00:00.000Z,9.12,9.5,9.12,9.31,292800,6.9390147336,7.2281403475,6.9390147336,7.0835775405,292800,0.0,1.0
880,2000-06-28T00:00:00.000Z,9.12,9.19,9.0,9.19,148200,6.9390147336,6.9922747151,6.8477119081,6.9922747151,148200,0.0,1.0
881,2000-06-29T00:00:00.000Z,9.0,9.12,8.88,9.0,120400,6.8477119081,6.9390147336,6.7564090827,6.8477119081,120400,0.0,1.0
882,2000-06-30T00:00:00.000Z,8.88,9.19,8.88,9.0,165500,6.7564090827,6.9922747151,6.7564090827,6.8477119081,165500,0.0,1.0
883,2000-07-03T00:00:00.000Z,9.06,9.12,8.94,8.94,131200,6.8933633209,6.9390147336,6.8020604954,6.8020604954,131200,0.0,1.0
884,2000-07-05T00:00:00.000Z,9.06,9.31,9.0,9.06,189100,6.8933633209,7.0835775405,6.8477119081,6.8933633209,189100,0.0,1.0
885,2000-07-06T00:00:00.000Z,9.25,9.25,9.06,9.06,167300,7.0379261278,7.0379261278,6.8933633209,6.8933633209,167300,0.0,1.0
886,2000-07-07T00:00:00.000Z,9.44,9.5,9.06,9.19,130600,7.1824889348,7.2281403475,6.8933633209,6.9922747151,130600,0.0,1.0
887,2000-07-10T00:00:00.000Z,9.81,10.12,9.5,9.5,257100,7.4640059799,7.6998716123,7.2281403475,7.2281403475,257100,0.0,1.0
888,2000-07-11T00:00:00.000Z,9.75,10.0,9.69,9.94,164400,7.4183545671,7.6085687868,7.3727031544,7.5629173741,164400,0.0,1.0
889,2000-07-12T00:00:00.000Z,9.75,9.94,9.56,9.75,115700,7.4183545671,7.5629173741,7.2737917602,7.4183545671,115700,0.0,1.0
890,2000-07-13T00:00:00.000Z,9.25,9.94,9.06,9.94,164500,7.0379261278,7.5629173741,6.8933633209,7.5629173741,164500,0.0,1.0
891,2000-07-14T00:00:00.000Z,8.75,9.38,8.69,9.25,224400,6.6574976885,7.136837522,6.6118462757,7.0379261278,224400,0.0,1.0
892,2000-07-17T00:00:00.000Z,8.75,8.88,8.56,8.75,142300,6.6574976885,6.7564090827,6.5129348815,6.6574976885,142300,0.0,1.0
893,2000-07-18T00:00:00.000Z,8.69,8.81,8.56,8.75,78300,6.6118462757,6.7031491012,6.5129348815,6.6574976885,78300,0.0,1.0
894,2000-07-19T00:00:00.000Z,8.69,8.75,8.5,8.75,223700,6.6118462757,6.6574976885,6.4672834688,6.6574976885,223700,0.0,1.0
895,2000-07-20T00:00:00.000Z,8.69,8.81,8.38,8.62,169000,6.6118462757,6.7031491012,6.3759806434,6.5585862942,169000,0.0,1.0
896,2000-07-21T00:00:00.000Z,8.56,8.69,8.31,8.62,197100,6.5129348815,6.6118462757,6.3227206618,6.5585862942,197100,0.0,1.0
897,2000-07-24T00:00:00.000Z,8.44,8.69,8.31,8.56,197300,6.4216320561,6.6118462757,6.3227206618,6.5129348815,197300,0.0,1.0
898,2000-07-25T00:00:00.000Z,8.06,8.5,7.94,8.44,319800,6.1325064422,6.4672834688,6.0412036167,6.4216320561,319800,0.0,1.0
899,2000-07-26T00:00:00.000Z,8.88,9.0,8.12,8.12,318300,6.7564090827,6.8477119081,6.1781578549,6.1781578549,318300,0.0,1.0
900,2000-07-27T00:00:00.000Z,9.31,9.62,8.81,8.88,454600,7.0835775405,7.3194431729,6.7031491012,6.7564090827,454600,0.0,1.0
901,2000-07-28T00:00:00.000Z,9.12,9.5,9.06,9.38,156700,6.9390147336,7.2281403475,6.8933633209,7.136837522,156700,0.0,1.0
902,2000-07-31T00:00:00.000Z,9.0,9.06,8.81,9.0,178500,6.8477119081,6.8933633209,6.7031491012,6.8477119081,178500,0.0,1.0
903,2000-08-01T00:00:00.000Z,8.88,8.94,8.56,8.94,573400,6.7564090827,6.8020604954,6.5129348815,6.8020604954,573400,0.0,1.0
904,2000-08-02T00:00:00.000Z,9.0,9.06,8.56,8.75,279400,6.8477119081,6.8933633209,6.5129348815,6.6574976885,279400,0.0,1.0
905,2000-08-03T00:00:00.000Z,9.25,9.25,8.62,9.0,189500,7.0379261278,7.0379261278,6.5585862942,6.8477119081,189500,0.0,1.0
906,2000-08-04T00:00:00.000Z,8.94,9.19,8.94,9.12,94700,6.8020604954,6.9922747151,6.8020604954,6.9390147336,94700,0.0,1.0
907,2000-08-07T00:00:00.000Z,8.75,8.94,8.69,8.88,101400,6.6574976885,6.8020604954,6.6118462757,6.7564090827,101400,0.0,1.0
908,2000-08-08T00:00:00.000Z,8.56,8.75,8.56,8.75,114800,6.5129348815,6.6574976885,6.5129348815,6.6574976885,114800,0.0,1.0
909,2000-08-09T00:00:00.000Z,8.56,8.62,8.56,8.62,123900,6.5129348815,6.5585862942,6.5129348815,6.5585862942,123900,0.0,1.0
910,2000-08-10T00:00:00.000Z,8.62,8.62,8.56,8.56,124800,6.5585862942,6.5585862942,6.5129348815,6.5129348815,124800,0.0,1.0
911,2000-08-11T00:00:00.000Z,9.12,9.12,8.56,8.56,154400,6.9390147336,6.9390147336,6.5129348815,6.5129348815,154400,0.0,1.0
912,2000-08-14T00:00:00.000Z,9.06,9.19,9.0,9.06,94100,6.8933633209,6.9922747151,6.8477119081,6.8933633209,94100,0.0,1.0
913,2000-08-15T00:00:00.000Z,8.75,9.06,8.69,9.0,76100,6.6574976885,6.8933633209,6.6118462757,6.8477119081,76100,0.0,1.0
914,2000-08-16T00:00:00.000Z,8.88,9.06,8.75,8.88,203100,6.7564090827,6.8933633209,6.6574976885,6.7564090827,203100,0.0,1.0
915,2000-08-17T00:00:00.000Z,9.0,9.12,8.88,8.94,361500,6.8477119081,6.9390147336,6.7564090827,6.8020604954,361500,0.0,1.0
916,2000-08-18T00:00:00.000Z,8.94,9.06,8.75,8.88,380500,6.8020604954,6.8933633209,6.6574976885,6.7564090827,380500,0.0,1.0
917,2000-08-21T00:00:00.000Z,9.0,9.19,8.94,9.0,423700,6.8477119081,6.9922747151,6.8020604954,6.8477119081,423700,0.0,1.0
918,2000-08-22T00:00:00.000Z,9.0,9.06,8.69,8.88,688300,6.8477119081,6.8933633209,6.6118462757,6.7564090827,688300,0.0,1.0
919,2000-08-23T00:00:00.000Z,9.06,9.19,8.88,8.94,274600,6.8933633209,6.9922747151,6.7564090827,6.8020604954,274600,0.0,1.0
920,2000-08-24T00:00:00.000Z,9.06,9.12,8.94,9.0,197700,6.8933633209,6.9390147336,6.8020604954,6.8477119081,197700,0.0,1.0
921,2000-08-25T00:00:00.000Z,9.25,9.38,9.0,9.06,201400,7.0379261278,7.136837522,6.8477119081,6.8933633209,201400,0.0,1.0
922,2000-08-28T00:00:00.000Z,9.94,9.94,9.25,9.25,290700,7.5629173741,7.5629173741,7.0379261278,7.0379261278,290700,0.0,1.0
923,2000-08-29T00:00:00.000Z,9.88,10.12,9.69,9.94,279900,7.5172659614,7.6998716123,7.3727031544,7.5629173741,279900,0.0,1.0
924,2000-08-30T00:00:00.000Z,9.88,9.94,9.75,9.94,177300,7.5172659614,7.5629173741,7.4183545671,7.5629173741,177300,0.0,1.0
925,2000-08-31T00:00:00.000Z,10.25,10.44,9.81,9.81,596000,7.7987830065,7.9433458134,7.4640059799,7.4640059799,596000,0.0,1.0
926,2000-09-01T00:00:00.000Z,10.38,10.44,10.12,10.44,162000,7.8976944007,7.9433458134,7.6998716123,7.9433458134,162000,0.0,1.0
927,2000-09-05T00:00:00.000Z,10.38,10.44,10.12,10.38,229500,7.8976944007,7.9433458134,7.6998716123,7.8976944007,229500,0.0,1.0
928,2000-09-06T00:00:00.000Z,11.12,11.31,10.25,10.31,418400,8.4607284909,8.6052912979,7.7987830065,7.8444344192,418400,0.0,1.0
929,2000-09-07T00:00:00.000Z,11.69,11.75,11.19,11.25,588000,8.8944169118,8.9400683245,8.5139884725,8.5596398852,588000,0.0,1.0
930,2000-09-08T00:00:00.000Z,11.88,12.06,11.75,11.75,934800,9.0389797187,9.1759339569,8.9400683245,8.9400683245,934800,0.0,1.0
931,2000-09-11T00:00:00.000Z,11.75,11.94,11.75,11.94,388900,8.9400683245,9.0846311315,8.9400683245,9.0846311315,388900,0.0,1.0
932,2000-09-12T00:00:00.000Z,11.81,11.88,11.69,11.75,148100,8.9857197372,9.0389797187,8.8944169118,8.9400683245,148100,0.0,1.0
933,2000-09-13T00:00:00.000Z,12.19,12.19,11.88,11.88,279600,9.2748453511,9.2748453511,9.0389797187,9.0389797187,279600,0.0,1.0
934,2000-09-14T00:00:00.000Z,12.31,12.38,12.06,12.19,226400,9.3661481766,9.4194081581,9.1759339569,9.2748453511,226400,0.0,1.0
935,2000-09-15T00:00:00.000Z,12.19,12.38,11.88,12.0,235000,9.2748453511,9.4194081581,9.0389797187,9.1302825442,235000,0.0,1.0
936,2000-09-18T00:00:00.000Z,11.88,12.19,11.62,12.12,131800,9.0389797187,9.2748453511,8.8411569303,9.2215853696,131800,0.0,1.0
937,2000-09-19T00:00:00.000Z,12.12,12.25,11.75,11.88,266800,9.2215853696,9.3204967639,8.9400683245,9.0389797187,266800,0.0,1.0
938,2000-09-20T00:00:00.000Z,12.44,12.5,12.19,12.19,216900,9.4650595708,9.5107109835,9.2748453511,9.2748453511,216900,0.0,1.0
939,2000-09-21T00:00:00.000Z,11.75,12.38,11.75,12.38,122200,8.9400683245,9.4194081581,8.9400683245,9.4194081581,122200,0.0,1.0
940,2000-09-22T00:00:00.000Z,11.94,12.06,11.0,11.81,371600,9.0846311315,9.1759339569,8.3694256655,8.9857197372,371600,0.0,1.0
941,2000-09-25T00:00:00.000Z,12.0,12.12,11.88,11.88,118400,9.1302825442,9.2215853696,9.0389797187,9.0389797187,118400,0.0,1.0
942,2000-09-26T00:00:00.000Z,11.88,11.94,11.81,11.94,189500,9.0389797187,9.0846311315,8.9857197372,9.0846311315,189500,0.0,1.0
943,2000-09-27T00:00:00.000Z,11.94,12.0,11.75,11.88,135100,9.0846311315,9.1302825442,8.9400683245,9.0389797187,135100,0.0,1.0
944,2000-09-28T00:00:00.000Z,11.88,11.94,11.81,11.88,190900,9.0389797187,9.0846311315,8.9857197372,9.0389797187,190900,0.0,1.0
945,2000-09-29T00:00:00.000Z,12.0,12.06,11.88,11.88,292400,9.1302825442,9.1759339569,9.0389797187,9.0389797187,292400,0.0,1.0
946,2000-10-02T00:00:00.000Z,13.25,13.25,11.81,11.88,366700,10.0813536425,10.0813536425,8.9857197372,9.0389797187,366700,0.0,1.0
947,2000-10-03T00:00:00.000Z,13.56,14.38,12.88,12.94,606900,10.3172192749,10.9411219154,9.7998365974,9.8454880101,606900,0.0,1.0
948,2000-10-04T00:00:00.000Z,13.81,14.0,13.56,13.69,482000,10.5074334946,10.6519963015,10.3172192749,10.4161306692,482000,0.0,1.0
949,2000-10-05T00:00:00.000Z,13.88,13.94,13.56,13.75,302100,10.5606934761,10.6063448888,10.3172192749,10.4617820819,302100,0.0,1.0
950,2000-10-06T00:00:00.000Z,14.0,14.31,13.94,13.94,923300,10.6519963015,10.8878619339,10.6063448888,10.6063448888,923300,0.0,1.0
951,2000-10-09T00:00:00.000Z,13.62,13.94,13.19,13.88,180100,10.3628706876,10.6063448888,10.0357022298,10.5606934761,180100,0.0,1.0
952,2000-10-10T00:00:00.000Z,13.75,14.0,13.62,13.62,173800,10.4617820819,10.6519963015,10.3628706876,10.3628706876,173800,0.0,1.0
953,2000-10-11T00:00:00.000Z,13.88,14.75,13.44,13.69,455100,10.5606934761,11.2226389606,10.2259164495,10.4161306692,455100,0.0,1.0
954,2000-10-12T00:00:00.000Z,13.5,13.88,13.5,13.88,154300,10.2715678622,10.5606934761,10.2715678622,10.5606934761,154300,0.0,1.0
955,2000-10-13T00:00:00.000Z,13.75,13.75,13.0,13.38,146100,10.4617820819,10.4617820819,9.8911394229,10.1802650368,146100,0.0,1.0
956,2000-10-16T00:00:00.000Z,13.56,13.69,13.44,13.56,151500,10.3172192749,10.4161306692,10.2259164495,10.3172192749,151500,0.0,1.0
957,2000-10-17T00:00:00.000Z,13.44,13.69,13.19,13.62,207100,10.2259164495,10.4161306692,10.0357022298,10.3628706876,207100,0.0,1.0
958,2000-10-18T00:00:00.000Z,13.88,13.88,12.88,13.38,212800,10.5606934761,10.5606934761,9.7998365974,10.1802650368,212800,0.0,1.0
959,2000-10-19T00:00:00.000Z,14.5,15.0,14.0,14.0,594900,11.0324247409,11.4128531802,10.6519963015,10.6519963015,594900,0.0,1.0
960,2000-10-20T00:00:00.000Z,14.75,15.12,14.44,14.62,424900,11.2226389606,11.5041560057,10.9867733282,11.1237275663,424900,0.0,1.0
961,2000-10-23T00:00:00.000Z,15.44,15.5,14.56,14.62,447800,11.7476302068,11.7932816196,11.0780761536,11.1237275663,447800,0.0,1.0
962,2000-10-24T00:00:00.000Z,15.06,15.5,14.88,15.31,340100,11.458504593,11.7932816196,11.3215503548,11.6487188126,340100,0.0,1.0
963,2000-10-25T00:00:00.000Z,14.88,15.06,14.56,14.94,201400,11.3215503548,11.458504593,11.0780761536,11.3672017675,201400,0.0,1.0
964,2000-10-26T00:00:00.000Z,15.12,15.12,14.75,14.88,308400,11.5041560057,11.5041560057,11.2226389606,11.3215503548,308400,0.0,1.0
965,2000-10-27T00:00:00.000Z,15.5,15.62,14.94,15.06,840200,11.7932816196,11.884584445,11.3672017675,11.458504593,840200,0.0,1.0
966,2000-10-30T00:00:00.000Z,14.44,15.56,14.38,15.56,366600,10.9867733282,11.8389330323,10.9411219154,11.8389330323,366600,0.0,1.0
967,2000-10-31T00:00:00.000Z,15.0,15.0,14.0,14.38,577400,11.4128531802,11.4128531802,10.6519963015,10.9411219154,577400,0.0,1.0
968,2000-11-01T00:00:00.000Z,14.88,15.06,14.56,14.88,829300,11.3215503548,11.458504593,11.0780761536,11.3215503548,829300,0.0,1.0
969,2000-11-02T00:00:00.000Z,15.0,15.31,14.81,14.81,737000,11.4128531802,11.6487188126,11.2682903733,11.2682903733,737000,0.0,1.0
970,2000-11-03T00:00:00.000Z,15.62,15.62,14.88,14.88,512500,11.884584445,11.884584445,11.3215503548,11.3215503548,512500,0.0,1.0
971,2000-11-06T00:00:00.000Z,16.12,16.44,15.81,15.94,606800,12.2650128844,12.5084870855,12.029147252,12.1280586462,606800,0.0,1.0
972,2000-11-07T00:00:00.000Z,15.94,16.06,15.5,16.0,335500,12.1280586462,12.2193614716,11.7932816196,12.1737100589,335500,0.0,1.0
973,2000-11-08T00:00:00.000Z,16.75,16.94,15.88,15.94,728300,12.7443527179,12.8889155249,12.0824072335,12.1280586462,728300,0.0,1.0
974,2000-11-09T00:00:00.000Z,16.5,16.69,16.44,16.62,347100,12.5541384983,12.6987013052,12.5084870855,12.6454413237,347100,0.0,1.0
975,2000-11-10T00:00:00.000Z,16.31,16.5,15.81,16.44,240600,12.4095756913,12.5541384983,12.029147252,12.5084870855,240600,0.0,1.0
976,2000-11-13T00:00:00.000Z,15.5,16.12,15.38,16.12,198600,11.7932816196,12.2650128844,11.7019787941,12.2650128844,198600,0.0,1.0
977,2000-11-14T00:00:00.000Z,15.62,15.75,15.5,15.62,197200,11.884584445,11.9834958392,11.7932816196,11.884584445,197200,0.0,1.0
978,2000-11-15T00:00:00.000Z,16.0,16.0,15.5,15.62,294900,12.1737100589,12.1737100589,11.7932816196,11.884584445,294900,0.0,1.0
979,2000-11-16T00:00:00.000Z,15.25,16.19,15.25,16.0,195700,11.6030673999,12.3182728659,11.6030673999,12.1737100589,195700,0.0,1.0
980,2000-11-17T00:00:00.000Z,15.56,15.62,15.12,15.31,203500,11.8389330323,11.884584445,11.5041560057,11.6487188126,203500,0.0,1.0
981,2000-11-20T00:00:00.000Z,15.5,15.62,15.31,15.5,312600,11.7932816196,11.884584445,11.6487188126,11.7932816196,312600,0.0,1.0
982,2000-11-21T00:00:00.000Z,15.56,15.94,15.38,15.56,196000,11.8389330323,12.1280586462,11.7019787941,11.8389330323,196000,0.0,1.0
983,2000-11-22T00:00:00.000Z,15.31,15.5,14.75,15.44,138400,11.6487188126,11.7932816196,11.2226389606,11.7476302068,138400,0.0,1.0
984,2000-11-24T00:00:00.000Z,15.5,15.5,15.19,15.31,77500,11.7932816196,11.7932816196,11.5574159872,11.6487188126,77500,0.0,1.0
985,2000-11-27T00:00:00.000Z,15.25,15.75,15.0,15.38,191100,11.6030673999,11.9834958392,11.4128531802,11.7019787941,191100,0.0,1.0
986,2000-11-28T00:00:00.000Z,15.12,15.31,14.88,15.25,231000,11.5041560057,11.6487188126,11.3215503548,11.6030673999,231000,0.0,1.0
987,2000-11-29T00:00:00.000Z,15.5,15.5,15.06,15.12,177200,11.7932816196,11.7932816196,11.458504593,11.5041560057,177200,0.0,1.0
988,2000-11-30T00:00:00.000Z,15.0,15.44,14.56,15.38,185400,11.4128531802,11.7476302068,11.0780761536,11.7019787941,185400,0.0,1.0
989,2000-12-01T00:00:00.000Z,15.25,15.38,14.88,14.88,136800,11.6030673999,11.7019787941,11.3215503548,11.3215503548,136800,0.0,1.0
990,2000-12-04T00:00:00.000Z,14.88,15.25,14.88,15.06,184000,11.3215503548,11.6030673999,11.3215503548,11.458504593,184000,0.0,1.0
991,2000-12-05T00:00:00.000Z,15.25,15.5,14.88,14.94,249700,11.6030673999,11.7932816196,11.3215503548,11.3672017675,249700,0.0,1.0
992,2000-12-06T00:00:00.000Z,14.81,15.19,14.75,15.12,117400,11.2682903733,11.5574159872,11.2226389606,11.5041560057,117400,0.0,1.0
993,2000-12-07T00:00:00.000Z,15.0,15.0,14.81,14.81,138500,11.4128531802,11.4128531802,11.2682903733,11.2682903733,138500,0.0,1.0
994,2000-12-08T00:00:00.000Z,14.75,15.06,14.62,14.88,274200,11.2226389606,11.458504593,11.1237275663,11.3215503548,274200,0.0,1.0
995,2000-12-11T00:00:00.000Z,15.38,15.5,14.75,14.81,363200,11.7019787941,11.7932816196,11.2226389606,11.2682903733,363200,0.0,1.0
996,2000-12-12T00:00:00.000Z,15.81,16.0,15.12,15.25,387000,12.029147252,12.1737100589,11.5041560057,11.6030673999,387000,0.0,1.0
997,2000-12-13T00:00:00.000Z,15.44,15.75,15.25,15.69,147400,11.7476302068,11.9834958392,11.6030673999,11.9378444265,147400,0.0,1.0
998,2000-12-14T00:00:00.000Z,15.06,15.44,14.75,15.38,169800,11.458504593,11.7476302068,11.2226389606,11.7019787941,169800,0.0,1.0
999,2000-12-15T00:00:00.000Z,14.5,14.94,14.5,14.94,191600,11.0324247409,11.3672017675,11.0324247409,11.3672017675,191600,0.0,1.0
1000,2000-12-18T00:00:00.000Z,14.25,14.75,14.25,14.56,203300,10.8422105212,11.2226389606,10.8422105212,11.0780761536,203300,0.0,1.0
1001,2000-12-19T00:00:00.000Z,14.06,14.38,13.81,14.12,449900,10.6976477143,10.9411219154,10.5074334946,10.743299127,449900,0.0,1.0
1002,2000-12-20T00:00:00.000Z,14.56,14.56,13.44,14.0,215600,11.0780761536,11.0780761536,10.2259164495,10.6519963015,215600,0.0,1.0
1003,2000-12-21T00:00:00.000Z,15.56,15.56,14.56,14.56,429000,11.8389330323,11.8389330323,11.0780761536,11.0780761536,429000,0.0,1.0
1004,2000-12-22T00:00:00.000Z,15.5,15.62,15.38,15.5,207600,11.7932816196,11.884584445,11.7019787941,11.7932816196,207600,0.0,1.0
1005,2000-12-26T00:00:00.000Z,15.94,16.12,15.5,15.5,204500,12.1280586462,12.2650128844,11.7932816196,11.7932816196,204500,0.0,1.0
1006,2000-12-27T00:00:00.000Z,16.38,16.62,15.75,15.81,190200,12.4628356728,12.6454413237,11.9834958392,12.029147252,190200,0.0,1.0
1007,2000-12-28T00:00:00.000Z,16.75,16.81,16.38,16.38,222000,12.7443527179,12.7900041306,12.4628356728,12.4628356728,222000,0.0,1.0
1008,2000-12-29T00:00:00.000Z,16.12,17.19,16.12,16.88,370900,12.2650128844,13.0791297445,12.2650128844,12.8432641122,370900,0.0,1.0
1009,2001-01-02T00:00:00.000Z,16.38,16.75,15.88,16.0,266800,12.4628356728,12.7443527179,12.0824072335,12.1737100589,266800,0.0,1.0
1010,2001-01-03T00:00:00.000Z,15.94,16.62,15.88,16.25,433500,12.1280586462,12.6454413237,12.0824072335,12.3639242786,433500,0.0,1.0
1011,2001-01-04T00:00:00.000Z,15.69,15.94,15.25,15.81,136200,11.9378444265,12.1280586462,11.6030673999,12.029147252,136200,0.0,1.0
1012,2001-01-05T00:00:00.000Z,15.12,15.62,14.81,15.62,143900,11.5041560057,11.884584445,11.2682903733,11.884584445,143900,0.0,1.0
1013,2001-01-08T00:00:00.000Z,15.38,15.38,14.88,15.0,120400,11.7019787941,11.7019787941,11.3215503548,11.4128531802,120400,0.0,1.0
1014,2001-01-09T00:00:00.000Z,14.69,15.38,14.38,15.38,160500,11.1769875478,11.7019787941,10.9411219154,11.7019787941,160500,0.0,1.0
1015,2001-01-10T00:00:00.000Z,14.81,14.88,14.5,14.69,425400,11.2682903733,11.3215503548,11.0324247409,11.1769875478,425400,0.0,1.0
1016,2001-01-11T00:00:00.000Z,14.5,15.0,14.44,14.81,153500,11.0324247409,11.4128531802,10.9867733282,11.2682903733,153500,0.0,1.0
1017,2001-01-12T00:00:00.000Z,14.75,15.0,14.44,14.5,124800,11.2226389606,11.4128531802,10.9867733282,11.0324247409,124800,0.0,1.0
1018,2001-01-16T00:00:00.000Z,15.19,15.19,14.5,14.62,79000,11.5574159872,11.5574159872,11.0324247409,11.1237275663,79000,0.0,1.0
1019,2001-01-17T00:00:00.000Z,14.75,15.12,14.5,15.06,71200,11.2226389606,11.5041560057,11.0324247409,11.458504593,71200,0.0,1.0
1020,2001-01-18T00:00:00.000Z,15.0,15.0,14.5,14.62,75000,11.4128531802,11.4128531802,11.0324247409,11.1237275663,75000,0.0,1.0
1021,2001-01-19T00:00:00.000Z,14.62,14.94,14.5,14.88,102600,11.1237275663,11.3672017675,11.0324247409,11.3215503548,102600,0.0,1.0
1022,2001-01-22T00:00:00.000Z,14.38,14.75,14.31,14.56,240300,10.9411219154,11.2226389606,10.8878619339,11.0780761536,240300,0.0,1.0
1023,2001-01-23T00:00:00.000Z,13.94,14.5,13.75,14.38,236900,10.6063448888,11.0324247409,10.4617820819,10.9411219154,236900,0.0,1.0
1024,2001-01-24T00:00:00.000Z,13.56,14.06,13.25,13.94,202000,10.3172192749,10.6976477143,10.0813536425,10.6063448888,202000,0.0,1.0
1025,2001-01-25T00:00:00.000Z,14.44,14.5,13.88,13.88,637300,10.9867733282,11.0324247409,10.5606934761,10.5606934761,637300,0.0,1.0
1026,2001-01-26T00:00:00.000Z,17.25,18.19,15.12,15.12,1201500,13.1247811573,13.8399866232,11.5041560057,11.5041560057,1201500,0.0,1.0
1027,2001-01-29T00:00:00.000Z,18.01,19.25,17.7,17.75,1228800,13.7030323851,14.6464949146,13.4671667527,13.5052095966,1228800,0.0,1.0
1028,2001-01-30T00:00:00.000Z,18.01,18.64,17.2,18.1,703100,13.7030323851,14.1823722186,13.0867383133,13.7715095041,703100,0.0,1.0
1029,2001-01-31T00:00:00.000Z,18.0,18.25,17.13,18.0,545100,13.6954238163,13.8856380359,13.0334783318,13.6954238163,545100,0.0,1.0
1030,2001-02-01T00:00:00.000Z,17.93,18.25,17.74,18.05,290000,13.6421638348,13.8856380359,13.4976010278,13.7334666602,290000,0.0,1.0
1031,2001-02-02T00:00:00.000Z,17.86,18.0,17.69,17.8,204100,13.5889038533,13.6954238163,13.4595581839,13.5432524405,204100,0.0,1.0
1032,2001-02-05T00:00:00.000Z,17.25,17.8,17.05,17.8,422000,13.1247811573,13.5432524405,12.9726097815,13.5432524405,422000,0.0,1.0
1033,2001-02-06T00:00:00.000Z,17.32,17.5,17.1,17.25,322200,13.1780411388,13.3149953769,13.0106526255,13.1247811573,322200,0.0,1.0
1034,2001-02-07T00:00:00.000Z,17.23,17.28,16.95,17.0,306700,13.1095640197,13.1476068636,12.8965240937,12.9345669376,306700,0.0,1.0
1035,2001-02-08T00:00:00.000Z,16.98,17.23,16.81,17.23,183600,12.9193498,13.1095640197,12.7900041306,13.1095640197,183600,0.0,1.0
1036,2001-02-09T00:00:00.000Z,18.19,18.2,16.98,16.98,493500,13.8399866232,13.847595192,12.9193498,12.9193498,493500,0.0,1.0
1037,2001-02-12T00:00:00.000Z,19.04,19.1,18.1,18.19,406800,14.4867149701,14.5323663828,13.7715095041,13.8399866232,406800,0.0,1.0
1038,2001-02-13T00:00:00.000Z,18.4,19.01,18.39,19.0,234700,13.9997665677,14.4638892637,13.992157999,14.456280695,234700,0.0,1.0
1039,2001-02-14T00:00:00.000Z,18.62,18.64,18.05,18.2,302700,14.1671550811,14.1823722186,13.7334666602,13.847595192,302700,0.0,1.0
1040,2001-02-15T00:00:00.000Z,19.05,19.1,18.5,18.6,250000,14.4943235389,14.5323663828,14.0758522556,14.1519379435,250000,0.0,1.0
1041,2001-02-16T00:00:00.000Z,18.71,18.84,18.4,18.8,162900,14.2356322001,14.3345435944,13.9997665677,14.3041093192,162900,0.0,1.0
1042,2001-02-20T00:00:00.000Z,18.45,18.84,18.25,18.5,176700,14.0378094117,14.3345435944,13.8856380359,14.0758522556,176700,0.0,1.0
1043,2001-02-21T00:00:00.000Z,18.22,18.5,17.9,18.45,251400,13.8628123296,14.0758522556,13.6193381284,14.0378094117,251400,0.0,1.0
1044,2001-02-22T00:00:00.000Z,18.13,18.4,17.86,18.15,224300,13.7943352105,13.9997665677,13.5889038533,13.8095523481,224300,0.0,1.0
1045,2001-02-23T00:00:00.000Z,18.06,18.5,17.95,18.2,375100,13.741075229,14.0758522556,13.6573809723,13.847595192,375100,0.0,1.0
1046,2001-02-26T00:00:00.000Z,18.09,18.25,17.8,18.06,313200,13.7639009354,13.8856380359,13.5432524405,13.741075229,313200,0.0,1.0
1047,2001-02-27T00:00:00.000Z,18.06,18.22,18.06,18.15,186800,13.741075229,13.8628123296,13.741075229,13.8095523481,186800,0.0,1.0
1048,2001-02-28T00:00:00.000Z,18.7,18.74,18.1,18.15,249300,14.2280236314,14.2584579065,13.7715095041,13.8095523481,249300,0.0,1.0
1049,2001-03-01T00:00:00.000Z,17.84,18.65,17.77,18.65,201000,13.5736867157,14.1899807874,13.5204267342,14.1899807874,201000,0.0,1.0
1050,2001-03-02T00:00:00.000Z,18.1,18.15,17.8,17.8,322400,13.7715095041,13.8095523481,13.5432524405,13.5432524405,322400,0.0,1.0
1051,2001-03-05T00:00:00.000Z,18.25,18.55,18.05,18.05,248100,13.8856380359,14.1138950996,13.7334666602,13.7334666602,248100,0.0,1.0
1052,2001-03-06T00:00:00.000Z,17.95,18.28,17.76,18.1,171400,13.6573809723,13.9084637423,13.5128181654,13.7715095041,171400,0.0,1.0
1053,2001-03-07T00:00:00.000Z,17.73,18.4,17.67,17.9,174300,13.489992459,13.9997665677,13.4443410463,13.6193381284,174300,0.0,1.0
1054,2001-03-08T00:00:00.000Z,18.01,18.01,17.6,17.73,202300,13.7030323851,13.7030323851,13.3910810648,13.489992459,202300,0.0,1.0
1055,2001-03-09T00:00:00.000Z,18.01,18.02,17.53,17.8,242700,13.7030323851,13.7106409538,13.3378210833,13.5432524405,242700,0.0,1.0
1056,2001-03-12T00:00:00.000Z,18.0,18.32,17.63,17.95,286100,13.6954238163,13.9388980175,13.4139067712,13.6573809723,286100,0.0,1.0
1057,2001-03-13T00:00:00.000Z,17.58,17.95,17.45,17.85,320200,13.3758639272,13.6573809723,13.276952533,13.5812952845,320200,0.0,1.0
1058,2001-03-14T00:00:00.000Z,17.52,17.61,17.16,17.2,140600,13.3302125145,13.3986896336,13.0563040382,13.0867383133,140600,0.0,1.0
1059,2001-03-15T00:00:00.000Z,14.15,17.46,14.0,17.45,1587300,10.7661248333,13.2845611018,10.6519963015,13.276952533,1587300,0.0,1.0
1060,2001-03-16T00:00:00.000Z,12.87,14.6,12.76,14.2,1121300,9.7922280286,11.1085104288,9.708533772,10.8041676773,1121300,0.0,1.0
1061,2001-03-19T00:00:00.000Z,13.25,13.25,12.5,12.88,544000,10.0813536425,10.0813536425,9.5107109835,9.7998365974,544000,0.0,1.0
1062,2001-03-20T00:00:00.000Z,13.55,13.82,13.25,13.35,316300,10.3096107061,10.5150420634,10.0813536425,10.1574393304,316300,0.0,1.0
1063,2001-03-21T00:00:00.000Z,12.79,13.41,12.75,13.4,237300,9.7313594783,10.2030907431,9.7009252032,10.1954821743,237300,0.0,1.0
1064,2001-03-22T00:00:00.000Z,12.21,12.75,11.6,12.7,293100,9.2900624887,9.7009252032,8.8259397927,9.6628823593,293100,0.0,1.0
1065,2001-03-23T00:00:00.000Z,12.73,12.79,12.23,12.23,250100,9.6857080656,9.7313594783,9.3052796263,9.3052796263,250100,0.0,1.0
1066,2001-03-26T00:00:00.000Z,13.09,13.25,12.5,12.75,383600,9.9596165419,10.0813536425,9.5107109835,9.7009252032,383600,0.0,1.0
1067,2001-03-27T00:00:00.000Z,12.95,13.05,12.75,12.99,278500,9.8530965789,9.9291822668,9.7009252032,9.8835308541,278500,0.0,1.0
1068,2001-03-28T00:00:00.000Z,12.5,13.0,12.5,12.98,182100,9.5107109835,9.8911394229,9.5107109835,9.8759222853,182100,0.0,1.0
1069,2001-03-29T00:00:00.000Z,12.85,13.02,12.54,12.55,101600,9.7770108911,9.9063565604,9.5411452587,9.5487538275,101600,0.0,1.0
1070,2001-03-30T00:00:00.000Z,14.1,14.15,12.77,12.85,328700,10.7280819894,10.7661248333,9.7161423408,9.7770108911,328700,0.0,1.0
1071,2001-04-02T00:00:00.000Z,13.45,14.05,13.45,13.9,198300,10.2335250183,10.6900391455,10.2335250183,10.5759106137,198300,0.0,1.0
1072,2001-04-03T00:00:00.000Z,12.3,13.45,12.3,13.35,254900,9.3585396078,10.2335250183,9.3585396078,10.1574393304,254900,0.0,1.0
1073,2001-04-04T00:00:00.000Z,12.91,13.1,12.14,12.3,244500,9.8226623038,9.9672251107,9.2368025072,9.3585396078,244500,0.0,1.0
1074,2001-04-05T00:00:00.000Z,13.45,13.45,12.77,12.91,166400,10.2335250183,10.2335250183,9.7161423408,9.8226623038,166400,0.0,1.0
1075,2001-04-06T00:00:00.000Z,13.29,13.59,12.98,13.35,143700,10.1117879177,10.3400449813,9.8759222853,10.1574393304,143700,0.0,1.0
1076,2001-04-09T00:00:00.000Z,13.77,13.93,13.29,13.29,105100,10.4769992195,10.59873632,10.1117879177,10.1117879177,105100,0.0,1.0
1077,2001-04-10T00:00:00.000Z,13.77,13.86,13.35,13.67,156700,10.4769992195,10.5454763385,10.1574393304,10.4009135316,156700,0.0,1.0
1078,2001-04-11T00:00:00.000Z,13.66,14.01,13.65,13.87,230200,10.3933049628,10.6596048703,10.385696394,10.5530849073,230200,0.0,1.0
1079,2001-04-12T00:00:00.000Z,13.8,13.9,13.36,13.6,135600,10.4998249258,10.5759106137,10.1650478992,10.3476535501,135600,0.0,1.0
1080,2001-04-16T00:00:00.000Z,14.2,14.25,13.9,14.1,133800,10.8041676773,10.8422105212,10.5759106137,10.7280819894,133800,0.0,1.0
1081,2001-04-17T00:00:00.000Z,14.55,14.8,14.02,14.1,125800,11.0704675848,11.2606818045,10.6672134391,10.7280819894,125800,0.0,1.0
1082,2001-04-18T00:00:00.000Z,14.69,15.1,14.55,15.0,193500,11.1769875478,11.4889388681,11.0704675848,11.4128531802,193500,0.0,1.0
1083,2001-04-19T00:00:00.000Z,15.15,15.15,14.45,14.69,134500,11.526981712,11.526981712,10.994381897,11.1769875478,134500,0.0,1.0
1084,2001-04-20T00:00:00.000Z,15.17,15.17,14.52,15.05,151600,11.5421988496,11.5421988496,11.0476418785,11.4508960242,151600,0.0,1.0
1085,2001-04-23T00:00:00.000Z,15.42,15.42,15.0,15.12,132600,11.7324130693,11.7324130693,11.4128531802,11.5041560057,132600,0.0,1.0
1086,2001-04-24T00:00:00.000Z,14.85,15.3,14.55,15.3,224700,11.2987246484,11.6411102438,11.0704675848,11.6411102438,224700,0.0,1.0
1087,2001-04-25T00:00:00.000Z,15.3,15.3,14.6,14.75,88700,11.6411102438,11.6411102438,11.1085104288,11.2226389606,88700,0.0,1.0
1088,2001-04-26T00:00:00.000Z,17.01,17.4,15.59,15.6,397500,12.9421755064,13.2389096891,11.8617587387,11.8693673074,397500,0.0,1.0
1089,2001-04-27T00:00:00.000Z,17.6,17.68,17.01,17.01,277900,13.3910810648,13.4519496151,12.9421755064,12.9421755064,277900,0.0,1.0
1090,2001-04-30T00:00:00.000Z,18.18,18.24,17.9,17.95,443400,13.8323780544,13.8780294672,13.6193381284,13.6573809723,443400,0.0,1.0
1091,2001-05-01T00:00:00.000Z,18.07,18.24,17.75,18.05,453700,13.7486837978,13.8780294672,13.5052095966,13.7334666602,453700,0.0,1.0
1092,2001-05-02T00:00:00.000Z,17.97,18.05,17.45,18.05,155600,13.6725981099,13.7334666602,13.276952533,13.7334666602,155600,0.0,1.0
1093,2001-05-03T00:00:00.000Z,17.45,17.98,17.2,17.8,292200,13.276952533,13.6802066787,13.0867383133,13.5432524405,292200,0.0,1.0
1094,2001-05-04T00:00:00.000Z,17.9,17.9,16.75,17.35,177400,13.6193381284,13.6193381284,12.7443527179,13.2008668451,177400,0.0,1.0
1095,2001-05-07T00:00:00.000Z,17.57,18.0,17.3,18.0,293900,13.3682553584,13.6954238163,13.1628240012,13.6954238163,293900,0.0,1.0
1096,2001-05-08T00:00:00.000Z,17.31,17.65,17.22,17.54,106600,13.17043257,13.4291239087,13.1019554509,13.3454296521,106600,0.0,1.0
1097,2001-05-09T00:00:00.000Z,16.98,17.4,16.9,17.4,120800,12.9193498,13.2389096891,12.8584812497,13.2389096891,120800,0.0,1.0
1098,2001-05-10T00:00:00.000Z,16.85,17.0,16.68,17.0,158300,12.8204384058,12.9345669376,12.6910927364,12.9345669376,158300,0.0,1.0
1099,2001-05-11T00:00:00.000Z,17.42,17.55,16.7,16.72,302900,13.2541268266,13.3530382209,12.706309874,12.7215270116,302900,0.0,1.0
1100,2001-05-14T00:00:00.000Z,16.98,17.3,16.9,17.3,21500,12.9193498,13.1628240012,12.8584812497,13.1628240012,21500,0.0,1.0
1101,2001-05-15T00:00:00.000Z,17.32,17.32,16.61,17.05,99600,13.1780411388,13.1780411388,12.6378327549,12.9726097815,99600,0.0,1.0
1102,2001-05-16T00:00:00.000Z,17.15,17.5,16.8,17.32,193200,13.0486954694,13.3149953769,12.7823955619,13.1780411388,193200,0.0,1.0
1103,2001-05-17T00:00:00.000Z,17.85,17.95,17.01,17.2,179700,13.5812952845,13.6573809723,12.9421755064,13.0867383133,179700,0.0,1.0
1104,2001-05-18T00:00:00.000Z,17.6,17.75,17.41,17.65,99400,13.3910810648,13.5052095966,13.2465182579,13.4291239087,99400,0.0,1.0
1105,2001-05-21T00:00:00.000Z,17.97,17.97,17.6,17.6,106200,13.6725981099,13.6725981099,13.3910810648,13.3910810648,106200,0.0,1.0
1106,2001-05-22T00:00:00.000Z,17.67,17.97,17.62,17.97,76900,13.4443410463,13.6725981099,13.4062982024,13.6725981099,76900,0.0,1.0
1107,2001-05-23T00:00:00.000Z,17.29,17.7,17.01,17.7,119900,13.1552154324,13.4671667527,12.9421755064,13.4671667527,119900,0.0,1.0
1108,2001-05-24T00:00:00.000Z,17.62,17.62,16.76,17.29,131100,13.4062982024,13.4062982024,12.7519612867,13.1552154324,131100,0.0,1.0
1109,2001-05-25T00:00:00.000Z,17.49,17.6,17.2,17.5,70900,13.3073868081,13.3910810648,13.0867383133,13.3149953769,70900,0.0,1.0
1110,2001-05-29T00:00:00.000Z,16.95,17.47,16.71,17.47,82400,12.8965240937,13.2921696706,12.7139184428,13.2921696706,82400,0.0,1.0
1111,2001-05-30T00:00:00.000Z,17.02,17.18,16.86,16.99,98000,12.9497840752,13.0715211758,12.8280469746,12.9269583688,98000,0.0,1.0
1112,2001-05-31T00:00:00.000Z,17.3,17.45,17.0,17.12,111200,13.1628240012,13.276952533,12.9345669376,13.025869763,111200,0.0,1.0
1113,2001-06-01T00:00:00.000Z,17.84,17.85,17.31,17.31,112500,13.5736867157,13.5812952845,13.17043257,13.17043257,112500,0.0,1.0
1114,2001-06-04T00:00:00.000Z,17.86,18.0,17.58,17.83,158000,13.5889038533,13.6954238163,13.3758639272,13.5660781469,158000,0.0,1.0
1115,2001-06-05T00:00:00.000Z,18.0,18.0,17.6,17.85,130200,13.6954238163,13.6954238163,13.3910810648,13.5812952845,130200,0.0,1.0
1116,2001-06-06T00:00:00.000Z,17.25,18.0,16.9,18.0,183900,13.1247811573,13.6954238163,12.8584812497,13.6954238163,183900,0.0,1.0
1117,2001-06-07T00:00:00.000Z,17.64,17.69,17.2,17.23,299100,13.4215153399,13.4595581839,13.0867383133,13.1095640197,299100,0.0,1.0
1118,2001-06-08T00:00:00.000Z,18.0,18.07,17.6,17.64,157900,13.6954238163,13.7486837978,13.3910810648,13.4215153399,157900,0.0,1.0
1119,2001-06-11T00:00:00.000Z,18.0,18.28,17.8,17.85,275200,13.6954238163,13.9084637423,13.5432524405,13.5812952845,275200,0.0,1.0
1120,2001-06-12T00:00:00.000Z,18.17,18.17,17.61,18.01,151200,13.8247694857,13.8247694857,13.3986896336,13.7030323851,151200,0.0,1.0
1121,2001-06-13T00:00:00.000Z,17.52,18.11,17.52,18.1,100400,13.3302125145,13.7791180729,13.3302125145,13.7715095041,100400,0.0,1.0
1122,2001-06-14T00:00:00.000Z,17.35,17.7,17.26,17.52,94800,13.2008668451,13.4671667527,13.1323897261,13.3302125145,94800,0.0,1.0
1123,2001-06-15T00:00:00.000Z,17.55,17.94,17.36,17.36,148800,13.3530382209,13.6497724036,13.2084754139,13.2084754139,148800,0.0,1.0
1124,2001-06-18T00:00:00.000Z,17.7,18.0,17.55,17.55,115600,13.4671667527,13.6954238163,13.3530382209,13.3530382209,115600,0.0,1.0
1125,2001-06-19T00:00:00.000Z,18.25,18.25,17.71,17.71,260400,13.8856380359,13.8856380359,13.4747753215,13.4747753215,260400,0.0,1.0
1126,2001-06-20T00:00:00.000Z,18.5,18.7,18.1,18.2,365100,14.0758522556,14.2280236314,13.7715095041,13.847595192,365100,0.0,1.0
1127,2001-06-21T00:00:00.000Z,19.91,19.91,18.45,18.45,438000,15.1486604546,15.1486604546,14.0378094117,14.0378094117,438000,0.0,1.0
1128,2001-06-22T00:00:00.000Z,19.2,19.91,19.0,19.9,279400,14.6084520707,15.1486604546,14.456280695,15.1410518858,279400,0.0,1.0
1129,2001-06-25T00:00:00.000Z,18.92,19.2,18.77,19.19,244600,14.3954121447,14.6084520707,14.2812836129,14.6008435019,244600,0.0,1.0
1130,2001-06-26T00:00:00.000Z,19.37,19.63,18.88,18.9,269300,14.7377977401,14.9356205285,14.3649778695,14.3801950071,269300,0.0,1.0
1131,2001-06-27T00:00:00.000Z,19.94,20.0,19.21,19.38,284400,15.1714861609,15.2171375736,14.6160606395,14.7454063089,284400,0.0,1.0
1132,2001-06-28T00:00:00.000Z,19.66,20.2,19.35,19.94,351300,14.9584462349,15.3693089494,14.7225806025,15.1714861609,351300,0.0,1.0
1133,2001-06-29T00:00:00.000Z,20.05,20.34,19.45,19.5,755600,15.2551804176,15.4758289124,14.7986662904,14.8367091343,755600,0.0,1.0
1134,2001-07-02T00:00:00.000Z,20.27,20.5,20.05,20.2,449300,15.4225689309,15.597566013,15.2551804176,15.3693089494,449300,0.0,1.0
1135,2001-07-03T00:00:00.000Z,20.06,20.34,19.9,20.2,122200,15.2627889864,15.4758289124,15.1410518858,15.3693089494,122200,0.0,1.0
1136,2001-07-05T00:00:00.000Z,20.38,20.5,19.97,20.1,212100,15.5062631875,15.597566013,15.1943118673,15.2932232615,212100,0.0,1.0
1137,2001-07-06T00:00:00.000Z,20.3,20.65,20.0,20.35,314000,15.4453946372,15.7116945448,15.2171375736,15.4834374812,314000,0.0,1.0
1138,2001-07-09T00:00:00.000Z,20.24,20.31,20.08,20.31,188300,15.3997432245,15.453003206,15.2780061239,15.453003206,188300,0.0,1.0
1139,2001-07-10T00:00:00.000Z,20.12,20.34,19.73,20.24,304600,15.3084403991,15.4758289124,15.0117062164,15.3997432245,304600,0.0,1.0
1140,2001-07-11T00:00:00.000Z,21.4,22.05,19.9,20.29,997000,16.2823372038,16.7768941749,15.1410518858,15.4377860685,997000,0.0,1.0
1141,2001-07-12T00:00:00.000Z,21.84,21.99,21.6,21.75,717900,16.6171142304,16.7312427622,16.4345085795,16.5486371113,717900,0.0,1.0
1142,2001-07-13T00:00:00.000Z,22.1,22.75,21.59,21.75,279200,16.8149370189,17.30949399,16.4269000107,16.5486371113,279200,0.0,1.0
1143,2001-07-16T00:00:00.000Z,21.96,22.16,21.8,21.9,209800,16.7084170559,16.8605884316,16.5866799553,16.6627656431,209800,0.0,1.0
1144,2001-07-17T00:00:00.000Z,22.15,22.29,21.65,21.86,160300,16.8529798628,16.9594998258,16.4725514235,16.632331368,160300,0.0,1.0
1145,2001-07-18T00:00:00.000Z,21.82,21.99,21.55,21.95,169400,16.6018970928,16.7312427622,16.3964657356,16.7008084871,169400,0.0,1.0
1146,2001-07-19T00:00:00.000Z,21.9,22.6,21.6,22.01,555500,16.6627656431,17.1953654582,16.4345085795,16.7464598998,555500,0.0,1.0
1147,2001-07-20T00:00:00.000Z,20.72,21.35,20.3,21.35,425400,15.7649545263,16.2442943599,15.4453946372,16.2442943599,425400,0.0,1.0
1148,2001-07-23T00:00:00.000Z,20.45,20.75,20.2,20.7,295000,15.559523169,15.7877802327,15.3693089494,15.7497373887,295000,0.0,1.0
1149,2001-07-24T00:00:00.000Z,19.98,20.55,19.85,20.41,223900,15.2019204361,15.6356088569,15.1030090418,15.5290888939,223900,0.0,1.0
1150,2001-07-25T00:00:00.000Z,19.99,20.23,19.86,19.95,277100,15.2095290049,15.3921346557,15.1106176106,15.1790947297,277100,0.0,1.0
1151,2001-07-26T00:00:00.000Z,20.27,20.3,19.7,19.9,260300,15.4225689309,15.4453946372,14.98888051,15.1410518858,260300,0.0,1.0
1152,2001-07-27T00:00:00.000Z,20.4,20.54,20.15,20.45,166800,15.5214803251,15.6280002881,15.3312661054,15.559523169,166800,0.0,1.0
1153,2001-07-30T00:00:00.000Z,21.27,21.27,20.45,20.5,336900,16.1834258096,16.1834258096,15.559523169,15.597566013,336900,0.0,1.0
1154,2001-07-31T00:00:00.000Z,21.51,21.58,21.15,21.25,290000,16.3660314604,16.419291442,16.0921229841,16.168208672,290000,0.0,1.0
1155,2001-08-01T00:00:00.000Z,21.99,22.0,21.48,21.7,563500,16.7312427622,16.738851331,16.3432057541,16.5105942674,563500,0.0,1.0
1156,2001-08-02T00:00:00.000Z,21.94,21.99,21.7,21.99,212400,16.6931999183,16.7312427622,16.5105942674,16.7312427622,212400,0.0,1.0
1157,2001-08-03T00:00:00.000Z,21.74,21.98,21.61,21.85,313400,16.5410285425,16.7236341934,16.4421171483,16.6247227992,313400,0.0,1.0
1158,2001-08-06T00:00:00.000Z,21.04,21.75,21.04,21.74,92900,16.0084287275,16.5486371113,16.0084287275,16.5410285425,92900,0.0,1.0
1159,2001-08-07T00:00:00.000Z,21.25,21.6,21.0,21.2,245400,16.168208672,16.4345085795,15.9779944523,16.1301658281,245400,0.0,1.0
1160,2001-08-08T00:00:00.000Z,20.7,21.2,20.58,21.2,95800,15.7497373887,16.1301658281,15.6584345633,16.1301658281,95800,0.0,1.0
1161,2001-08-09T00:00:00.000Z,20.46,20.95,20.3,20.65,144500,15.5671317378,15.9399516084,15.4453946372,15.7116945448,144500,0.0,1.0
1162,2001-08-10T00:00:00.000Z,20.65,20.81,20.32,20.5,156000,15.7116945448,15.8334316454,15.4606117748,15.597566013,156000,0.0,1.0
1163,2001-08-13T00:00:00.000Z,20.83,20.99,20.5,20.55,109000,15.8486487829,15.9703858835,15.597566013,15.6356088569,109000,0.0,1.0
1164,2001-08-14T00:00:00.000Z,20.81,20.93,20.49,20.8,176600,15.8334316454,15.9247344708,15.5899574442,15.8258230766,176600,0.0,1.0
1165,2001-08-15T00:00:00.000Z,21.15,21.15,20.91,20.91,251900,16.0921229841,16.0921229841,15.9095173332,15.9095173332,251900,0.0,1.0
1166,2001-08-16T00:00:00.000Z,21.59,21.59,21.05,21.4,299500,16.4269000107,16.4269000107,16.0160372963,16.2823372038,299500,0.0,1.0
1167,2001-08-17T00:00:00.000Z,21.73,21.95,21.32,21.59,161500,16.5334199738,16.7008084871,16.2214686535,16.4269000107,161500,0.0,1.0
1168,2001-08-20T00:00:00.000Z,21.78,21.78,21.5,21.65,104400,16.5714628177,16.5714628177,16.3584228917,16.4725514235,104400,0.0,1.0
1169,2001-08-21T00:00:00.000Z,21.5,21.9,21.48,21.75,253100,16.3584228917,16.6627656431,16.3432057541,16.5486371113,253100,0.0,1.0
1170,2001-08-22T00:00:00.000Z,21.46,21.75,21.1,21.51,362700,16.3279886165,16.5486371113,16.0540801402,16.3660314604,362700,0.0,1.0
1171,2001-08-23T00:00:00.000Z,21.5,21.88,21.46,21.46,94400,16.3584228917,16.6475485056,16.3279886165,16.3279886165,94400,0.0,1.0
1172,2001-08-24T00:00:00.000Z,22.0,22.0,21.37,21.51,120000,16.738851331,16.738851331,16.2595114974,16.3660314604,120000,0.0,1.0
1173,2001-08-27T00:00:00.000Z,22.04,22.2,21.82,21.9,381100,16.7692856062,16.8910227067,16.6018970928,16.6627656431,381100,0.0,1.0
1174,2001-08-28T00:00:00.000Z,20.83,22.04,20.8,22.04,171900,15.8486487829,16.7692856062,15.8258230766,16.7692856062,171900,0.0,1.0
1175,2001-08-29T00:00:00.000Z,19.98,20.9,19.7,20.9,354000,15.2019204361,15.9019087645,14.98888051,15.9019087645,354000,0.0,1.0
1176,2001-08-30T00:00:00.000Z,19.99,20.3,19.99,20.0,208200,15.2095290049,15.4453946372,15.2095290049,15.2171375736,208200,0.0,1.0
1177,2001-08-31T00:00:00.000Z,21.64,21.64,20.04,20.04,235000,16.4649428547,16.4649428547,15.2475718488,15.2475718488,235000,0.0,1.0
1178,2001-09-04T00:00:00.000Z,21.36,22.04,21.34,21.5,267900,16.2519029286,16.7692856062,16.2366857911,16.3584228917,267900,0.0,1.0
1179,2001-09-05T00:00:00.000Z,21.6,21.9,21.37,21.41,420000,16.4345085795,16.6627656431,16.2595114974,16.2899457726,420000,0.0,1.0
1180,2001-09-06T00:00:00.000Z,21.08,21.65,20.9,21.5,249700,16.0388630026,16.4725514235,15.9019087645,16.3584228917,249700,0.0,1.0
1181,2001-09-07T00:00:00.000Z,20.64,20.96,20.25,20.93,274700,15.704085976,15.9475601772,15.4073517933,15.9247344708,274700,0.0,1.0
1182,2001-09-10T00:00:00.000Z,19.47,20.25,19.15,20.25,273300,14.8138834279,15.4073517933,14.5704092268,15.4073517933,273300,0.0,1.0
1183,2001-09-17T00:00:00.000Z,18.64,18.9,18.16,18.9,239200,14.1823722186,14.3801950071,13.8171609169,14.3801950071,239200,0.0,1.0
1184,2001-09-18T00:00:00.000Z,18.05,18.63,17.7,18.54,99600,13.7334666602,14.1747636498,13.4671667527,14.1062865308,99600,0.0,1.0
1185,2001-09-19T00:00:00.000Z,17.93,18.15,17.06,18.02,184100,13.6421638348,13.8095523481,12.9802183503,13.7106409538,184100,0.0,1.0
1186,2001-09-20T00:00:00.000Z,16.99,17.73,16.55,17.73,181800,12.9269583688,13.489992459,12.5921813422,13.489992459,181800,0.0,1.0
1187,2001-09-21T00:00:00.000Z,15.41,16.99,15.2,16.99,419900,11.7248045005,12.9269583688,11.565024556,12.9269583688,419900,0.0,1.0
1188,2001-09-24T00:00:00.000Z,16.3,16.44,15.4,15.4,313000,12.4019671225,12.5084870855,11.7171959317,11.7171959317,313000,0.0,1.0
1189,2001-09-25T00:00:00.000Z,17.92,17.92,16.2,16.3,190400,13.634555266,13.634555266,12.3258814346,12.4019671225,190400,0.0,1.0
1190,2001-09-26T00:00:00.000Z,18.76,18.9,18.21,18.3,376300,14.2736750441,14.3801950071,13.8552037608,13.9236808799,376300,0.0,1.0
1191,2001-09-27T00:00:00.000Z,18.36,18.76,18.15,18.76,269100,13.9693322926,14.2736750441,13.8095523481,14.2736750441,269100,0.0,1.0
1192,2001-09-28T00:00:00.000Z,19.66,20.15,18.56,18.56,327000,14.9584462349,15.3312661054,14.1215036683,14.1215036683,327000,0.0,1.0
1193,2001-10-01T00:00:00.000Z,18.13,19.45,17.9,19.45,221500,13.7943352105,14.7986662904,13.6193381284,14.7986662904,221500,0.0,1.0
1194,2001-10-02T00:00:00.000Z,19.16,19.33,18.0,18.0,207800,14.5780177955,14.7073634649,13.6954238163,13.6954238163,207800,0.0,1.0
1195,2001-10-03T00:00:00.000Z,19.05,19.2,18.62,19.06,161100,14.4943235389,14.6084520707,14.1671550811,14.5019321077,161100,0.0,1.0
1196,2001-10-04T00:00:00.000Z,18.78,19.21,18.52,19.2,118000,14.2888921816,14.6160606395,14.0910693932,14.6084520707,118000,0.0,1.0
1197,2001-10-05T00:00:00.000Z,18.4,18.77,17.9,18.77,144500,13.9997665677,14.2812836129,13.6193381284,14.2812836129,144500,0.0,1.0
1198,2001-10-08T00:00:00.000Z,17.93,18.32,17.85,18.32,67500,13.6421638348,13.9388980175,13.5812952845,13.9388980175,67500,0.0,1.0
1199,2001-10-09T00:00:00.000Z,17.26,18.13,16.85,18.13,423500,13.1323897261,13.7943352105,12.8204384058,13.7943352105,423500,0.0,1.0
1200,2001-10-10T00:00:00.000Z,17.47,17.47,17.0,17.04,354300,13.2921696706,13.2921696706,12.9345669376,12.9650012127,354300,0.0,1.0
1201,2001-10-11T00:00:00.000Z,17.78,18.35,17.5,17.87,174400,13.528035303,13.9617237238,13.3149953769,13.596512422,174400,0.0,1.0
1202,2001-10-12T00:00:00.000Z,18.0,18.13,17.4,17.9,128400,13.6954238163,13.7943352105,13.2389096891,13.6193381284,128400,0.0,1.0
1203,2001-10-15T00:00:00.000Z,18.39,18.73,17.76,18.1,179600,13.992157999,14.2508493377,13.5128181654,13.7715095041,179600,0.0,1.0
1204,2001-10-16T00:00:00.000Z,17.89,18.66,17.75,18.45,167300,13.6117295596,14.1975893562,13.5052095966,14.0378094117,167300,0.0,1.0
1205,2001-10-17T00:00:00.000Z,17.27,18.14,17.0,18.09,197900,13.1399982948,13.8019437793,12.9345669376,13.7639009354,197900,0.0,1.0
1206,2001-10-18T00:00:00.000Z,19.08,19.5,17.75,17.75,514400,14.5171492453,14.8367091343,13.5052095966,13.5052095966,514400,0.0,1.0
1207,2001-10-19T00:00:00.000Z,20.9,21.23,19.32,19.32,479900,15.9019087645,16.1529915344,14.6997548961,14.6997548961,479900,0.0,1.0
1208,2001-10-22T00:00:00.000Z,20.96,21.48,20.64,21.0,330100,15.9475601772,16.3432057541,15.704085976,15.9779944523,330100,0.0,1.0
1209,2001-10-23T00:00:00.000Z,21.91,22.92,21.0,21.1,626000,16.6703742119,17.4388396594,15.9779944523,16.0540801402,626000,0.0,1.0
1210,2001-10-24T00:00:00.000Z,22.15,22.6,21.2,21.81,569500,16.8529798628,17.1953654582,16.1301658281,16.5942885241,569500,0.0,1.0
1211,2001-10-25T00:00:00.000Z,23.01,24.91,21.9,22.25,1363300,17.5073167785,18.952944848,16.6627656431,16.9290655507,1363300,0.0,1.0
1212,2001-10-26T00:00:00.000Z,23.24,24.35,22.53,22.9,1694000,17.6823138606,18.5268649959,17.1421054767,17.4236225218,1694000,0.0,1.0
1213,2001-10-29T00:00:00.000Z,22.62,23.24,22.17,23.24,761500,17.2105825958,17.6823138606,16.8681970004,17.6823138606,761500,0.0,1.0
1214,2001-10-30T00:00:00.000Z,22.6,23.27,22.1,22.5,446100,17.1953654582,17.7051395669,16.8149370189,17.1192797703,446100,0.0,1.0
1215,2001-10-31T00:00:00.000Z,22.4,22.73,22.3,22.6,384800,17.0431940825,17.2942768524,16.9671083946,17.1953654582,384800,0.0,1.0
1216,2001-11-01T00:00:00.000Z,22.33,22.53,22.15,22.33,384300,16.989934101,17.1421054767,16.8529798628,16.989934101,384300,0.0,1.0
1217,2001-11-02T00:00:00.000Z,22.5,22.99,22.33,22.33,438100,17.1192797703,17.4920996409,16.989934101,16.989934101,438100,0.0,1.0
1218,2001-11-05T00:00:00.000Z,22.8,23.5,22.5,22.5,333000,17.3475368339,17.880136649,17.1192797703,17.1192797703,333000,0.0,1.0
1219,2001-11-06T00:00:00.000Z,23.12,23.32,22.71,22.9,214300,17.5910110351,17.7431824109,17.2790597149,17.4236225218,214300,0.0,1.0
1220,2001-11-07T00:00:00.000Z,23.26,23.47,22.87,23.12,342700,17.6975309981,17.8573109427,17.4007968155,17.5910110351,342700,0.0,1.0
1221,2001-11-08T00:00:00.000Z,23.73,23.94,23.14,23.2,432500,18.0551337311,18.2149136756,17.6062281727,17.6518795854,432500,0.0,1.0
1222,2001-11-09T00:00:00.000Z,23.08,23.8,22.9,23.63,321300,17.56057676,18.1083937126,17.4236225218,17.9790480433,321300,0.0,1.0
1223,2001-11-12T00:00:00.000Z,22.71,23.15,22.5,23.15,275000,17.2790597149,17.6138367415,17.1192797703,17.6138367415,275000,0.0,1.0
1224,2001-11-13T00:00:00.000Z,22.5,22.95,22.49,22.87,341600,17.1192797703,17.4616653658,17.1116712016,17.4007968155,341600,0.0,1.0
1225,2001-11-14T00:00:00.000Z,22.15,22.65,22.09,22.55,444900,16.8529798628,17.2334083021,16.8073284501,17.1573226143,444900,0.0,1.0
1226,2001-11-15T00:00:00.000Z,22.11,22.15,21.75,21.9,297700,16.8225455877,16.8529798628,16.5486371113,16.6627656431,297700,0.0,1.0
1227,2001-11-16T00:00:00.000Z,22.65,22.81,22.05,22.05,264000,17.2334083021,17.3551454027,16.7768941749,16.7768941749,264000,0.0,1.0
1228,2001-11-19T00:00:00.000Z,22.58,22.9,22.48,22.66,208600,17.1801483206,17.4236225218,17.1040626328,17.2410168709,208600,0.0,1.0
1229,2001-11-20T00:00:00.000Z,22.51,22.75,22.35,22.38,291400,17.1268883391,17.30949399,17.0051512385,17.0279769449,291400,0.0,1.0
1230,2001-11-21T00:00:00.000Z,22.62,22.75,21.75,22.51,126400,17.2105825958,17.30949399,16.5486371113,17.1268883391,126400,0.0,1.0
1231,2001-11-23T00:00:00.000Z,22.4,22.76,22.4,22.5,98100,17.0431940825,17.3171025588,17.0431940825,17.1192797703,98100,0.0,1.0
1232,2001-11-26T00:00:00.000Z,22.5,22.77,22.12,22.5,253800,17.1192797703,17.3247111276,16.8301541564,17.1192797703,253800,0.0,1.0
1233,2001-11-27T00:00:00.000Z,20.98,22.35,20.26,22.35,581100,15.9627773147,17.0051512385,15.4149603621,17.0051512385,581100,0.0,1.0
1234,2001-11-28T00:00:00.000Z,20.14,20.95,19.8,20.8,460800,15.3236575367,15.9399516084,15.0649661979,15.8258230766,460800,0.0,1.0
1235,2001-11-29T00:00:00.000Z,20.25,20.6,20.0,20.14,397200,15.4073517933,15.6736517008,15.2171375736,15.3236575367,397200,0.0,1.0
1236,2001-11-30T00:00:00.000Z,19.43,20.44,19.42,20.25,402000,14.7834491528,15.5519146003,14.775840584,15.4073517933,402000,0.0,1.0
1237,2001-12-03T00:00:00.000Z,19.6,20.3,19.08,19.43,362300,14.9127948222,15.4453946372,14.5171492453,14.7834491528,362300,0.0,1.0
1238,2001-12-04T00:00:00.000Z,20.55,20.55,19.55,19.65,244300,15.6356088569,15.6356088569,14.8747519782,14.9508376661,244300,0.0,1.0
1239,2001-12-05T00:00:00.000Z,20.25,20.74,20.21,20.55,243500,15.4073517933,15.7801716639,15.3769175182,15.6356088569,243500,0.0,1.0
1240,2001-12-06T00:00:00.000Z,19.5,20.43,19.49,20.25,459400,14.8367091343,15.5443060315,14.8291005655,15.4073517933,459400,0.0,1.0
1241,2001-12-07T00:00:00.000Z,17.59,19.5,17.55,19.5,1236400,13.383472496,14.8367091343,13.3530382209,14.8367091343,1236400,0.0,1.0
1242,2001-12-10T00:00:00.000Z,17.32,17.7,17.18,17.55,657500,13.1780411388,13.4671667527,13.0715211758,13.3530382209,657500,0.0,1.0
1243,2001-12-11T00:00:00.000Z,17.45,17.88,17.37,17.4,449500,13.276952533,13.6041209908,13.2160839827,13.2389096891,449500,0.0,1.0
1244,2001-12-12T00:00:00.000Z,17.1,17.55,16.62,17.5,584800,13.0106526255,13.3530382209,12.6454413237,13.3149953769,584800,0.0,1.0
1245,2001-12-13T00:00:00.000Z,17.2,17.68,17.0,17.05,252800,13.0867383133,13.4519496151,12.9345669376,12.9726097815,252800,0.0,1.0
1246,2001-12-14T00:00:00.000Z,17.42,17.83,17.25,17.25,224000,13.2541268266,13.5660781469,13.1247811573,13.1247811573,224000,0.0,1.0
1247,2001-12-17T00:00:00.000Z,17.57,18.0,17.47,17.47,280200,13.3682553584,13.6954238163,13.2921696706,13.2921696706,280200,0.0,1.0
1248,2001-12-18T00:00:00.000Z,17.99,18.35,17.65,17.7,401700,13.6878152475,13.9617237238,13.4291239087,13.4671667527,401700,0.0,1.0
1249,2001-12-19T00:00:00.000Z,17.86,18.23,17.85,17.85,400900,13.5889038533,13.8704208984,13.5812952845,13.5812952845,400900,0.0,1.0
1250,2001-12-20T00:00:00.000Z,17.7,17.95,17.4,17.9,288500,13.4671667527,13.6573809723,13.2389096891,13.6193381284,288500,0.0,1.0
1251,2001-12-21T00:00:00.000Z,18.74,18.87,17.65,17.75,1113400,14.2584579065,14.3573693007,13.4291239087,13.5052095966,1113400,0.0,1.0
1252,2001-12-24T00:00:00.000Z,18.36,18.6,18.21,18.5,204900,13.9693322926,14.1519379435,13.8552037608,14.0758522556,204900,0.0,1.0
1253,2001-12-26T00:00:00.000Z,18.94,18.94,18.22,18.3,173300,14.4106292822,14.4106292822,13.8628123296,13.9236808799,173300,0.0,1.0
1254,2001-12-27T00:00:00.000Z,18.92,19.0,18.77,18.95,370300,14.3954121447,14.456280695,14.2812836129,14.418237851,370300,0.0,1.0
1255,2001-12-28T00:00:00.000Z,18.92,19.05,18.63,19.0,248100,14.3954121447,14.4943235389,14.1747636498,14.456280695,248100,0.0,1.0
1256,2001-12-31T00:00:00.000Z,18.27,18.8,18.27,18.8,219800,13.9008551735,14.3041093192,13.9008551735,14.3041093192,219800,0.0,1.0
1257,2002-01-02T00:00:00.000Z,18.1,18.3,17.2,18.28,252100,13.7715095041,13.9236808799,13.0867383133,13.9084637423,252100,0.0,1.0
1258,2002-01-03T00:00:00.000Z,18.22,18.62,17.9,17.9,423800,13.8628123296,14.1671550811,13.6193381284,13.6193381284,423800,0.0,1.0
1259,2002-01-04T00:00:00.000Z,18.47,18.6,18.15,18.2,211600,14.0530265493,14.1519379435,13.8095523481,13.847595192,211600,0.0,1.0
1260,2002-01-07T00:00:00.000Z,17.65,18.42,17.65,18.3,141200,13.4291239087,14.0149837053,13.4291239087,13.9236808799,141200,0.0,1.0
1261,2002-01-08T00:00:00.000Z,18.1,18.17,17.5,17.7,171800,13.7715095041,13.8247694857,13.3149953769,13.4671667527,171800,0.0,1.0
1262,2002-01-09T00:00:00.000Z,17.6,18.4,17.6,18.05,190000,13.3910810648,13.9997665677,13.3910810648,13.7334666602,190000,0.0,1.0
1263,2002-01-10T00:00:00.000Z,17.5,17.73,17.36,17.5,224100,13.3149953769,13.489992459,13.2084754139,13.3149953769,224100,0.0,1.0
1264,2002-01-11T00:00:00.000Z,17.32,17.75,17.32,17.49,114100,13.1780411388,13.5052095966,13.1780411388,13.3073868081,114100,0.0,1.0
1265,2002-01-14T00:00:00.000Z,17.0,17.34,16.91,17.32,379400,12.9345669376,13.1932582763,12.8660898185,13.1780411388,379400,0.0,1.0
1266,2002-01-15T00:00:00.000Z,17.16,17.2,17.05,17.1,155900,13.0563040382,13.0867383133,12.9726097815,13.0106526255,155900,0.0,1.0
1267,2002-01-16T00:00:00.000Z,17.0,17.15,16.91,17.04,156600,12.9345669376,13.0486954694,12.8660898185,12.9650012127,156600,0.0,1.0
1268,2002-01-17T00:00:00.000Z,17.03,17.17,16.84,17.0,102800,12.957392644,13.063912607,12.812829837,12.9345669376,102800,0.0,1.0
1269,2002-01-18T00:00:00.000Z,16.4,17.1,16.35,16.95,170900,12.4780528104,13.0106526255,12.4400099665,12.8965240937,170900,0.0,1.0
1270,2002-01-22T00:00:00.000Z,16.64,16.99,16.35,16.38,336500,12.6606584613,12.9269583688,12.4400099665,12.4628356728,336500,0.0,1.0
1271,2002-01-23T00:00:00.000Z,17.52,17.85,16.77,16.8,367600,13.3302125145,13.5812952845,12.7595698555,12.7823955619,367600,0.0,1.0
1272,2002-01-24T00:00:00.000Z,17.57,18.12,17.52,17.65,385600,13.3682553584,13.7867266417,13.3302125145,13.4291239087,385600,0.0,1.0
1273,2002-01-25T00:00:00.000Z,17.95,18.06,17.51,17.7,452300,13.6573809723,13.741075229,13.3226039457,13.4671667527,452300,0.0,1.0
1274,2002-01-28T00:00:00.000Z,18.05,18.2,17.95,18.0,257000,13.7334666602,13.847595192,13.6573809723,13.6954238163,257000,0.0,1.0
1275,2002-01-29T00:00:00.000Z,17.7,18.3,17.67,18.25,166000,13.4671667527,13.9236808799,13.4443410463,13.8856380359,166000,0.0,1.0
1276,2002-01-30T00:00:00.000Z,18.11,18.44,17.28,17.7,297100,13.7791180729,14.0302008429,13.1476068636,13.4671667527,297100,0.0,1.0
1277,2002-01-31T00:00:00.000Z,18.4,18.9,18.2,18.21,303300,13.9997665677,14.3801950071,13.847595192,13.8552037608,303300,0.0,1.0
1278,2002-02-01T00:00:00.000Z,19.17,19.2,18.21,18.4,261300,14.5856263643,14.6084520707,13.8552037608,13.9997665677,261300,0.0,1.0
1279,2002-02-04T00:00:00.000Z,18.7,19.25,18.65,19.2,349200,14.2280236314,14.6464949146,14.1899807874,14.6084520707,349200,0.0,1.0
1280,2002-02-05T00:00:00.000Z,19.14,19.25,18.7,18.7,239700,14.562800658,14.6464949146,14.2280236314,14.2280236314,239700,0.0,1.0
1281,2002-02-06T00:00:00.000Z,18.52,19.14,18.45,19.14,251100,14.0910693932,14.562800658,14.0378094117,14.562800658,251100,0.0,1.0
1282,2002-02-07T00:00:00.000Z,17.92,18.45,17.89,18.45,173300,13.634555266,14.0378094117,13.6117295596,14.0378094117,173300,0.0,1.0
1283,2002-02-08T00:00:00.000Z,18.8,18.89,17.91,17.91,183900,14.3041093192,14.3725864383,13.6269466972,13.6269466972,183900,0.0,1.0
1284,2002-02-11T00:00:00.000Z,18.72,18.88,18.51,18.75,115200,14.2432407689,14.3649778695,14.0834608244,14.2660664753,115200,0.0,1.0
1285,2002-02-12T00:00:00.000Z,18.27,18.6,18.15,18.6,183000,13.9008551735,14.1519379435,13.8095523481,14.1519379435,183000,0.0,1.0
1286,2002-02-13T00:00:00.000Z,18.5,18.65,18.02,18.3,208400,14.0758522556,14.1899807874,13.7106409538,13.9236808799,208400,0.0,1.0
1287,2002-02-14T00:00:00.000Z,18.3,18.88,18.2,18.45,144200,13.9236808799,14.3649778695,13.847595192,14.0378094117,144200,0.0,1.0
1288,2002-02-15T00:00:00.000Z,18.29,18.55,18.2,18.31,259300,13.9160723111,14.1138950996,13.847595192,13.9312894487,259300,0.0,1.0
1289,2002-02-19T00:00:00.000Z,17.91,18.35,17.91,18.29,214000,13.6269466972,13.9617237238,13.6269466972,13.9160723111,214000,0.0,1.0
1290,2002-02-20T00:00:00.000Z,19.18,19.3,17.97,18.0,298200,14.5932349331,14.6845377586,13.6725981099,13.6954238163,298200,0.0,1.0
1291,2002-02-21T00:00:00.000Z,19.1,19.53,19.04,19.19,268000,14.5323663828,14.8595348407,14.4867149701,14.6008435019,268000,0.0,1.0
1292,2002-02-22T00:00:00.000Z,19.5,19.58,19.11,19.11,668400,14.8367091343,14.8975776846,14.5399749516,14.5399749516,668400,0.0,1.0
1293,2002-02-25T00:00:00.000Z,19.6,19.89,19.48,19.65,364900,14.9127948222,15.133443317,14.8214919967,14.9508376661,364900,0.0,1.0
1294,2002-02-26T00:00:00.000Z,19.85,20.01,19.5,19.7,330200,15.1030090418,15.2247461424,14.8367091343,14.98888051,330200,0.0,1.0
1295,2002-02-27T00:00:00.000Z,20.65,20.67,19.85,19.85,639900,15.7116945448,15.7269116824,15.1030090418,15.1030090418,639900,0.0,1.0
1296,2002-02-28T00:00:00.000Z,20.52,20.8,20.49,20.65,300800,15.6127831506,15.8258230766,15.5899574442,15.7116945448,300800,0.0,1.0
1297,2002-03-01T00:00:00.000Z,20.44,20.6,20.05,20.55,311800,15.5519146003,15.6736517008,15.2551804176,15.6356088569,311800,0.0,1.0
1298,2002-03-04T00:00:00.000Z,19.75,20.75,19.75,20.35,267800,15.026923354,15.7877802327,15.026923354,15.4834374812,267800,0.0,1.0
1299,2002-03-05T00:00:00.000Z,20.41,20.45,19.75,19.75,249000,15.5290888939,15.559523169,15.026923354,15.026923354,249000,0.0,1.0
1300,2002-03-06T00:00:00.000Z,20.54,20.54,20.02,20.35,162900,15.6280002881,15.6280002881,15.2323547112,15.4834374812,162900,0.0,1.0
1301,2002-03-07T00:00:00.000Z,20.56,20.93,20.15,20.45,213800,15.6432174257,15.9247344708,15.3312661054,15.559523169,213800,0.0,1.0
1302,2002-03-08T00:00:00.000Z,20.9,20.9,20.51,20.75,170800,15.9019087645,15.9019087645,15.6051745818,15.7877802327,170800,0.0,1.0
1303,2002-03-11T00:00:00.000Z,21.01,21.08,20.52,20.8,98300,15.9856030211,16.0388630026,15.6127831506,15.8258230766,98300,0.0,1.0
1304,2002-03-12T00:00:00.000Z,21.17,21.24,20.61,20.9,283400,16.1073401217,16.1606001032,15.6812602696,15.9019087645,283400,0.0,1.0
1305,2002-03-13T00:00:00.000Z,20.88,21.17,20.82,21.12,170600,15.8866916269,16.1073401217,15.8410402142,16.0692972778,170600,0.0,1.0
1306,2002-03-14T00:00:00.000Z,20.97,21.1,20.84,20.95,163400,15.955168746,16.0540801402,15.8562573517,15.9399516084,163400,0.0,1.0
1307,2002-03-15T00:00:00.000Z,21.04,21.19,20.8,20.8,230600,16.0084287275,16.1225572593,15.8258230766,15.8258230766,230600,0.0,1.0
1308,2002-03-18T00:00:00.000Z,21.18,21.33,21.03,21.14,114600,16.1149486905,16.2290772223,16.0008201587,16.0845144153,114600,0.0,1.0
1309,2002-03-19T00:00:00.000Z,21.18,21.28,21.05,21.19,87000,16.1149486905,16.1910343784,16.0160372963,16.1225572593,87000,0.0,1.0
1310,2002-03-20T00:00:00.000Z,20.88,21.2,20.88,21.18,188300,15.8866916269,16.1301658281,15.8866916269,16.1149486905,188300,0.0,1.0
1311,2002-03-21T00:00:00.000Z,21.15,21.15,20.8,20.85,99800,16.0921229841,16.0921229841,15.8258230766,15.8638659205,99800,0.0,1.0
1312,2002-03-22T00:00:00.000Z,21.13,21.2,20.9,21.15,167900,16.0769058465,16.1301658281,15.9019087645,16.0921229841,167900,0.0,1.0
1313,2002-03-25T00:00:00.000Z,20.3,21.2,20.17,21.13,182900,15.4453946372,16.1301658281,15.346483243,16.0769058465,182900,0.0,1.0
1314,2002-03-26T00:00:00.000Z,20.94,20.94,20.3,20.3,142500,15.9323430396,15.9323430396,15.4453946372,15.4453946372,142500,0.0,1.0
1315,2002-03-27T00:00:00.000Z,20.88,21.09,20.74,20.86,123800,15.8866916269,16.0464715714,15.7801716639,15.8714744893,123800,0.0,1.0
1316,2002-03-28T00:00:00.000Z,20.86,21.42,20.86,20.92,132500,15.8714744893,16.2975543414,15.8714744893,15.917125902,132500,0.0,1.0
1317,2002-04-01T00:00:00.000Z,21.16,21.16,20.19,20.65,147000,16.0997315529,16.0997315529,15.3617003806,15.7116945448,147000,0.0,1.0
1318,2002-04-02T00:00:00.000Z,21.52,21.67,20.93,21.16,124300,16.3736400292,16.487768561,15.9247344708,16.0997315529,124300,0.0,1.0
1319,2002-04-03T00:00:00.000Z,21.12,21.6,20.85,21.6,92600,16.0692972778,16.4345085795,15.8638659205,16.4345085795,92600,0.0,1.0
1320,2002-04-04T00:00:00.000Z,21.59,21.59,21.1,21.15,336100,16.4269000107,16.4269000107,16.0540801402,16.0921229841,336100,0.0,1.0
1321,2002-04-05T00:00:00.000Z,21.62,21.98,21.52,21.6,134200,16.4497257171,16.7236341934,16.3736400292,16.4345085795,134200,0.0,1.0
1322,2002-04-08T00:00:00.000Z,21.25,21.6,21.2,21.6,206400,16.168208672,16.4345085795,16.1301658281,16.4345085795,206400,0.0,1.0
1323,2002-04-09T00:00:00.000Z,21.0,21.2,20.98,21.17,186500,15.9779944523,16.1301658281,15.9627773147,16.1073401217,186500,0.0,1.0
1324,2002-04-10T00:00:00.000Z,21.0,21.11,20.92,21.0,194600,15.9779944523,16.061688709,15.917125902,15.9779944523,194600,0.0,1.0
1325,2002-04-11T00:00:00.000Z,20.78,21.0,20.78,21.0,129900,15.810605939,15.9779944523,15.810605939,15.9779944523,129900,0.0,1.0
1326,2002-04-12T00:00:00.000Z,20.56,20.97,20.41,20.88,184600,15.6432174257,15.955168746,15.5290888939,15.8866916269,184600,0.0,1.0
1327,2002-04-15T00:00:00.000Z,21.0,21.0,20.45,20.5,296600,15.9779944523,15.9779944523,15.559523169,15.597566013,296600,0.0,1.0
1328,2002-04-16T00:00:00.000Z,21.25,21.25,20.99,21.0,100300,16.168208672,16.168208672,15.9703858835,15.9779944523,100300,0.0,1.0
1329,2002-04-17T00:00:00.000Z,20.8,21.25,20.8,21.25,352300,15.8258230766,16.168208672,15.8258230766,16.168208672,352300,0.0,1.0
1330,2002-04-18T00:00:00.000Z,20.75,20.88,20.65,20.85,269200,15.7877802327,15.8866916269,15.7116945448,15.8638659205,269200,0.0,1.0
1331,2002-04-19T00:00:00.000Z,20.26,20.77,20.26,20.75,337500,15.4149603621,15.8029973702,15.4149603621,15.7877802327,337500,0.0,1.0
1332,2002-04-22T00:00:00.000Z,19.92,20.36,19.86,20.36,271400,15.1562690233,15.49104605,15.1106176106,15.49104605,271400,0.0,1.0
1333,2002-04-23T00:00:00.000Z,19.6,20.3,19.52,19.9,367200,14.9127948222,15.4453946372,14.8519262719,15.1410518858,367200,0.0,1.0
1334,2002-04-24T00:00:00.000Z,19.13,19.75,19.03,19.6,314300,14.5551920892,15.026923354,14.4791064013,14.9127948222,314300,0.0,1.0
1335,2002-04-25T00:00:00.000Z,19.9,20.45,19.8,19.83,542200,15.1410518858,15.559523169,15.0649661979,15.0877919043,542200,0.0,1.0
1336,2002-04-26T00:00:00.000Z,22.0,22.21,19.9,19.91,842600,16.738851331,16.8986312755,15.1410518858,15.1486604546,842600,0.0,1.0
1337,2002-04-29T00:00:00.000Z,23.0,23.07,22.21,22.3,821600,17.4997082097,17.5529681912,16.8986312755,16.9671083946,821600,0.0,1.0
1338,2002-04-30T00:00:00.000Z,22.15,23.0,21.81,23.0,292900,16.8529798628,17.4997082097,16.5942885241,17.4997082097,292900,0.0,1.0
1339,2002-05-01T00:00:00.000Z,22.0,22.18,21.6,22.0,342600,16.738851331,16.8758055692,16.4345085795,16.738851331,342600,0.0,1.0
1340,2002-05-02T00:00:00.000Z,22.45,22.7,22.11,22.15,391400,17.0812369264,17.2714511461,16.8225455877,16.8529798628,391400,0.0,1.0
1341,2002-05-03T00:00:00.000Z,22.75,22.81,22.19,22.5,198000,17.30949399,17.3551454027,16.883414138,17.1192797703,198000,0.0,1.0
1342,2002-05-06T00:00:00.000Z,22.5,22.8,22.1,22.75,310500,17.1192797703,17.3475368339,16.8149370189,17.30949399,310500,0.0,1.0
1343,2002-05-07T00:00:00.000Z,22.55,22.79,22.52,22.52,347000,17.1573226143,17.3399282652,17.1344969079,17.1344969079,347000,0.0,1.0
1344,2002-05-08T00:00:00.000Z,22.7,22.75,22.5,22.55,267700,17.2714511461,17.30949399,17.1192797703,17.1573226143,267700,0.0,1.0
1345,2002-05-09T00:00:00.000Z,22.5,22.75,22.35,22.65,214800,17.1192797703,17.30949399,17.0051512385,17.2334083021,214800,0.0,1.0
1346,2002-05-10T00:00:00.000Z,21.92,22.6,21.61,22.51,351800,16.6779827807,17.1953654582,16.4421171483,17.1268883391,351800,0.0,1.0
1347,2002-05-13T00:00:00.000Z,22.0,22.24,21.64,21.9,223200,16.738851331,16.9214569819,16.4649428547,16.6627656431,223200,0.0,1.0
1348,2002-05-14T00:00:00.000Z,22.92,22.96,21.95,22.15,308000,17.4388396594,17.4692739345,16.7008084871,16.8529798628,308000,0.0,1.0
1349,2002-05-15T00:00:00.000Z,22.91,23.25,22.5,22.95,254500,17.4312310906,17.6899224294,17.1192797703,17.4616653658,254500,0.0,1.0
1350,2002-05-16T00:00:00.000Z,22.84,23.03,22.65,22.95,196500,17.3779711091,17.522533916,17.2334083021,17.4616653658,196500,0.0,1.0
1351,2002-05-17T00:00:00.000Z,22.95,23.0,22.85,22.85,387000,17.4616653658,17.4997082097,17.3855796779,17.3855796779,387000,0.0,1.0
1352,2002-05-20T00:00:00.000Z,22.85,23.0,22.8,23.0,238100,17.3855796779,17.4997082097,17.3475368339,17.4997082097,238100,0.0,1.0
1353,2002-05-21T00:00:00.000Z,22.27,22.95,22.13,22.85,259400,16.9442826882,17.4616653658,16.8377627252,17.3855796779,259400,0.0,1.0
1354,2002-05-22T00:00:00.000Z,21.63,22.3,21.44,22.3,269900,16.4573342859,16.9671083946,16.3127714789,16.9671083946,269900,0.0,1.0
1355,2002-05-23T00:00:00.000Z,22.0,22.4,21.63,21.65,327100,16.738851331,17.0431940825,16.4573342859,16.4725514235,327100,0.0,1.0
1356,2002-05-24T00:00:00.000Z,21.89,22.2,21.87,22.0,161600,16.6551570743,16.8910227067,16.6399399368,16.738851331,161600,0.0,1.0
1357,2002-05-28T00:00:00.000Z,21.61,22.0,21.11,22.0,370300,16.4421171483,16.738851331,16.061688709,16.738851331,370300,0.0,1.0
1358,2002-05-29T00:00:00.000Z,21.26,21.99,21.13,21.75,377300,16.1758172408,16.7312427622,16.0769058465,16.5486371113,377300,0.0,1.0
1359,2002-05-30T00:00:00.000Z,22.25,22.51,21.27,21.3,303000,16.9290655507,17.1268883391,16.1834258096,16.2062515159,303000,0.0,1.0
1360,2002-05-31T00:00:00.000Z,21.15,22.89,21.15,22.15,346200,16.0921229841,17.416013953,16.0921229841,16.8529798628,346200,0.0,1.0
1361,2002-06-03T00:00:00.000Z,21.45,22.29,21.2,21.2,488400,16.3203800477,16.9594998258,16.1301658281,16.1301658281,488400,0.0,1.0
1362,2002-06-04T00:00:00.000Z,20.62,21.65,20.55,21.49,360400,15.6888688384,16.4725514235,15.6356088569,16.3508143229,360400,0.0,1.0
1363,2002-06-05T00:00:00.000Z,20.83,21.04,20.73,20.8,132100,15.8486487829,16.0084287275,15.7725630951,15.8258230766,132100,0.0,1.0
1364,2002-06-06T00:00:00.000Z,20.26,20.98,20.25,20.73,329100,15.4149603621,15.9627773147,15.4073517933,15.7725630951,329100,0.0,1.0
1365,2002-06-07T00:00:00.000Z,20.52,20.77,19.75,20.26,192100,15.6127831506,15.8029973702,15.026923354,15.4149603621,192100,0.0,1.0
1366,2002-06-10T00:00:00.000Z,20.04,20.58,20.04,20.55,279300,15.2475718488,15.6584345633,15.2475718488,15.6356088569,279300,0.0,1.0
1367,2002-06-11T00:00:00.000Z,19.74,20.6,19.68,20.2,210600,15.0193147852,15.6736517008,14.9736633725,15.3693089494,210600,0.0,1.0
1368,2002-06-12T00:00:00.000Z,19.37,20.02,18.8,19.74,323300,14.7377977401,15.2323547112,14.3041093192,15.0193147852,323300,0.0,1.0
1369,2002-06-13T00:00:00.000Z,19.06,19.96,19.06,19.27,251800,14.5019321077,15.1867032985,14.5019321077,14.6617120522,251800,0.0,1.0
1370,2002-06-14T00:00:00.000Z,19.75,20.05,18.85,19.07,243700,15.026923354,15.2551804176,14.3421521632,14.5095406765,243700,0.0,1.0
1371,2002-06-17T00:00:00.000Z,20.4,20.4,19.74,19.8,209100,15.5214803251,15.5214803251,15.0193147852,15.0649661979,209100,0.0,1.0
1372,2002-06-18T00:00:00.000Z,20.98,21.4,20.45,20.45,437400,15.9627773147,16.2823372038,15.559523169,15.559523169,437400,0.0,1.0
1373,2002-06-19T00:00:00.000Z,20.03,21.25,19.87,20.93,340400,15.23996328,16.168208672,15.1182261794,15.9247344708,340400,0.0,1.0
1374,2002-06-20T00:00:00.000Z,19.44,20.45,19.44,20.15,214700,14.7910577216,15.559523169,14.7910577216,15.3312661054,214700,0.0,1.0
1375,2002-06-21T00:00:00.000Z,19.04,19.86,19.04,19.25,269700,14.4867149701,15.1106176106,14.4867149701,14.6464949146,269700,0.0,1.0
1376,2002-06-24T00:00:00.000Z,18.28,19.23,18.15,19.0,453000,13.9084637423,14.6312777771,13.8095523481,14.456280695,453000,0.0,1.0
1377,2002-06-25T00:00:00.000Z,17.26,18.57,17.08,18.28,731400,13.1323897261,14.1291122371,12.9954354879,13.9084637423,731400,0.0,1.0
1378,2002-06-26T00:00:00.000Z,19.0,19.88,17.66,18.0,1158500,14.456280695,15.1258347482,13.4367324775,13.6954238163,1158500,0.0,1.0
1379,2002-06-27T00:00:00.000Z,18.85,19.75,17.82,19.3,1833900,14.3421521632,15.026923354,13.5584695781,14.6845377586,1833900,0.0,1.0
1380,2002-06-28T00:00:00.000Z,19.11,19.53,18.8,18.86,1305700,14.5399749516,14.8595348407,14.3041093192,14.3497607319,1305700,0.0,1.0
1381,2002-07-01T00:00:00.000Z,19.05,19.4,18.83,19.16,445600,14.4943235389,14.7606234464,14.3269350256,14.5780177955,445600,0.0,1.0
1382,2002-07-02T00:00:00.000Z,18.78,19.4,18.3,19.3,640700,14.2888921816,14.7606234464,13.9236808799,14.6845377586,640700,0.0,1.0
1383,2002-07-03T00:00:00.000Z,18.67,18.82,17.96,18.75,471600,14.205197925,14.3193264568,13.6649895411,14.2660664753,471600,0.0,1.0
1384,2002-07-05T00:00:00.000Z,18.98,19.2,18.32,18.55,107500,14.4410635574,14.6084520707,13.9388980175,14.1138950996,107500,0.0,1.0
1385,2002-07-08T00:00:00.000Z,18.64,19.18,18.58,18.85,473300,14.1823722186,14.5932349331,14.1367208059,14.3421521632,473300,0.0,1.0
1386,2002-07-09T00:00:00.000Z,17.79,19.0,17.65,18.65,597300,13.5356438718,14.456280695,13.4291239087,14.1899807874,597300,0.0,1.0
1387,2002-07-10T00:00:00.000Z,17.16,17.95,16.95,17.69,612200,13.0563040382,13.6573809723,12.8965240937,13.4595581839,612200,0.0,1.0
1388,2002-07-11T00:00:00.000Z,17.3,17.41,16.51,17.0,377500,13.1628240012,13.2465182579,12.561747067,12.9345669376,377500,0.0,1.0
1389,2002-07-12T00:00:00.000Z,18.3,18.73,17.03,17.3,1295400,13.9236808799,14.2508493377,12.957392644,13.1628240012,1295400,0.0,1.0
1390,2002-07-15T00:00:00.000Z,18.25,18.55,17.76,18.55,428000,13.8856380359,14.1138950996,13.5128181654,14.1138950996,428000,0.0,1.0
1391,2002-07-16T00:00:00.000Z,17.75,18.42,17.75,18.15,553900,13.5052095966,14.0149837053,13.5052095966,13.8095523481,553900,0.0,1.0
1392,2002-07-17T00:00:00.000Z,18.2,18.2,17.77,17.85,426000,13.847595192,13.847595192,13.5204267342,13.5812952845,426000,0.0,1.0
1393,2002-07-18T00:00:00.000Z,17.75,18.23,17.71,18.15,418500,13.5052095966,13.8704208984,13.4747753215,13.8095523481,418500,0.0,1.0
1394,2002-07-19T00:00:00.000Z,17.15,17.6,16.9,17.55,470200,13.0486954694,13.3910810648,12.8584812497,13.3530382209,470200,0.0,1.0
1395,2002-07-22T00:00:00.000Z,16.3,17.23,16.3,16.95,712900,12.4019671225,13.1095640197,12.4019671225,12.8965240937,712900,0.0,1.0
1396,2002-07-23T00:00:00.000Z,16.74,17.4,16.64,17.25,2239700,12.7367441491,13.2389096891,12.6606584613,13.1247811573,2239700,0.0,1.0
1397,2002-07-24T00:00:00.000Z,19.0,19.15,16.5,16.5,1034400,14.456280695,14.5704092268,12.5541384983,12.5541384983,1034400,0.0,1.0
1398,2002-07-25T00:00:00.000Z,19.38,19.57,18.76,19.01,659200,14.7454063089,14.8899691158,14.2736750441,14.4638892637,659200,0.0,1.0
1399,2002-07-26T00:00:00.000Z,19.89,19.89,19.45,19.45,430500,15.133443317,15.133443317,14.7986662904,14.7986662904,430500,0.0,1.0
1400,2002-07-29T00:00:00.000Z,20.69,20.73,19.85,19.85,452800,15.7421288199,15.7725630951,15.1030090418,15.1030090418,452800,0.0,1.0
1401,2002-07-30T00:00:00.000Z,20.04,20.5,19.68,20.5,626800,15.2475718488,15.597566013,14.9736633725,15.597566013,626800,0.0,1.0
1402,2002-07-31T00:00:00.000Z,20.89,20.89,19.85,20.01,375200,15.8943001957,15.8943001957,15.1030090418,15.2247461424,375200,0.0,1.0
1403,2002-08-01T00:00:00.000Z,20.95,21.06,20.44,20.88,447200,15.9399516084,16.023645865,15.5519146003,15.8866916269,447200,0.0,1.0
1404,2002-08-02T00:00:00.000Z,20.28,20.78,19.73,20.78,271600,15.4301774997,15.810605939,15.0117062164,15.810605939,271600,0.0,1.0
1405,2002-08-05T00:00:00.000Z,19.95,20.47,19.93,20.3,418200,15.1790947297,15.5747403066,15.1638775921,15.4453946372,418200,0.0,1.0
1406,2002-08-06T00:00:00.000Z,19.7,20.49,19.6,20.0,356500,14.98888051,15.5899574442,14.9127948222,15.2171375736,356500,0.0,1.0
1407,2002-08-07T00:00:00.000Z,20.92,20.92,19.82,19.95,404700,15.917125902,15.917125902,15.0801833355,15.1790947297,404700,0.0,1.0
1408,2002-08-08T00:00:00.000Z,21.14,21.3,20.88,20.92,552700,16.0845144153,16.2062515159,15.8866916269,15.917125902,552700,0.0,1.0
1409,2002-08-09T00:00:00.000Z,21.11,21.28,20.8,21.1,197800,16.061688709,16.1910343784,15.8258230766,16.0540801402,197800,0.0,1.0
1410,2002-08-12T00:00:00.000Z,22.0,22.45,20.99,21.3,547000,16.738851331,17.0812369264,15.9703858835,16.2062515159,547000,0.0,1.0
1411,2002-08-13T00:00:00.000Z,21.46,22.14,21.45,22.02,497200,16.3279886165,16.845371294,16.3203800477,16.7540684686,497200,0.0,1.0
1412,2002-08-14T00:00:00.000Z,21.32,21.46,20.77,21.46,407100,16.2214686535,16.3279886165,15.8029973702,16.3279886165,407100,0.0,1.0
1413,2002-08-15T00:00:00.000Z,21.9,22.15,21.32,21.35,220100,16.6627656431,16.8529798628,16.2214686535,16.2442943599,220100,0.0,1.0
1414,2002-08-16T00:00:00.000Z,21.85,22.0,21.68,21.9,159400,16.6247227992,16.738851331,16.4953771298,16.6627656431,159400,0.0,1.0
1415,2002-08-19T00:00:00.000Z,21.78,22.0,21.75,21.86,172100,16.5714628177,16.738851331,16.5486371113,16.632331368,172100,0.0,1.0
1416,2002-08-20T00:00:00.000Z,21.98,22.0,21.73,21.79,152300,16.7236341934,16.738851331,16.5334199738,16.5790713865,152300,0.0,1.0
1417,2002-08-21T00:00:00.000Z,21.88,21.95,21.6,21.8,189800,16.6475485056,16.7008084871,16.4345085795,16.5866799553,189800,0.0,1.0
1418,2002-08-22T00:00:00.000Z,22.21,22.45,21.91,22.0,312700,16.8986312755,17.0812369264,16.6703742119,16.738851331,312700,0.0,1.0
1419,2002-08-23T00:00:00.000Z,21.87,22.1,21.7,22.1,349000,16.6399399368,16.8149370189,16.5105942674,16.8149370189,349000,0.0,1.0
1420,2002-08-26T00:00:00.000Z,22.15,22.4,21.75,21.87,299100,16.8529798628,17.0431940825,16.5486371113,16.6399399368,299100,0.0,1.0
1421,2002-08-27T00:00:00.000Z,21.88,22.3,21.75,22.25,160000,16.6475485056,16.9671083946,16.5486371113,16.9290655507,160000,0.0,1.0
1422,2002-08-28T00:00:00.000Z,22.24,22.24,21.65,21.83,289600,16.9214569819,16.9214569819,16.4725514235,16.6095056616,289600,0.0,1.0
1423,2002-08-29T00:00:00.000Z,22.62,22.62,21.85,22.2,471800,17.2105825958,17.2105825958,16.6247227992,16.8910227067,471800,0.0,1.0
1424,2002-08-30T00:00:00.000Z,22.82,22.83,22.4,22.62,472900,17.3627539715,17.3703625403,17.0431940825,17.2105825958,472900,0.0,1.0
1425,2002-09-03T00:00:00.000Z,22.57,22.73,22.28,22.7,378900,17.1725397519,17.2942768524,16.951891257,17.2714511461,378900,0.0,1.0
1426,2002-09-04T00:00:00.000Z,22.7,22.75,21.98,22.55,374100,17.2714511461,17.30949399,16.7236341934,17.1573226143,374100,0.0,1.0
1427,2002-09-05T00:00:00.000Z,22.56,23.31,22.47,22.5,422300,17.1649311831,17.7355738421,17.096454064,17.1192797703,422300,0.0,1.0
1428,2002-09-06T00:00:00.000Z,23.03,23.1,22.6,22.6,486400,17.522533916,17.5757938976,17.1953654582,17.1953654582,486400,0.0,1.0
1429,2002-09-09T00:00:00.000Z,23.02,23.1,22.9,22.95,559600,17.5149253473,17.5757938976,17.4236225218,17.4616653658,559600,0.0,1.0
1430,2002-09-10T00:00:00.000Z,22.54,22.99,22.25,22.95,371600,17.1497140455,17.4920996409,16.9290655507,17.4616653658,371600,0.0,1.0
1431,2002-09-11T00:00:00.000Z,23.08,23.13,22.65,22.65,310700,17.56057676,17.5986196039,17.2334083021,17.2334083021,310700,0.0,1.0
1432,2002-09-12T00:00:00.000Z,22.51,23.0,22.35,23.0,229600,17.1268883391,17.4997082097,17.0051512385,17.4997082097,229600,0.0,1.0
1433,2002-09-13T00:00:00.000Z,22.75,22.75,22.23,22.45,248400,17.30949399,17.30949399,16.9138484131,17.0812369264,248400,0.0,1.0
1434,2002-09-16T00:00:00.000Z,22.96,23.0,22.7,22.73,205800,17.4692739345,17.4997082097,17.2714511461,17.2942768524,205800,0.0,1.0
1435,2002-09-17T00:00:00.000Z,22.52,23.13,22.43,23.1,149500,17.1344969079,17.5986196039,17.0660197888,17.5757938976,149500,0.0,1.0
1436,2002-09-18T00:00:00.000Z,22.83,22.9,22.25,22.51,313700,17.3703625403,17.4236225218,16.9290655507,17.1268883391,313700,0.0,1.0
1437,2002-09-19T00:00:00.000Z,22.0,22.77,21.95,22.75,257900,16.738851331,17.3247111276,16.7008084871,17.30949399,257900,0.0,1.0
1438,2002-09-20T00:00:00.000Z,21.93,21.98,21.6,21.77,286100,16.6855913495,16.7236341934,16.4345085795,16.5638542489,286100,0.0,1.0
1439,2002-09-23T00:00:00.000Z,21.47,21.8,21.0,21.78,544200,16.3355971853,16.5866799553,15.9779944523,16.5714628177,544200,0.0,1.0
1440,2002-09-24T00:00:00.000Z,21.56,21.8,21.3,21.4,211300,16.4040743044,16.5866799553,16.2062515159,16.2823372038,211300,0.0,1.0
1441,2002-09-25T00:00:00.000Z,22.25,22.29,21.54,21.66,189500,16.9290655507,16.9594998258,16.3888571668,16.4801599923,189500,0.0,1.0
1442,2002-09-26T00:00:00.000Z,22.38,22.41,21.74,22.28,140600,17.0279769449,17.0508026513,16.5410285425,16.951891257,140600,0.0,1.0
1443,2002-09-27T00:00:00.000Z,23.75,23.9,22.25,22.31,981100,18.0703508687,18.1844794005,16.9290655507,16.9747169634,981100,0.0,1.0
1444,2002-09-30T00:00:00.000Z,24.91,25.11,23.5,23.85,1130800,18.952944848,19.1051162237,17.880136649,18.1464365566,1130800,0.0,1.0
1445,2002-10-01T00:00:00.000Z,25.48,25.55,24.11,24.92,867300,19.3866332688,19.4398932503,18.344259345,18.9605534168,867300,0.0,1.0
1446,2002-10-02T00:00:00.000Z,25.6,25.95,25.16,25.48,672400,19.4779360943,19.7442360018,19.1431590676,19.3866332688,672400,0.0,1.0
1447,2002-10-03T00:00:00.000Z,25.0,25.51,24.3,25.5,619800,19.021421967,19.4094589752,18.488822152,19.4018504064,619800,0.0,1.0
1448,2002-10-04T00:00:00.000Z,24.4,25.1,24.35,25.0,718400,18.5649078398,19.0975076549,18.5268649959,19.021421967,718400,0.0,1.0
1449,2002-10-07T00:00:00.000Z,24.5,25.1,24.28,24.28,783600,18.6409935277,19.0975076549,18.4736050144,18.4736050144,783600,0.0,1.0
1450,2002-10-08T00:00:00.000Z,26.0,26.08,24.6,24.6,803800,19.7822788457,19.843147396,18.7170792156,18.7170792156,803800,0.0,1.0
1451,2002-10-09T00:00:00.000Z,26.07,26.2,25.5,26.0,978600,19.8355388272,19.9344502215,19.4018504064,19.7822788457,978600,0.0,1.0
1452,2002-10-10T00:00:00.000Z,25.45,26.3,25.2,26.07,1045800,19.3638075625,20.0105359093,19.1735933428,19.8355388272,1045800,0.0,1.0
1453,2002-10-11T00:00:00.000Z,25.73,26.23,25.73,25.9,715600,19.5768474885,19.9572759278,19.5768474885,19.7061931579,715600,0.0,1.0
1454,2002-10-14T00:00:00.000Z,26.01,26.5,25.8,25.85,408900,19.7898874145,20.1627072851,19.63010747,19.6681503139,408900,0.0,1.0
1455,2002-10-15T00:00:00.000Z,25.63,26.66,25.61,26.5,575000,19.5007618006,20.2844443857,19.485544663,20.1627072851,575000,0.0,1.0
1456,2002-10-16T00:00:00.000Z,26.02,26.3,25.54,25.6,605200,19.7974959833,20.0105359093,19.4322846815,19.4779360943,605200,0.0,1.0
1457,2002-10-17T00:00:00.000Z,25.91,27.0,25.91,27.0,477400,19.7138017266,20.5431357244,19.7138017266,20.5431357244,477400,0.0,1.0
1458,2002-10-18T00:00:00.000Z,26.04,26.39,25.7,25.8,300800,19.8127131209,20.0790130284,19.5540217821,19.63010747,300800,0.0,1.0
1459,2002-10-21T00:00:00.000Z,25.54,26.11,25.43,26.04,450400,19.4322846815,19.8659731024,19.3485904249,19.8127131209,450400,0.0,1.0
1460,2002-10-22T00:00:00.000Z,25.66,25.96,25.29,25.55,277700,19.523587507,19.7518445706,19.2420704619,19.4398932503,277700,0.0,1.0
1461,2002-10-23T00:00:00.000Z,25.4,25.94,24.11,25.65,405800,19.3257647185,19.736627433,18.344259345,19.5159789382,405800,0.0,1.0
1462,2002-10-24T00:00:00.000Z,25.1,26.4,24.88,26.35,645300,19.0975076549,20.0866215972,18.9301191416,20.0485787533,645300,0.0,1.0
1463,2002-10-25T00:00:00.000Z,25.74,26.0,24.69,24.98,396700,19.5844560573,19.7822788457,18.7855563347,19.0062048295,396700,0.0,1.0
1464,2002-10-28T00:00:00.000Z,25.43,26.0,25.4,25.9,271400,19.3485904249,19.7822788457,19.3257647185,19.7061931579,271400,0.0,1.0
1465,2002-10-29T00:00:00.000Z,24.5,25.36,24.34,25.23,644200,18.6409935277,19.2953304434,18.5192564271,19.1964190491,644200,0.0,1.0
1466,2002-10-30T00:00:00.000Z,26.0,26.04,24.65,24.7,877400,19.7822788457,19.8127131209,18.7551220595,18.7931649034,877400,0.0,1.0
1467,2002-10-31T00:00:00.000Z,26.53,26.53,25.95,26.01,632900,20.1855329914,20.1855329914,19.7442360018,19.7898874145,632900,0.0,1.0
1468,2002-11-01T00:00:00.000Z,27.0,27.3,26.3,26.4,499100,20.5431357244,20.771392788,20.0105359093,20.0866215972,499100,0.0,1.0
1469,2002-11-04T00:00:00.000Z,26.01,27.66,25.7,27.45,517400,19.7898874145,21.0453012643,19.5540217821,20.8855213198,517400,0.0,1.0
1470,2002-11-05T00:00:00.000Z,26.25,26.3,25.8,26.05,375700,19.9724930654,20.0105359093,19.63010747,19.8203216897,375700,0.0,1.0
1471,2002-11-06T00:00:00.000Z,26.6,27.15,26.18,26.25,745200,20.2387929729,20.6572642562,19.9192330839,19.9724930654,745200,0.0,1.0
1472,2002-11-07T00:00:00.000Z,26.42,26.89,26.27,26.55,177000,20.1018387348,20.4594414678,19.987710203,20.200750129,177000,0.0,1.0
1473,2002-11-08T00:00:00.000Z,25.58,26.11,25.06,26.1,447200,19.4627189567,19.8659731024,19.0670733798,19.8583645336,447200,0.0,1.0
1474,2002-11-11T00:00:00.000Z,25.77,26.2,25.3,25.51,300400,19.6072817636,19.9344502215,19.2496790307,19.4094589752,300400,0.0,1.0
1475,2002-11-12T00:00:00.000Z,25.8,26.25,25.62,25.62,319000,19.63010747,19.9724930654,19.4931532318,19.4931532318,319000,0.0,1.0
1476,2002-11-13T00:00:00.000Z,25.55,26.22,25.31,25.8,168100,19.4398932503,19.949667359,19.2572875994,19.63010747,168100,0.0,1.0
1477,2002-11-14T00:00:00.000Z,26.09,26.11,25.33,25.9,362100,19.8507559648,19.8659731024,19.272504737,19.7061931579,362100,0.0,1.0
1478,2002-11-15T00:00:00.000Z,26.27,26.47,25.91,26.05,191700,19.987710203,20.1398815787,19.7138017266,19.8203216897,191700,0.0,1.0
1479,2002-11-18T00:00:00.000Z,26.18,26.78,26.1,26.5,221200,19.9192330839,20.3757472111,19.8583645336,20.1627072851,221200,0.0,1.0
1480,2002-11-19T00:00:00.000Z,25.75,26.12,25.5,26.08,328900,19.5920646261,19.8735816712,19.4018504064,19.843147396,328900,0.0,1.0
1481,2002-11-20T00:00:00.000Z,25.1,25.75,25.09,25.75,267600,19.0975076549,19.5920646261,19.0898990861,19.5920646261,267600,0.0,1.0
1482,2002-11-21T00:00:00.000Z,24.6,25.22,24.57,25.2,762000,18.7170792156,19.1888104804,18.6942535092,19.1735933428,762000,0.0,1.0
1483,2002-11-22T00:00:00.000Z,24.08,24.72,24.08,24.65,452200,18.3214336387,18.808382041,18.3214336387,18.7551220595,452200,0.0,1.0
1484,2002-11-25T00:00:00.000Z,22.8,24.33,22.76,24.02,717300,17.3475368339,18.5116478583,17.3171025588,18.2757822259,717300,0.0,1.0
1485,2002-11-26T00:00:00.000Z,22.2,22.65,21.49,22.55,1270000,16.8910227067,17.2334083021,16.3508143229,17.1573226143,1270000,0.0,1.0
1486,2002-11-27T00:00:00.000Z,22.86,23.24,22.65,22.7,360800,17.3931882467,17.6823138606,17.2334083021,17.2714511461,360800,0.0,1.0
1487,2002-11-29T00:00:00.000Z,22.73,23.3,22.6,23.0,148500,17.2942768524,17.7279652733,17.1953654582,17.4997082097,148500,0.0,1.0
1488,2002-12-02T00:00:00.000Z,22.23,23.0,22.0,22.7,403300,16.9138484131,17.4997082097,16.738851331,17.2714511461,403300,0.0,1.0
1489,2002-12-03T00:00:00.000Z,21.87,22.12,21.7,22.0,381500,16.6399399368,16.8301541564,16.5105942674,16.738851331,381500,0.0,1.0
1490,2002-12-04T00:00:00.000Z,22.37,22.66,21.76,21.77,435100,17.0203683761,17.2410168709,16.5562456801,16.5638542489,435100,0.0,1.0
1491,2002-12-05T00:00:00.000Z,23.7,23.72,22.4,22.45,616900,18.0323080248,18.0475251623,17.0431940825,17.0812369264,616900,0.0,1.0
1492,2002-12-06T00:00:00.000Z,24.11,24.22,23.4,23.65,492800,18.344259345,18.4279536017,17.8040509612,17.9942651808,492800,0.0,1.0
1493,2002-12-09T00:00:00.000Z,23.49,24.22,23.45,24.11,349500,17.8725280802,18.4279536017,17.8420938051,18.344259345,349500,0.0,1.0
1494,2002-12-10T00:00:00.000Z,23.82,23.9,23.46,23.55,313800,18.1236108502,18.1844794005,17.8497023739,17.918179493,313800,0.0,1.0
1495,2002-12-11T00:00:00.000Z,24.51,24.55,23.77,23.8,529600,18.6486020965,18.6790363716,18.0855680063,18.1083937126,529600,0.0,1.0
1496,2002-12-12T00:00:00.000Z,24.45,24.6,24.17,24.51,374400,18.6029506838,18.7170792156,18.3899107577,18.6486020965,374400,0.0,1.0
1497,2002-12-13T00:00:00.000Z,23.77,24.46,23.66,24.46,265400,18.0855680063,18.6105592526,18.0018737496,18.6105592526,265400,0.0,1.0
1498,2002-12-16T00:00:00.000Z,24.15,24.15,23.14,23.85,405100,18.3746936202,18.3746936202,17.6062281727,18.1464365566,405100,0.0,1.0
1499,2002-12-17T00:00:00.000Z,23.94,24.38,23.66,24.15,293200,18.2149136756,18.5496907023,18.0018737496,18.3746936202,293200,0.0,1.0
1500,2002-12-18T00:00:00.000Z,23.82,24.15,23.55,23.88,176800,18.1236108502,18.3746936202,17.918179493,18.1692622629,176800,0.0,1.0
1501,2002-12-19T00:00:00.000Z,23.55,24.0,23.39,23.65,331000,17.918179493,18.2605650884,17.7964423924,17.9942651808,331000,0.0,1.0
1502,2002-12-20T00:00:00.000Z,23.88,23.95,23.4,23.9,416000,18.1692622629,18.2225222444,17.8040509612,18.1844794005,416000,0.0,1.0
1503,2002-12-23T00:00:00.000Z,24.42,24.42,23.81,23.83,234200,18.5801249774,18.5801249774,18.1160022814,18.131219419,234200,0.0,1.0
1504,2002-12-24T00:00:00.000Z,24.1,24.35,24.01,24.35,63600,18.3366507762,18.5268649959,18.2681736572,18.5268649959,63600,0.0,1.0
1505,2002-12-26T00:00:00.000Z,23.9,24.05,23.7,24.05,157500,18.1844794005,18.2986079323,18.0323080248,18.2986079323,157500,0.0,1.0
1506,2002-12-27T00:00:00.000Z,23.67,23.9,23.67,23.9,124600,18.0094823184,18.1844794005,18.0094823184,18.1844794005,124600,0.0,1.0
1507,2002-12-30T00:00:00.000Z,23.7,24.0,23.46,23.62,237500,18.0323080248,18.2605650884,17.8497023739,17.9714394745,237500,0.0,1.0
1508,2002-12-31T00:00:00.000Z,24.25,24.27,23.47,23.7,264400,18.450779308,18.4659964456,17.8573109427,18.0323080248,264400,0.0,1.0
1509,2003-01-02T00:00:00.000Z,24.55,24.55,23.88,24.25,247300,18.6790363716,18.6790363716,18.1692622629,18.450779308,247300,0.0,1.0
1510,2003-01-03T00:00:00.000Z,24.86,25.09,24.5,24.7,244900,18.914902004,19.0898990861,18.6409935277,18.7931649034,244900,0.0,1.0
1511,2003-01-06T00:00:00.000Z,24.64,25.33,24.59,25.0,361200,18.7475134907,19.272504737,18.7094706468,19.021421967,361200,0.0,1.0
1512,2003-01-07T00:00:00.000Z,24.25,24.7,24.04,24.7,223500,18.450779308,18.7931649034,18.2909993635,18.7931649034,223500,0.0,1.0
1513,2003-01-08T00:00:00.000Z,24.97,25.17,24.35,24.35,538500,18.9985962607,19.1507676364,18.5268649959,18.5268649959,538500,0.0,1.0
1514,2003-01-09T00:00:00.000Z,25.05,25.31,24.86,25.15,294900,19.059464811,19.2572875994,18.914902004,19.1355504989,294900,0.0,1.0
1515,2003-01-10T00:00:00.000Z,25.17,25.2,24.99,25.0,148100,19.1507676364,19.1735933428,19.0138133983,19.021421967,148100,0.0,1.0
1516,2003-01-13T00:00:00.000Z,24.66,25.25,24.57,25.2,298700,18.7627306283,19.2116361867,18.6942535092,19.1735933428,298700,0.0,1.0
1517,2003-01-14T00:00:00.000Z,23.24,24.07,22.65,24.06,1293100,17.6823138606,18.3138250699,17.2334083021,18.3062165011,1293100,0.0,1.0
1518,2003-01-15T00:00:00.000Z,23.06,23.21,22.74,23.0,576400,17.5453596224,17.6594881542,17.3018854212,17.4997082097,576400,0.0,1.0
1519,2003-01-16T00:00:00.000Z,23.18,23.6,23.01,23.1,235800,17.6366624478,17.9562223369,17.5073167785,17.5757938976,235800,0.0,1.0
1520,2003-01-17T00:00:00.000Z,23.1,23.28,22.97,23.1,261200,17.5757938976,17.7127481357,17.4768825033,17.5757938976,261200,0.0,1.0
1521,2003-01-21T00:00:00.000Z,23.7,23.7,23.0,23.0,336100,18.0323080248,18.0323080248,17.4997082097,17.4997082097,336100,0.0,1.0
1522,2003-01-22T00:00:00.000Z,23.19,23.55,22.58,23.55,766500,17.6442710166,17.918179493,17.1801483206,17.918179493,766500,0.0,1.0
1523,2003-01-23T00:00:00.000Z,23.85,24.06,23.4,23.7,1015300,18.1464365566,18.3062165011,17.8040509612,18.0323080248,1015300,0.0,1.0
1524,2003-01-24T00:00:00.000Z,22.88,23.86,22.73,23.86,432500,17.4084053842,18.1540451254,17.2942768524,18.1540451254,432500,0.0,1.0
1525,2003-01-27T00:00:00.000Z,23.05,23.19,22.5,22.5,941100,17.5377510536,17.6442710166,17.1192797703,17.1192797703,941100,0.0,1.0
1526,2003-01-28T00:00:00.000Z,23.2,23.49,22.81,23.1,1070500,17.6518795854,17.8725280802,17.3551454027,17.5757938976,1070500,0.0,1.0
1527,2003-01-29T00:00:00.000Z,22.95,23.22,22.61,23.22,544600,17.4616653658,17.667096723,17.202974027,17.667096723,544600,0.0,1.0
1528,2003-01-30T00:00:00.000Z,23.1,23.33,22.98,22.98,435500,17.5757938976,17.7507909797,17.4844910721,17.4844910721,435500,0.0,1.0
1529,2003-01-31T00:00:00.000Z,23.45,23.49,22.95,23.1,590400,17.8420938051,17.8725280802,17.4616653658,17.5757938976,590400,0.0,1.0
1530,2003-02-03T00:00:00.000Z,23.77,23.96,23.49,23.55,575600,18.0855680063,18.2301308132,17.8725280802,17.918179493,575600,0.0,1.0
1531,2003-02-04T00:00:00.000Z,23.55,23.58,23.15,23.5,308800,17.918179493,17.9410051993,17.6138367415,17.880136649,308800,0.0,1.0
1532,2003-02-05T00:00:00.000Z,23.63,24.0,23.44,23.6,522800,17.9790480433,18.2605650884,17.8344852363,17.9562223369,522800,0.0,1.0
1533,2003-02-06T00:00:00.000Z,23.86,23.95,23.61,23.7,633400,18.1540451254,18.2225222444,17.9638309057,18.0323080248,633400,0.0,1.0
1534,2003-02-07T00:00:00.000Z,23.83,23.99,23.69,23.75,415800,18.131219419,18.2529565196,18.024699456,18.0703508687,415800,0.0,1.0
1535,2003-02-10T00:00:00.000Z,23.83,23.92,23.48,23.9,346200,18.131219419,18.1996965381,17.8649195115,18.1844794005,346200,0.0,1.0
1536,2003-02-11T00:00:00.000Z,24.16,24.62,23.88,23.88,631000,18.382302189,18.7322963532,18.1692622629,18.1692622629,631000,0.0,1.0
1537,2003-02-12T00:00:00.000Z,24.1,24.5,23.9,24.22,540700,18.3366507762,18.6409935277,18.1844794005,18.4279536017,540700,0.0,1.0
1538,2003-02-13T00:00:00.000Z,23.7,23.99,23.45,23.98,560000,18.0323080248,18.2529565196,17.8420938051,18.2453479508,560000,0.0,1.0
1539,2003-02-14T00:00:00.000Z,23.77,24.24,23.55,23.55,352200,18.0855680063,18.4431707393,17.918179493,17.918179493,352200,0.0,1.0
1540,2003-02-18T00:00:00.000Z,24.0,24.2,23.59,23.6,417600,18.2605650884,18.4127364641,17.9486137681,17.9562223369,417600,0.0,1.0
1541,2003-02-19T00:00:00.000Z,24.0,24.15,23.89,24.0,393600,18.2605650884,18.3746936202,18.1768708317,18.2605650884,393600,0.0,1.0
1542,2003-02-20T00:00:00.000Z,23.95,24.15,23.8,23.9,500800,18.2225222444,18.3746936202,18.1083937126,18.1844794005,500800,0.0,1.0
1543,2003-02-21T00:00:00.000Z,24.0,24.16,23.88,23.97,719600,18.2605650884,18.382302189,18.1692622629,18.237739382,719600,0.0,1.0
1544,2003-02-24T00:00:00.000Z,24.0,24.21,23.91,24.0,499700,18.2605650884,18.4203450329,18.1920879693,18.2605650884,499700,0.0,1.0
1545,2003-02-25T00:00:00.000Z,24.65,24.7,23.91,24.0,328700,18.7551220595,18.7931649034,18.1920879693,18.2605650884,328700,0.0,1.0
1546,2003-02-26T00:00:00.000Z,24.75,24.95,24.45,24.6,327400,18.8312077474,18.9833791231,18.6029506838,18.7170792156,327400,0.0,1.0
1547,2003-02-27T00:00:00.000Z,24.95,25.05,24.7,24.8,290100,18.9833791231,19.059464811,18.7931649034,18.8692505913,290100,0.0,1.0
1548,2003-02-28T00:00:00.000Z,25.25,25.4,24.85,24.97,462800,19.2116361867,19.3257647185,18.9072934352,18.9985962607,462800,0.0,1.0
1549,2003-03-03T00:00:00.000Z,25.44,25.62,25.23,25.23,491000,19.3561989937,19.4931532318,19.1964190491,19.1964190491,491000,0.0,1.0
1550,2003-03-04T00:00:00.000Z,25.32,25.69,25.29,25.4,331400,19.2648961682,19.5464132133,19.2420704619,19.3257647185,331400,0.0,1.0
1551,2003-03-05T00:00:00.000Z,25.86,26.0,25.32,25.32,333600,19.6757588827,19.7822788457,19.2648961682,19.2648961682,333600,0.0,1.0
1552,2003-03-06T00:00:00.000Z,25.5,26.04,25.44,26.0,584400,19.4018504064,19.8127131209,19.3561989937,19.7822788457,584400,0.0,1.0
1553,2003-03-07T00:00:00.000Z,25.73,25.73,25.25,25.35,325000,19.5768474885,19.5768474885,19.2116361867,19.2877218746,325000,0.0,1.0
1554,2003-03-10T00:00:00.000Z,25.1,25.7,25.03,25.65,292700,19.0975076549,19.5540217821,19.0442476734,19.5159789382,292700,0.0,1.0
1555,2003-03-11T00:00:00.000Z,24.69,24.99,24.6,24.9,296600,18.7855563347,19.0138133983,18.7170792156,18.9453362792,296600,0.0,1.0
1556,2003-03-12T00:00:00.000Z,24.59,24.82,24.43,24.55,178200,18.7094706468,18.8844677289,18.5877335462,18.6790363716,178200,0.0,1.0
1557,2003-03-13T00:00:00.000Z,25.4,25.4,24.67,24.72,311800,19.3257647185,19.3257647185,18.7703391971,18.808382041,311800,0.0,1.0
1558,2003-03-14T00:00:00.000Z,25.17,25.51,25.05,25.4,338200,19.1507676364,19.4094589752,19.059464811,19.3257647185,338200,0.0,1.0
1559,2003-03-17T00:00:00.000Z,25.74,25.74,25.06,25.12,381500,19.5844560573,19.5844560573,19.0670733798,19.1127247925,381500,0.0,1.0
1560,2003-03-18T00:00:00.000Z,25.66,26.4,25.35,25.94,394600,19.523587507,20.0866215972,19.2877218746,19.736627433,394600,0.0,1.0
1561,2003-03-19T00:00:00.000Z,25.34,25.6,24.85,25.5,350400,19.2801133058,19.4779360943,18.9072934352,19.4018504064,350400,0.0,1.0
1562,2003-03-20T00:00:00.000Z,25.97,26.0,24.95,25.25,317500,19.7594531394,19.7822788457,18.9833791231,19.2116361867,317500,0.0,1.0
1563,2003-03-21T00:00:00.000Z,26.44,27.0,26.02,26.2,531100,20.1170558724,20.5431357244,19.7974959833,19.9344502215,531100,0.0,1.0
1564,2003-03-24T00:00:00.000Z,25.68,26.44,25.65,26.44,259700,19.5388046446,20.1170558724,19.5159789382,20.1170558724,259700,0.0,1.0
1565,2003-03-25T00:00:00.000Z,26.73,26.91,25.75,25.75,329500,20.3377043672,20.4746586053,19.5920646261,19.5920646261,329500,0.0,1.0
1566,2003-03-26T00:00:00.000Z,26.55,26.95,26.4,26.75,396500,20.200750129,20.5050928805,20.0866215972,20.3529215047,396500,0.0,1.0
1567,2003-03-27T00:00:00.000Z,26.69,26.9,26.13,26.47,278100,20.307270092,20.4670500365,19.88119024,20.1398815787,278100,0.0,1.0
1568,2003-03-28T00:00:00.000Z,26.05,26.7,25.88,26.7,587700,19.8203216897,20.3148786608,19.6909760203,20.3148786608,587700,0.0,1.0
1569,2003-03-31T00:00:00.000Z,26.16,26.41,25.59,26.0,462500,19.9040159463,20.094230166,19.4703275255,19.7822788457,462500,0.0,1.0
1570,2003-04-01T00:00:00.000Z,27.13,27.16,25.98,26.16,523000,20.6420471186,20.664872825,19.7670617082,19.9040159463,523000,0.0,1.0
1571,2003-04-02T00:00:00.000Z,27.21,28.24,27.06,28.0,414900,20.7029156689,21.486598254,20.5887871371,21.3039926031,414900,0.0,1.0
1572,2003-04-03T00:00:00.000Z,26.35,27.16,26.25,27.15,885700,20.0485787533,20.664872825,19.9724930654,20.6572642562,885700,0.0,1.0
1573,2003-04-04T00:00:00.000Z,23.9,26.35,23.5,26.35,2205200,18.1844794005,20.0485787533,17.880136649,20.0485787533,2205200,0.0,1.0
1574,2003-04-07T00:00:00.000Z,24.03,24.33,23.72,24.25,845800,18.2833907947,18.5116478583,18.0475251623,18.450779308,845800,0.0,1.0
1575,2003-04-08T00:00:00.000Z,24.48,24.75,23.95,24.0,933700,18.6257763901,18.8312077474,18.2225222444,18.2605650884,933700,0.0,1.0
1576,2003-04-09T00:00:00.000Z,24.22,24.94,24.2,24.58,417300,18.4279536017,18.9757705543,18.4127364641,18.701862078,417300,0.0,1.0
1577,2003-04-10T00:00:00.000Z,24.22,24.45,24.07,24.25,394500,18.4279536017,18.6029506838,18.3138250699,18.450779308,394500,0.0,1.0
1578,2003-04-11T00:00:00.000Z,23.98,24.45,23.86,24.3,273400,18.2453479508,18.6029506838,18.1540451254,18.488822152,273400,0.0,1.0
1579,2003-04-14T00:00:00.000Z,24.0,24.12,23.85,24.05,263200,18.2605650884,18.3518679138,18.1464365566,18.2986079323,263200,0.0,1.0
1580,2003-04-15T00:00:00.000Z,23.15,24.0,20.6,24.0,4245000,17.6138367415,18.2605650884,15.6736517008,18.2605650884,4245000,0.0,1.0
1581,2003-04-16T00:00:00.000Z,21.76,23.9,21.65,23.9,1466600,16.5562456801,18.1844794005,16.4725514235,18.1844794005,1466600,0.0,1.0
1582,2003-04-17T00:00:00.000Z,22.21,22.57,21.67,21.7,729000,16.8986312755,17.1725397519,16.487768561,16.5105942674,729000,0.0,1.0
1583,2003-04-21T00:00:00.000Z,21.76,22.6,21.68,22.6,745500,16.5562456801,17.1953654582,16.4953771298,17.1953654582,745500,0.0,1.0
1584,2003-04-22T00:00:00.000Z,21.27,21.9,21.15,21.9,1224000,16.1834258096,16.6627656431,16.0921229841,16.6627656431,1224000,0.0,1.0
1585,2003-04-23T00:00:00.000Z,22.58,22.67,21.35,21.4,732600,17.1801483206,17.2486254397,16.2442943599,16.2823372038,732600,0.0,1.0
1586,2003-04-24T00:00:00.000Z,20.93,21.91,19.4,21.9,2567300,15.9247344708,16.6703742119,14.7606234464,16.6627656431,2567300,0.0,1.0
1587,2003-04-25T00:00:00.000Z,22.1,22.4,21.5,21.75,842300,16.8149370189,17.0431940825,16.3584228917,16.5486371113,842300,0.0,1.0
1588,2003-04-28T00:00:00.000Z,22.2,22.29,21.86,22.08,665100,16.8910227067,16.9594998258,16.632331368,16.7997198813,665100,0.0,1.0
1589,2003-04-29T00:00:00.000Z,22.28,22.6,22.07,22.2,747700,16.951891257,17.1953654582,16.7921113125,16.8910227067,747700,0.0,1.0
1590,2003-04-30T00:00:00.000Z,22.7,22.99,22.17,22.26,1063200,17.2714511461,17.4920996409,16.8681970004,16.9366741195,1063200,0.0,1.0
1591,2003-05-01T00:00:00.000Z,22.3,22.64,22.03,22.55,694100,16.9671083946,17.2257997334,16.7616770374,17.1573226143,694100,0.0,1.0
1592,2003-05-02T00:00:00.000Z,22.6,22.62,22.2,22.35,611000,17.1953654582,17.2105825958,16.8910227067,17.0051512385,611000,0.0,1.0
1593,2003-05-05T00:00:00.000Z,23.65,23.73,23.0,23.05,1056100,17.9942651808,18.0551337311,17.4997082097,17.5377510536,1056100,0.0,1.0
1594,2003-05-06T00:00:00.000Z,23.59,23.8,23.05,23.55,666700,17.9486137681,18.1083937126,17.5377510536,17.918179493,666700,0.0,1.0
1595,2003-05-07T00:00:00.000Z,23.09,23.6,23.05,23.6,281500,17.5681853288,17.9562223369,17.5377510536,17.9562223369,281500,0.0,1.0
1596,2003-05-08T00:00:00.000Z,22.9,23.23,22.84,23.15,542700,17.4236225218,17.6747052918,17.3779711091,17.6138367415,542700,0.0,1.0
1597,2003-05-09T00:00:00.000Z,23.16,23.33,22.95,22.95,399000,17.6214453103,17.7507909797,17.4616653658,17.4616653658,399000,0.0,1.0
1598,2003-05-12T00:00:00.000Z,23.39,23.42,22.96,23.15,370200,17.7964423924,17.8192680987,17.4692739345,17.6138367415,370200,0.0,1.0
1599,2003-05-13T00:00:00.000Z,23.04,23.46,22.9,23.4,460000,17.5301424848,17.8497023739,17.4236225218,17.8040509612,460000,0.0,1.0
1600,2003-05-14T00:00:00.000Z,22.26,23.09,21.8,22.85,1116700,16.9366741195,17.5681853288,16.5866799553,17.3855796779,1116700,0.0,1.0
1601,2003-05-15T00:00:00.000Z,22.64,22.76,22.18,22.2,645900,17.2257997334,17.3171025588,16.8758055692,16.8910227067,645900,0.0,1.0
1602,2003-05-16T00:00:00.000Z,22.56,22.75,22.48,22.68,158200,17.1649311831,17.30949399,17.1040626328,17.2562340085,158200,0.0,1.0
1603,2003-05-19T00:00:00.000Z,22.16,22.47,22.07,22.46,278400,16.8605884316,17.096454064,16.7921113125,17.0888454952,278400,0.0,1.0
1604,2003-05-20T00:00:00.000Z,22.08,22.15,21.97,22.1,633400,16.7997198813,16.8529798628,16.7160256246,16.8149370189,633400,0.0,1.0
1605,2003-05-21T00:00:00.000Z,22.16,22.24,22.07,22.15,400100,16.8605884316,16.9214569819,16.7921113125,16.8529798628,400100,0.0,1.0
1606,2003-05-22T00:00:00.000Z,22.5,22.75,22.14,22.19,559100,17.1192797703,17.30949399,16.845371294,16.883414138,559100,0.0,1.0
1607,2003-05-23T00:00:00.000Z,22.52,22.72,22.32,22.5,304500,17.1344969079,17.2866682837,16.9823255322,17.1192797703,304500,0.0,1.0
1608,2003-05-27T00:00:00.000Z,22.2,22.57,22.1,22.55,516500,16.8910227067,17.1725397519,16.8149370189,17.1573226143,516500,0.0,1.0
1609,2003-05-28T00:00:00.000Z,22.39,22.47,22.14,22.25,483800,17.0355855137,17.096454064,16.845371294,16.9290655507,483800,0.0,1.0
1610,2003-05-29T00:00:00.000Z,22.52,22.9,22.46,22.5,439100,17.1344969079,17.4236225218,17.0888454952,17.1192797703,439100,0.0,1.0
1611,2003-05-30T00:00:00.000Z,22.55,22.63,22.17,22.4,559600,17.1573226143,17.2181911646,16.8681970004,17.0431940825,559600,0.0,1.0
1612,2003-06-02T00:00:00.000Z,23.33,23.4,22.7,22.7,686900,17.7507909797,17.8040509612,17.2714511461,17.2714511461,686900,0.0,1.0
1613,2003-06-03T00:00:00.000Z,23.42,23.48,23.0,23.27,846100,17.8192680987,17.8649195115,17.4997082097,17.7051395669,846100,0.0,1.0
1614,2003-06-04T00:00:00.000Z,23.61,23.73,23.35,23.5,498200,17.9638309057,18.0551337311,17.7660081172,17.880136649,498200,0.0,1.0
1615,2003-06-05T00:00:00.000Z,23.51,23.57,23.25,23.57,364000,17.8877452178,17.9333966305,17.6899224294,17.9333966305,364000,0.0,1.0
1616,2003-06-06T00:00:00.000Z,23.37,23.73,23.27,23.55,431800,17.7812252548,18.0551337311,17.7051395669,17.918179493,431800,0.0,1.0
1617,2003-06-09T00:00:00.000Z,22.88,23.3,22.63,23.3,340000,17.4084053842,17.7279652733,17.2181911646,17.7279652733,340000,0.0,1.0
1618,2003-06-10T00:00:00.000Z,22.81,23.04,22.35,23.0,481000,17.3551454027,17.5301424848,17.0051512385,17.4997082097,481000,0.0,1.0
1619,2003-06-11T00:00:00.000Z,22.86,23.0,22.64,22.81,535300,17.3931882467,17.4997082097,17.2257997334,17.3551454027,535300,0.0,1.0
1620,2003-06-12T00:00:00.000Z,23.3,23.5,22.79,22.86,404600,17.7279652733,17.880136649,17.3399282652,17.3931882467,404600,0.0,1.0
1621,2003-06-13T00:00:00.000Z,23.65,23.85,23.39,23.4,409600,17.9942651808,18.1464365566,17.7964423924,17.8040509612,409600,0.0,1.0
1622,2003-06-16T00:00:00.000Z,24.04,24.04,23.34,23.7,599300,18.2909993635,18.2909993635,17.7583995484,18.0323080248,599300,0.0,1.0
1623,2003-06-17T00:00:00.000Z,24.8,24.86,24.3,24.45,781100,18.8692505913,18.914902004,18.488822152,18.6029506838,781100,0.0,1.0
1624,2003-06-18T00:00:00.000Z,24.53,24.71,24.25,24.7,703000,18.6638192341,18.8007734722,18.450779308,18.7931649034,703000,0.0,1.0
1625,2003-06-19T00:00:00.000Z,24.42,24.7,24.34,24.7,719700,18.5801249774,18.7931649034,18.5192564271,18.7931649034,719700,0.0,1.0
1626,2003-06-20T00:00:00.000Z,23.96,24.56,23.79,24.5,556200,18.2301308132,18.6866449404,18.1007851438,18.6409935277,556200,0.0,1.0
1627,2003-06-23T00:00:00.000Z,23.12,23.85,22.78,23.85,651500,17.5910110351,18.1464365566,17.3323196964,18.1464365566,651500,0.0,1.0
1628,2003-06-24T00:00:00.000Z,23.32,23.45,23.1,23.1,232700,17.7431824109,17.8420938051,17.5757938976,17.5757938976,232700,0.0,1.0
1629,2003-06-25T00:00:00.000Z,23.64,23.82,23.27,23.33,338900,17.986656612,18.1236108502,17.7051395669,17.7507909797,338900,0.0,1.0
1630,2003-06-26T00:00:00.000Z,23.58,23.77,23.3,23.64,637700,17.9410051993,18.0855680063,17.7279652733,17.986656612,637700,0.0,1.0
1631,2003-06-27T00:00:00.000Z,23.45,23.78,23.3,23.6,282000,17.8420938051,18.0931765751,17.7279652733,17.9562223369,282000,0.0,1.0
1632,2003-06-30T00:00:00.000Z,23.09,23.77,23.09,23.4,518100,17.5681853288,18.0855680063,17.5681853288,17.8040509612,518100,0.0,1.0
1633,2003-07-01T00:00:00.000Z,22.82,23.09,22.49,23.0,761000,17.3627539715,17.5681853288,17.1116712016,17.4997082097,761000,0.0,1.0
1634,2003-07-02T00:00:00.000Z,23.13,23.13,22.71,22.82,439800,17.5986196039,17.5986196039,17.2790597149,17.3627539715,439800,0.0,1.0
1635,2003-07-03T00:00:00.000Z,22.99,23.3,22.87,23.13,172400,17.4920996409,17.7279652733,17.4007968155,17.5986196039,172400,0.0,1.0
1636,2003-07-07T00:00:00.000Z,23.08,23.16,22.92,23.05,313000,17.56057676,17.6214453103,17.4388396594,17.5377510536,313000,0.0,1.0
1637,2003-07-08T00:00:00.000Z,23.08,23.25,22.75,23.01,598900,17.56057676,17.6899224294,17.30949399,17.5073167785,598900,0.0,1.0
1638,2003-07-09T00:00:00.000Z,23.02,23.17,22.84,23.09,397400,17.5149253473,17.6290538791,17.3779711091,17.5681853288,397400,0.0,1.0
1639,2003-07-10T00:00:00.000Z,23.0,23.1,22.69,23.08,417100,17.4997082097,17.5757938976,17.2638425773,17.56057676,417100,0.0,1.0
1640,2003-07-11T00:00:00.000Z,22.86,23.01,22.6,23.0,523000,17.3931882467,17.5073167785,17.1953654582,17.4997082097,523000,0.0,1.0
1641,2003-07-14T00:00:00.000Z,23.58,23.9,23.03,23.03,417900,17.9410051993,18.1844794005,17.522533916,17.522533916,417900,0.0,1.0
1642,2003-07-15T00:00:00.000Z,23.68,23.89,23.45,23.75,485400,18.0170908872,18.1768708317,17.8420938051,18.0703508687,485400,0.0,1.0
1643,2003-07-16T00:00:00.000Z,23.27,23.7,23.27,23.7,320700,17.7051395669,18.0323080248,17.7051395669,18.0323080248,320700,0.0,1.0
1644,2003-07-17T00:00:00.000Z,22.75,23.39,22.68,23.2,490700,17.30949399,17.7964423924,17.2562340085,17.6518795854,490700,0.0,1.0
1645,2003-07-18T00:00:00.000Z,23.26,23.33,22.88,22.88,308800,17.6975309981,17.7507909797,17.4084053842,17.4084053842,308800,0.0,1.0
1646,2003-07-21T00:00:00.000Z,23.05,23.24,22.86,23.24,244300,17.5377510536,17.6823138606,17.3931882467,17.6823138606,244300,0.0,1.0
1647,2003-07-22T00:00:00.000Z,22.9,23.3,22.77,23.1,531200,17.4236225218,17.7279652733,17.3247111276,17.5757938976,531200,0.0,1.0
1648,2003-07-23T00:00:00.000Z,22.83,22.86,22.3,22.8,463500,17.3703625403,17.3931882467,16.9671083946,17.3475368339,463500,0.0,1.0
1649,2003-07-24T00:00:00.000Z,23.2,23.85,23.0,23.0,648000,17.6518795854,18.1464365566,17.4997082097,17.4997082097,648000,0.0,1.0
1650,2003-07-25T00:00:00.000Z,23.13,23.39,23.0,23.05,617300,17.5986196039,17.7964423924,17.4997082097,17.5377510536,617300,0.0,1.0
1651,2003-07-28T00:00:00.000Z,23.2,23.28,23.04,23.15,232100,17.6518795854,17.7127481357,17.5301424848,17.6138367415,232100,0.0,1.0
1652,2003-07-29T00:00:00.000Z,23.55,23.73,23.02,23.3,294300,17.918179493,18.0551337311,17.5149253473,17.7279652733,294300,0.0,1.0
1653,2003-07-30T00:00:00.000Z,23.1,23.6,23.04,23.6,644100,17.5757938976,17.9562223369,17.5301424848,17.9562223369,644100,0.0,1.0
1654,2003-07-31T00:00:00.000Z,22.98,23.25,22.94,23.15,301100,17.4844910721,17.6899224294,17.454056797,17.6138367415,301100,0.0,1.0
1655,2003-08-01T00:00:00.000Z,22.66,22.95,22.61,22.95,356100,17.2410168709,17.4616653658,17.202974027,17.4616653658,356100,0.0,1.0
1656,2003-08-04T00:00:00.000Z,22.25,22.67,22.1,22.66,437100,16.9290655507,17.2486254397,16.8149370189,17.2410168709,437100,0.0,1.0
1657,2003-08-05T00:00:00.000Z,22.07,22.49,22.0,22.4,495100,16.7921113125,17.1116712016,16.738851331,17.0431940825,495100,0.0,1.0
1658,2003-08-06T00:00:00.000Z,21.9,22.1,21.6,22.0,726800,16.6627656431,16.8149370189,16.4345085795,16.738851331,726800,0.0,1.0
1659,2003-08-07T00:00:00.000Z,22.18,22.18,21.8,22.0,298800,16.8758055692,16.8758055692,16.5866799553,16.738851331,298800,0.0,1.0
1660,2003-08-08T00:00:00.000Z,22.01,22.3,21.95,22.18,369100,16.7464598998,16.9671083946,16.7008084871,16.8758055692,369100,0.0,1.0
1661,2003-08-11T00:00:00.000Z,21.99,22.3,21.96,22.1,298200,16.7312427622,16.9671083946,16.7084170559,16.8149370189,298200,0.0,1.0
1662,2003-08-12T00:00:00.000Z,22.03,22.08,21.8,22.0,341100,16.7616770374,16.7997198813,16.5866799553,16.738851331,341100,0.0,1.0
1663,2003-08-13T00:00:00.000Z,22.43,22.6,21.9,21.9,527600,17.0660197888,17.1953654582,16.6627656431,16.6627656431,527600,0.0,1.0
1664,2003-08-14T00:00:00.000Z,22.3,22.36,22.0,22.32,472500,16.9671083946,17.0127598073,16.738851331,16.9823255322,472500,0.0,1.0
1665,2003-08-15T00:00:00.000Z,22.4,22.4,22.15,22.22,84300,17.0431940825,17.0431940825,16.8529798628,16.9062398443,84300,0.0,1.0
1666,2003-08-18T00:00:00.000Z,22.64,22.69,22.19,22.4,625000,17.2257997334,17.2638425773,16.883414138,17.0431940825,625000,0.0,1.0
1667,2003-08-19T00:00:00.000Z,22.81,22.85,22.55,22.55,383800,17.3551454027,17.3855796779,17.1573226143,17.1573226143,383800,0.0,1.0
1668,2003-08-20T00:00:00.000Z,22.8,23.0,22.7,22.73,414600,17.3475368339,17.4997082097,17.2714511461,17.2942768524,414600,0.0,1.0
1669,2003-08-21T00:00:00.000Z,22.87,23.01,22.65,22.8,662600,17.4007968155,17.5073167785,17.2334083021,17.3475368339,662600,0.0,1.0
1670,2003-08-22T00:00:00.000Z,22.58,22.94,22.31,22.85,357600,17.1801483206,17.454056797,16.9747169634,17.3855796779,357600,0.0,1.0
1671,2003-08-25T00:00:00.000Z,22.53,22.8,22.46,22.75,237600,17.1421054767,17.3475368339,17.0888454952,17.30949399,237600,0.0,1.0
1672,2003-08-26T00:00:00.000Z,22.7,22.72,22.2,22.58,419100,17.2714511461,17.2866682837,16.8910227067,17.1801483206,419100,0.0,1.0
1673,2003-08-27T00:00:00.000Z,22.82,22.83,22.53,22.65,550100,17.3627539715,17.3703625403,17.1421054767,17.2334083021,550100,0.0,1.0
1674,2003-08-28T00:00:00.000Z,23.3,23.3,22.75,22.78,558700,17.7279652733,17.7279652733,17.30949399,17.3323196964,558700,0.0,1.0
1675,2003-08-29T00:00:00.000Z,23.42,23.45,23.15,23.32,335400,17.8192680987,17.8420938051,17.6138367415,17.7431824109,335400,0.0,1.0
1676,2003-09-02T00:00:00.000Z,23.9,24.01,23.45,23.55,771500,18.1844794005,18.2681736572,17.8420938051,17.918179493,771500,0.0,1.0
1677,2003-09-03T00:00:00.000Z,23.35,23.95,23.28,23.95,529300,17.7660081172,18.2225222444,17.7127481357,18.2225222444,529300,0.0,1.0
1678,2003-09-04T00:00:00.000Z,23.78,23.78,23.33,23.4,383500,18.0931765751,18.0931765751,17.7507909797,17.8040509612,383500,0.0,1.0
1679,2003-09-05T00:00:00.000Z,23.57,23.85,23.5,23.58,452300,17.9333966305,18.1464365566,17.880136649,17.9410051993,452300,0.0,1.0
1680,2003-09-08T00:00:00.000Z,23.8,23.95,23.6,23.74,517300,18.1083937126,18.2225222444,17.9562223369,18.0627422999,517300,0.0,1.0
1681,2003-09-09T00:00:00.000Z,24.02,24.1,23.55,23.9,519000,18.2757822259,18.3366507762,17.918179493,18.1844794005,519000,0.0,1.0
1682,2003-09-10T00:00:00.000Z,24.0,24.07,23.74,23.97,504200,18.2605650884,18.3138250699,18.0627422999,18.237739382,504200,0.0,1.0
1683,2003-09-11T00:00:00.000Z,23.82,24.28,23.65,23.88,416200,18.1236108502,18.4736050144,17.9942651808,18.1692622629,416200,0.0,1.0
1684,2003-09-12T00:00:00.000Z,23.95,24.02,23.7,23.83,186800,18.2225222444,18.2757822259,18.0323080248,18.131219419,186800,0.0,1.0
1685,2003-09-15T00:00:00.000Z,24.23,24.49,24.0,24.0,620300,18.4355621705,18.6333849589,18.2605650884,18.2605650884,620300,0.0,1.0
1686,2003-09-16T00:00:00.000Z,23.88,24.24,23.67,24.23,504200,18.1692622629,18.4431707393,18.0094823184,18.4355621705,504200,0.0,1.0
1687,2003-09-17T00:00:00.000Z,23.85,23.9,23.44,23.9,384700,18.1464365566,18.1844794005,17.8344852363,18.1844794005,384700,0.0,1.0
1688,2003-09-18T00:00:00.000Z,23.73,23.97,23.6,23.81,332800,18.0551337311,18.237739382,17.9562223369,18.1160022814,332800,0.0,1.0
1689,2003-09-19T00:00:00.000Z,23.98,23.98,23.61,23.7,277800,18.2453479508,18.2453479508,17.9638309057,18.0323080248,277800,0.0,1.0
1690,2003-09-22T00:00:00.000Z,23.98,24.05,23.73,23.98,274100,18.2453479508,18.2986079323,18.0551337311,18.2453479508,274100,0.0,1.0
1691,2003-09-23T00:00:00.000Z,24.04,24.34,23.99,24.1,517900,18.2909993635,18.5192564271,18.2529565196,18.3366507762,517900,0.0,1.0
1692,2003-09-24T00:00:00.000Z,23.93,24.15,23.9,24.04,427200,18.2073051069,18.3746936202,18.1844794005,18.2909993635,427200,0.0,1.0
1693,2003-09-25T00:00:00.000Z,23.18,23.98,23.0,23.9,475900,17.6366624478,18.2453479508,17.4997082097,18.1844794005,475900,0.0,1.0
1694,2003-09-26T00:00:00.000Z,23.08,23.35,23.0,23.28,176400,17.56057676,17.7660081172,17.4997082097,17.7127481357,176400,0.0,1.0
1695,2003-09-29T00:00:00.000Z,22.79,23.0,22.71,23.0,370300,17.3399282652,17.4997082097,17.2790597149,17.4997082097,370300,0.0,1.0
1696,2003-09-30T00:00:00.000Z,23.02,23.4,22.67,22.8,532600,17.5149253473,17.8040509612,17.2486254397,17.3475368339,532600,0.0,1.0
1697,2003-10-01T00:00:00.000Z,23.0,23.01,22.75,22.96,301800,17.4997082097,17.5073167785,17.30949399,17.4692739345,301800,0.0,1.0
1698,2003-10-02T00:00:00.000Z,23.2,23.3,22.95,23.0,645600,17.6518795854,17.7279652733,17.4616653658,17.4997082097,645600,0.0,1.0
1699,2003-10-03T00:00:00.000Z,23.0,23.46,22.97,23.25,314700,17.4997082097,17.8497023739,17.4768825033,17.6899224294,314700,0.0,1.0
1700,2003-10-06T00:00:00.000Z,22.57,22.85,22.52,22.85,362600,17.1725397519,17.3855796779,17.1344969079,17.3855796779,362600,0.0,1.0
1701,2003-10-07T00:00:00.000Z,22.65,22.88,22.41,22.5,709500,17.2334083021,17.4084053842,17.0508026513,17.1192797703,709500,0.0,1.0
1702,2003-10-08T00:00:00.000Z,22.5,22.6,22.42,22.6,589300,17.1192797703,17.1953654582,17.05841122,17.1953654582,589300,0.0,1.0
1703,2003-10-09T00:00:00.000Z,22.42,22.71,22.27,22.55,608600,17.05841122,17.2790597149,16.9442826882,17.1573226143,608600,0.0,1.0
1704,2003-10-10T00:00:00.000Z,22.48,22.65,22.44,22.52,382800,17.1040626328,17.2334083021,17.0736283576,17.1344969079,382800,0.0,1.0
1705,2003-10-13T00:00:00.000Z,22.37,22.75,22.27,22.52,317600,17.0203683761,17.30949399,16.9442826882,17.1344969079,317600,0.0,1.0
1706,2003-10-14T00:00:00.000Z,22.51,22.59,22.43,22.45,316600,17.1268883391,17.1877568894,17.0660197888,17.0812369264,316600,0.0,1.0
1707,2003-10-15T00:00:00.000Z,22.37,22.65,22.28,22.65,502700,17.0203683761,17.2334083021,16.951891257,17.2334083021,502700,0.0,1.0
1708,2003-10-16T00:00:00.000Z,22.4,22.62,22.33,22.37,539300,17.0431940825,17.2105825958,16.989934101,17.0203683761,539300,0.0,1.0
1709,2003-10-17T00:00:00.000Z,22.45,22.49,22.22,22.45,292700,17.0812369264,17.1116712016,16.9062398443,17.0812369264,292700,0.0,1.0
1710,2003-10-20T00:00:00.000Z,22.43,22.58,22.27,22.35,556000,17.0660197888,17.1801483206,16.9442826882,17.0051512385,556000,0.0,1.0
1711,2003-10-21T00:00:00.000Z,21.85,22.4,21.7,22.33,700100,16.6247227992,17.0431940825,16.5105942674,16.989934101,700100,0.0,1.0
1712,2003-10-22T00:00:00.000Z,21.5,21.78,21.32,21.75,429500,16.3584228917,16.5714628177,16.2214686535,16.5486371113,429500,0.0,1.0
1713,2003-10-23T00:00:00.000Z,19.99,21.3,19.5,21.25,4011100,15.2095290049,16.2062515159,14.8367091343,16.168208672,4011100,0.0,1.0
1714,2003-10-24T00:00:00.000Z,20.82,20.83,19.8,19.85,1688500,15.8410402142,15.8486487829,15.0649661979,15.1030090418,1688500,0.0,1.0
1715,2003-10-27T00:00:00.000Z,20.65,20.98,20.58,20.83,653200,15.7116945448,15.9627773147,15.6584345633,15.8486487829,653200,0.0,1.0
1716,2003-10-28T00:00:00.000Z,20.7,20.75,20.34,20.72,549100,15.7497373887,15.7877802327,15.4758289124,15.7649545263,549100,0.0,1.0
1717,2003-10-29T00:00:00.000Z,20.08,20.6,19.96,20.6,1194600,15.2780061239,15.6736517008,15.1867032985,15.6736517008,1194600,0.0,1.0
1718,2003-10-30T00:00:00.000Z,20.65,20.71,20.3,20.4,873800,15.7116945448,15.7573459575,15.4453946372,15.5214803251,873800,0.0,1.0
1719,2003-10-31T00:00:00.000Z,20.82,20.94,20.64,20.75,493400,15.8410402142,15.9323430396,15.704085976,15.7877802327,493400,0.0,1.0
1720,2003-11-03T00:00:00.000Z,20.86,21.05,20.7,21.0,516400,15.8714744893,16.0160372963,15.7497373887,15.9779944523,516400,0.0,1.0
1721,2003-11-04T00:00:00.000Z,21.0,21.1,20.73,20.95,855400,15.9779944523,16.0540801402,15.7725630951,15.9399516084,855400,0.0,1.0
1722,2003-11-05T00:00:00.000Z,21.18,21.23,20.8,21.0,998700,16.1149486905,16.1529915344,15.8258230766,15.9779944523,998700,0.0,1.0
1723,2003-11-06T00:00:00.000Z,21.38,21.4,21.02,21.1,605100,16.2671200662,16.2823372038,15.9932115899,16.0540801402,605100,0.0,1.0
1724,2003-11-07T00:00:00.000Z,21.35,21.5,21.25,21.38,627400,16.2442943599,16.3584228917,16.168208672,16.2671200662,627400,0.0,1.0
1725,2003-11-10T00:00:00.000Z,20.94,21.36,20.92,21.32,679200,15.9323430396,16.2519029286,15.917125902,16.2214686535,679200,0.0,1.0
1726,2003-11-11T00:00:00.000Z,20.81,20.97,20.75,20.9,537300,15.8334316454,15.955168746,15.7877802327,15.9019087645,537300,0.0,1.0
1727,2003-11-12T00:00:00.000Z,21.11,21.19,20.8,20.81,324700,16.061688709,16.1225572593,15.8258230766,15.8334316454,324700,0.0,1.0
1728,2003-11-13T00:00:00.000Z,20.77,21.23,20.76,21.0,819600,15.8029973702,16.1529915344,15.7953888014,15.9779944523,819600,0.0,1.0
1729,2003-11-14T00:00:00.000Z,21.11,21.14,20.65,20.8,1301500,16.061688709,16.0845144153,15.7116945448,15.8258230766,1301500,0.0,1.0
1730,2003-11-17T00:00:00.000Z,21.41,21.46,21.06,21.17,1545800,16.2899457726,16.3279886165,16.023645865,16.1073401217,1545800,0.0,1.0
1731,2003-11-18T00:00:00.000Z,21.9,22.29,21.65,21.65,1147200,16.6627656431,16.9594998258,16.4725514235,16.4725514235,1147200,0.0,1.0
1732,2003-11-19T00:00:00.000Z,21.81,22.03,21.58,21.92,579800,16.5942885241,16.7616770374,16.419291442,16.6779827807,579800,0.0,1.0
1733,2003-11-20T00:00:00.000Z,21.65,21.77,21.52,21.7,375000,16.4725514235,16.5638542489,16.3736400292,16.5105942674,375000,0.0,1.0
1734,2003-11-21T00:00:00.000Z,21.77,21.92,21.7,21.8,221600,16.5638542489,16.6779827807,16.5105942674,16.5866799553,221600,0.0,1.0
1735,2003-11-24T00:00:00.000Z,22.7,22.74,22.0,22.0,800900,17.2714511461,17.3018854212,16.738851331,16.738851331,800900,0.0,1.0
1736,2003-11-25T00:00:00.000Z,23.06,23.06,22.7,22.85,729500,17.5453596224,17.5453596224,17.2714511461,17.3855796779,729500,0.0,1.0
1737,2003-11-26T00:00:00.000Z,22.98,23.2,22.76,23.14,456300,17.4844910721,17.6518795854,17.3171025588,17.6062281727,456300,0.0,1.0
1738,2003-11-28T00:00:00.000Z,23.13,23.17,22.97,23.05,140900,17.5986196039,17.6290538791,17.4768825033,17.5377510536,140900,0.0,1.0
1739,2003-12-01T00:00:00.000Z,23.4,23.4,23.06,23.07,329100,17.8040509612,17.8040509612,17.5453596224,17.5529681912,329100,0.0,1.0
1740,2003-12-02T00:00:00.000Z,22.86,23.35,22.85,23.22,809800,17.3931882467,17.7660081172,17.3855796779,17.667096723,809800,0.0,1.0
1741,2003-12-03T00:00:00.000Z,22.46,23.1,22.46,22.95,601500,17.0888454952,17.5757938976,17.0888454952,17.4616653658,601500,0.0,1.0
1742,2003-12-04T00:00:00.000Z,22.39,22.65,22.2,22.5,364300,17.0355855137,17.2334083021,16.8910227067,17.1192797703,364300,0.0,1.0
1743,2003-12-05T00:00:00.000Z,22.04,22.4,21.95,22.29,333300,16.7692856062,17.0431940825,16.7008084871,16.9594998258,333300,0.0,1.0
1744,2003-12-08T00:00:00.000Z,22.34,22.38,22.04,22.05,295900,16.9975426698,17.0279769449,16.7692856062,16.7768941749,295900,0.0,1.0
1745,2003-12-09T00:00:00.000Z,22.27,22.5,22.04,22.4,536700,16.9442826882,17.1192797703,16.7692856062,17.0431940825,536700,0.0,1.0
1746,2003-12-10T00:00:00.000Z,22.35,22.4,22.23,22.33,674500,17.0051512385,17.0431940825,16.9138484131,16.989934101,674500,0.0,1.0
1747,2003-12-11T00:00:00.000Z,22.28,22.39,22.22,22.36,630000,16.951891257,17.0355855137,16.9062398443,17.0127598073,630000,0.0,1.0
1748,2003-12-12T00:00:00.000Z,22.38,22.5,22.21,22.3,313500,17.0279769449,17.1192797703,16.8986312755,16.9671083946,313500,0.0,1.0
1749,2003-12-15T00:00:00.000Z,22.5,22.69,22.4,22.58,594900,17.1192797703,17.2638425773,17.0431940825,17.1801483206,594900,0.0,1.0
1750,2003-12-16T00:00:00.000Z,22.4,22.53,21.92,22.5,698100,17.0431940825,17.1421054767,16.6779827807,17.1192797703,698100,0.0,1.0
1751,2003-12-17T00:00:00.000Z,22.22,22.35,22.12,22.35,496000,16.9062398443,17.0051512385,16.8301541564,17.0051512385,496000,0.0,1.0
1752,2003-12-18T00:00:00.000Z,22.24,22.3,22.2,22.2,414800,16.9214569819,16.9671083946,16.8910227067,16.8910227067,414800,0.0,1.0
1753,2003-12-19T00:00:00.000Z,21.78,22.25,21.6,22.15,741200,16.5714628177,16.9290655507,16.4345085795,16.8529798628,741200,0.0,1.0
1754,2003-12-22T00:00:00.000Z,22.16,22.16,21.54,21.6,498000,16.8605884316,16.8605884316,16.3888571668,16.4345085795,498000,0.0,1.0
1755,2003-12-23T00:00:00.000Z,22.3,22.34,22.18,22.23,481100,16.9671083946,16.9975426698,16.8758055692,16.9138484131,481100,0.0,1.0
1756,2003-12-24T00:00:00.000Z,22.27,22.35,22.2,22.3,137000,16.9442826882,17.0051512385,16.8910227067,16.9671083946,137000,0.0,1.0
1757,2003-12-26T00:00:00.000Z,22.41,22.43,22.21,22.32,122000,17.0508026513,17.0660197888,16.8986312755,16.9823255322,122000,0.0,1.0
1758,2003-12-29T00:00:00.000Z,22.5,22.71,22.41,22.45,474600,17.1192797703,17.2790597149,17.0508026513,17.0812369264,474600,0.0,1.0
1759,2003-12-30T00:00:00.000Z,23.1,23.15,22.55,22.55,720000,17.5757938976,17.6138367415,17.1573226143,17.1573226143,720000,0.0,1.0
1760,2003-12-31T00:00:00.000Z,22.6,23.15,22.5,23.15,309000,17.1953654582,17.6138367415,17.1192797703,17.6138367415,309000,0.0,1.0
1761,2004-01-02T00:00:00.000Z,22.89,23.09,22.51,22.65,333600,17.416013953,17.5681853288,17.1268883391,17.2334083021,333600,0.0,1.0
1762,2004-01-05T00:00:00.000Z,22.13,22.97,22.0,22.89,497600,16.8377627252,17.4768825033,16.738851331,17.416013953,497600,0.0,1.0
1763,2004-01-06T00:00:00.000Z,22.27,22.45,22.0,22.1,462600,16.9442826882,17.0812369264,16.738851331,16.8149370189,462600,0.0,1.0
1764,2004-01-07T00:00:00.000Z,22.1,22.21,21.98,22.2,404200,16.8149370189,16.8986312755,16.7236341934,16.8910227067,404200,0.0,1.0
1765,2004-01-08T00:00:00.000Z,22.24,22.32,22.05,22.05,376900,16.9214569819,16.9823255322,16.7768941749,16.7768941749,376900,0.0,1.0
1766,2004-01-09T00:00:00.000Z,22.35,22.42,22.04,22.1,268900,17.0051512385,17.05841122,16.7692856062,16.8149370189,268900,0.0,1.0
1767,2004-01-12T00:00:00.000Z,22.37,22.45,22.13,22.45,360200,17.0203683761,17.0812369264,16.8377627252,17.0812369264,360200,0.0,1.0
1768,2004-01-13T00:00:00.000Z,22.48,22.65,22.41,22.57,485300,17.1040626328,17.2334083021,17.0508026513,17.1725397519,485300,0.0,1.0
1769,2004-01-14T00:00:00.000Z,22.8,22.8,22.45,22.58,372600,17.3475368339,17.3475368339,17.0812369264,17.1801483206,372600,0.0,1.0
1770,2004-01-15T00:00:00.000Z,22.7,22.81,22.54,22.76,277700,17.2714511461,17.3551454027,17.1497140455,17.3171025588,277700,0.0,1.0
1771,2004-01-16T00:00:00.000Z,23.05,23.06,22.74,22.8,454700,17.5377510536,17.5453596224,17.3018854212,17.3475368339,454700,0.0,1.0
1772,2004-01-20T00:00:00.000Z,23.55,23.6,23.05,23.06,426200,17.918179493,17.9562223369,17.5377510536,17.5453596224,426200,0.0,1.0
1773,2004-01-21T00:00:00.000Z,24.5,24.5,23.8,23.8,742300,18.6409935277,18.6409935277,18.1083937126,18.1083937126,742300,0.0,1.0
1774,2004-01-22T00:00:00.000Z,25.66,26.07,23.9,24.45,1781900,19.523587507,19.8355388272,18.1844794005,18.6029506838,1781900,0.0,1.0
1775,2004-01-23T00:00:00.000Z,25.26,25.5,25.0,25.1,767600,19.2192447555,19.4018504064,19.021421967,19.0975076549,767600,0.0,1.0
1776,2004-01-26T00:00:00.000Z,25.74,25.75,25.02,25.1,511000,19.5844560573,19.5920646261,19.0366391046,19.0975076549,511000,0.0,1.0
1777,2004-01-27T00:00:00.000Z,25.62,25.84,25.52,25.75,475800,19.4931532318,19.6605417451,19.417067544,19.5920646261,475800,0.0,1.0
1778,2004-01-28T00:00:00.000Z,25.68,25.96,25.56,25.7,608500,19.5388046446,19.7518445706,19.4475018191,19.5540217821,608500,0.0,1.0
1779,2004-01-29T00:00:00.000Z,25.27,25.57,25.05,25.57,509100,19.2268533243,19.4551103879,19.059464811,19.4551103879,509100,0.0,1.0
1780,2004-01-30T00:00:00.000Z,25.3,25.4,24.95,25.27,518700,19.2496790307,19.3257647185,18.9833791231,19.2268533243,518700,0.0,1.0
1781,2004-02-02T00:00:00.000Z,25.44,25.58,25.3,25.33,284000,19.3561989937,19.4627189567,19.2496790307,19.272504737,284000,0.0,1.0
1782,2004-02-03T00:00:00.000Z,26.2,26.25,25.4,25.44,679200,19.9344502215,19.9724930654,19.3257647185,19.3561989937,679200,0.0,1.0
1783,2004-02-04T00:00:00.000Z,26.15,26.31,25.87,26.1,683500,19.8964073775,20.0181444781,19.6833674515,19.8583645336,683500,0.0,1.0
1784,2004-02-05T00:00:00.000Z,25.98,26.15,25.81,26.15,333100,19.7670617082,19.8964073775,19.6377160388,19.8964073775,333100,0.0,1.0
1785,2004-02-06T00:00:00.000Z,26.0,26.15,25.84,26.08,322800,19.7822788457,19.8964073775,19.6605417451,19.843147396,322800,0.0,1.0
1786,2004-02-09T00:00:00.000Z,26.07,26.08,25.86,26.0,202800,19.8355388272,19.843147396,19.6757588827,19.7822788457,202800,0.0,1.0
1787,2004-02-10T00:00:00.000Z,26.0,26.09,25.77,26.06,222600,19.7822788457,19.8507559648,19.6072817636,19.8279302585,222600,0.0,1.0
1788,2004-02-11T00:00:00.000Z,25.92,26.08,25.72,26.0,307500,19.7214102954,19.843147396,19.5692389197,19.7822788457,307500,0.0,1.0
1789,2004-02-12T00:00:00.000Z,26.0,26.44,25.95,25.99,328200,19.7822788457,20.1170558724,19.7442360018,19.7746702769,328200,0.0,1.0
1790,2004-02-13T00:00:00.000Z,26.39,26.44,26.02,26.05,239500,20.0790130284,20.1170558724,19.7974959833,19.8203216897,239500,0.0,1.0
1791,2004-02-17T00:00:00.000Z,26.01,26.29,25.85,26.29,336400,19.7898874145,20.0029273405,19.6681503139,20.0029273405,336400,0.0,1.0
1792,2004-02-18T00:00:00.000Z,25.89,26.16,25.8,25.8,162700,19.6985845891,19.9040159463,19.63010747,19.63010747,162700,0.0,1.0
1793,2004-02-19T00:00:00.000Z,25.61,26.05,25.61,26.0,202400,19.485544663,19.8203216897,19.485544663,19.7822788457,202400,0.0,1.0
1794,2004-02-20T00:00:00.000Z,25.17,25.55,24.98,25.55,500300,19.1507676364,19.4398932503,19.0062048295,19.4398932503,500300,0.0,1.0
1795,2004-02-23T00:00:00.000Z,25.05,25.37,25.02,25.37,325000,19.059464811,19.3029390122,19.0366391046,19.3029390122,325000,0.0,1.0
1796,2004-02-24T00:00:00.000Z,25.03,25.23,24.96,25.05,310200,19.0442476734,19.1964190491,18.9909876919,19.059464811,310200,0.0,1.0
1797,2004-02-25T00:00:00.000Z,25.11,25.15,24.96,25.03,151300,19.1051162237,19.1355504989,18.9909876919,19.0442476734,151300,0.0,1.0
1798,2004-02-26T00:00:00.000Z,25.09,25.24,25.03,25.11,135400,19.0898990861,19.2040276179,19.0442476734,19.1051162237,135400,0.0,1.0
1799,2004-02-27T00:00:00.000Z,25.19,25.4,25.12,25.17,191300,19.165984774,19.3257647185,19.1127247925,19.1507676364,191300,0.0,1.0
1800,2004-03-01T00:00:00.000Z,24.82,25.24,24.7,25.19,487300,18.8844677289,19.2040276179,18.7931649034,19.165984774,487300,0.0,1.0
1801,2004-03-02T00:00:00.000Z,24.75,24.93,24.61,24.75,589500,18.8312077474,18.9681619855,18.7246877844,18.8312077474,589500,0.0,1.0
1802,2004-03-03T00:00:00.000Z,25.0,25.33,24.68,24.75,626600,19.021421967,19.272504737,18.7779477659,18.8312077474,626600,0.0,1.0
1803,2004-03-04T00:00:00.000Z,25.2,25.31,24.94,25.0,436800,19.1735933428,19.2572875994,18.9757705543,19.021421967,436800,0.0,1.0
1804,2004-03-05T00:00:00.000Z,25.28,25.41,25.03,25.1,257900,19.2344618931,19.3333732873,19.0442476734,19.0975076549,257900,0.0,1.0
1805,2004-03-08T00:00:00.000Z,25.42,25.78,25.16,25.35,418600,19.3409818561,19.6148903324,19.1431590676,19.2877218746,418600,0.0,1.0
1806,2004-03-09T00:00:00.000Z,24.5,25.38,24.35,25.35,508400,18.6409935277,19.3105475809,18.5268649959,19.2877218746,508400,0.0,1.0
1807,2004-03-10T00:00:00.000Z,24.74,24.96,24.56,24.6,338200,18.8235991786,18.9909876919,18.6866449404,18.7170792156,338200,0.0,1.0
1808,2004-03-11T00:00:00.000Z,25.01,25.06,24.75,24.8,326300,19.0290305358,19.0670733798,18.8312077474,18.8692505913,326300,0.0,1.0
1809,2004-03-12T00:00:00.000Z,25.27,25.38,25.05,25.05,242700,19.2268533243,19.3105475809,19.059464811,19.059464811,242700,0.0,1.0
1810,2004-03-15T00:00:00.000Z,25.28,25.48,25.06,25.17,394200,19.2344618931,19.3866332688,19.0670733798,19.1507676364,394200,0.0,1.0
1811,2004-03-16T00:00:00.000Z,24.84,25.26,24.75,25.2,425800,18.8996848665,19.2192447555,18.8312077474,19.1735933428,425800,0.0,1.0
1812,2004-03-17T00:00:00.000Z,25.05,25.13,24.81,24.81,157900,19.059464811,19.1203333613,18.8768591601,18.8768591601,157900,0.0,1.0
1813,2004-03-18T00:00:00.000Z,25.0,25.11,24.75,25.06,201900,19.021421967,19.1051162237,18.8312077474,19.0670733798,201900,0.0,1.0
1814,2004-03-19T00:00:00.000Z,25.01,25.05,24.81,25.05,129700,19.0290305358,19.059464811,18.8768591601,19.059464811,129700,0.0,1.0
1815,2004-03-22T00:00:00.000Z,24.8,25.17,24.8,24.9,391200,18.8692505913,19.1507676364,18.8692505913,18.9453362792,391200,0.0,1.0
1816,2004-03-23T00:00:00.000Z,25.25,25.36,24.9,25.02,507700,19.2116361867,19.2953304434,18.9453362792,19.0366391046,507700,0.0,1.0
1817,2004-03-24T00:00:00.000Z,25.32,25.45,25.12,25.3,559100,19.2648961682,19.3638075625,19.1127247925,19.2496790307,559100,0.0,1.0
1818,2004-03-25T00:00:00.000Z,25.59,25.68,25.33,25.33,385600,19.4703275255,19.5388046446,19.272504737,19.272504737,385600,0.0,1.0
1819,2004-03-26T00:00:00.000Z,25.41,25.55,25.23,25.5,162800,19.3333732873,19.4398932503,19.1964190491,19.4018504064,162800,0.0,1.0
1820,2004-03-29T00:00:00.000Z,25.9,25.96,25.42,25.5,164900,19.7061931579,19.7518445706,19.3409818561,19.4018504064,164900,0.0,1.0
1821,2004-03-30T00:00:00.000Z,25.8,25.85,25.67,25.85,94900,19.63010747,19.6681503139,19.5311960758,19.6681503139,94900,0.0,1.0
1822,2004-03-31T00:00:00.000Z,25.8,25.87,25.61,25.85,222800,19.63010747,19.6833674515,19.485544663,19.6681503139,222800,0.0,1.0
1823,2004-04-01T00:00:00.000Z,26.31,26.31,25.83,25.85,177100,20.0181444781,20.0181444781,19.6529331764,19.6681503139,177100,0.0,1.0
1824,2004-04-02T00:00:00.000Z,26.19,26.49,26.19,26.46,323300,19.9268416527,20.1550987163,19.9268416527,20.1322730099,323300,0.0,1.0
1825,2004-04-05T00:00:00.000Z,26.76,26.76,26.14,26.15,153100,20.3605300735,20.3605300735,19.8887988087,19.8964073775,153100,0.0,1.0
1826,2004-04-06T00:00:00.000Z,26.79,26.8,26.6,26.79,235300,20.3833557799,20.3909643487,20.2387929729,20.3833557799,235300,0.0,1.0
1827,2004-04-07T00:00:00.000Z,27.0,27.0,26.55,26.7,192000,20.5431357244,20.5431357244,20.200750129,20.3148786608,192000,0.0,1.0
1828,2004-04-08T00:00:00.000Z,26.59,27.04,26.51,27.01,133900,20.2311844042,20.5735699996,20.1703158539,20.5507442932,133900,0.0,1.0
1829,2004-04-12T00:00:00.000Z,26.72,26.74,26.38,26.6,160400,20.3300957984,20.345312936,20.0714044596,20.2387929729,160400,0.0,1.0
1830,2004-04-13T00:00:00.000Z,26.5,26.66,26.37,26.65,184900,20.1627072851,20.2844443857,20.0637958908,20.2768358169,184900,0.0,1.0
1831,2004-04-14T00:00:00.000Z,26.6,26.71,26.42,26.45,90200,20.2387929729,20.3224872296,20.1018387348,20.1246644411,90200,0.0,1.0
1832,2004-04-15T00:00:00.000Z,26.5,26.65,26.21,26.6,242800,20.1627072851,20.2768358169,19.9420587903,20.2387929729,242800,0.0,1.0
1833,2004-04-16T00:00:00.000Z,26.9,26.92,26.25,26.5,213800,20.4670500365,20.4822671741,19.9724930654,20.1627072851,213800,0.0,1.0
1834,2004-04-19T00:00:00.000Z,27.0,27.0,26.54,26.9,137800,20.5431357244,20.5431357244,20.1931415602,20.4670500365,137800,0.0,1.0
1835,2004-04-20T00:00:00.000Z,27.15,27.37,26.98,27.06,427800,20.6572642562,20.8246527695,20.5279185868,20.5887871371,427800,0.0,1.0
1836,2004-04-21T00:00:00.000Z,27.44,27.56,27.18,27.25,320500,20.877912751,20.9692155765,20.6800899626,20.7333499441,320500,0.0,1.0
1837,2004-04-22T00:00:00.000Z,27.44,27.7,27.14,27.25,341900,20.877912751,21.0757355395,20.6496556874,20.7333499441,341900,0.0,1.0
1838,2004-04-23T00:00:00.000Z,23.38,24.51,23.26,24.5,2861300,17.7888338236,18.6486020965,17.6975309981,18.6409935277,2861300,0.0,1.0
1839,2004-04-26T00:00:00.000Z,22.64,23.11,22.22,23.05,1874000,17.2257997334,17.5834024663,16.9062398443,17.5377510536,1874000,0.0,1.0
1840,2004-04-27T00:00:00.000Z,23.01,23.09,22.65,22.65,798100,17.5073167785,17.5681853288,17.2334083021,17.2334083021,798100,0.0,1.0
1841,2004-04-28T00:00:00.000Z,22.21,22.97,22.19,22.97,547800,16.8986312755,17.4768825033,16.883414138,17.4768825033,547800,0.0,1.0
1842,2004-04-29T00:00:00.000Z,22.25,22.58,22.1,22.2,576500,16.9290655507,17.1801483206,16.8149370189,16.8910227067,576500,0.0,1.0
1843,2004-04-30T00:00:00.000Z,22.16,22.46,22.05,22.23,522200,16.8605884316,17.0888454952,16.7768941749,16.9138484131,522200,0.0,1.0
1844,2004-05-03T00:00:00.000Z,22.29,22.39,22.12,22.2,567300,16.9594998258,17.0355855137,16.8301541564,16.8910227067,567300,0.0,1.0
1845,2004-05-04T00:00:00.000Z,22.48,22.57,22.15,22.24,377300,17.1040626328,17.1725397519,16.8529798628,16.9214569819,377300,0.0,1.0
1846,2004-05-05T00:00:00.000Z,22.87,23.0,22.45,22.54,531300,17.4007968155,17.4997082097,17.0812369264,17.1497140455,531300,0.0,1.0
1847,2004-05-06T00:00:00.000Z,22.68,22.8,22.49,22.75,385400,17.2562340085,17.3475368339,17.1116712016,17.30949399,385400,0.0,1.0
1848,2004-05-07T00:00:00.000Z,22.65,23.01,22.52,22.58,375300,17.2334083021,17.5073167785,17.1344969079,17.1801483206,375300,0.0,1.0
1849,2004-05-10T00:00:00.000Z,22.28,22.67,22.28,22.66,464200,16.951891257,17.2486254397,16.951891257,17.2410168709,464200,0.0,1.0
1850,2004-05-11T00:00:00.000Z,22.5,22.5,22.25,22.29,339600,17.1192797703,17.1192797703,16.9290655507,16.9594998258,339600,0.0,1.0
1851,2004-05-12T00:00:00.000Z,22.48,22.59,22.21,22.5,473500,17.1040626328,17.1877568894,16.8986312755,17.1192797703,473500,0.0,1.0
1852,2004-05-13T00:00:00.000Z,22.05,22.5,21.85,22.45,791800,16.7768941749,17.1192797703,16.6247227992,17.0812369264,791800,0.0,1.0
1853,2004-05-14T00:00:00.000Z,22.02,22.23,21.78,22.05,398400,16.7540684686,16.9138484131,16.5714628177,16.7768941749,398400,0.0,1.0
1854,2004-05-17T00:00:00.000Z,21.92,22.0,21.77,21.97,368600,16.6779827807,16.738851331,16.5638542489,16.7160256246,368600,0.0,1.0
1855,2004-05-18T00:00:00.000Z,21.92,22.1,21.87,22.02,610200,16.6779827807,16.8149370189,16.6399399368,16.7540684686,610200,0.0,1.0
1856,2004-05-19T00:00:00.000Z,21.67,22.14,21.65,22.05,244300,16.487768561,16.845371294,16.4725514235,16.7768941749,244300,0.0,1.0
1857,2004-05-20T00:00:00.000Z,21.57,21.78,21.57,21.66,374000,16.4116828732,16.5714628177,16.4116828732,16.4801599923,374000,0.0,1.0
1858,2004-05-21T00:00:00.000Z,21.57,21.7,21.51,21.65,314300,16.4116828732,16.5105942674,16.3660314604,16.4725514235,314300,0.0,1.0
1859,2004-05-24T00:00:00.000Z,21.58,21.89,21.57,21.67,523500,16.419291442,16.6551570743,16.4116828732,16.487768561,523500,0.0,1.0
1860,2004-05-25T00:00:00.000Z,21.78,21.79,21.43,21.59,743000,16.5714628177,16.5790713865,16.3051629102,16.4269000107,743000,0.0,1.0
1861,2004-05-26T00:00:00.000Z,22.25,22.4,21.65,21.7,688700,16.9290655507,17.0431940825,16.4725514235,16.5105942674,688700,0.0,1.0
1862,2004-05-27T00:00:00.000Z,23.34,23.39,22.2,22.24,734700,17.7583995484,17.7964423924,16.8910227067,16.9214569819,734700,0.0,1.0
1863,2004-05-28T00:00:00.000Z,22.95,23.32,22.84,23.3,317300,17.4616653658,17.7431824109,17.3779711091,17.7279652733,317300,0.0,1.0
1864,2004-06-01T00:00:00.000Z,23.16,23.3,23.0,23.1,362200,17.6214453103,17.7279652733,17.4997082097,17.5757938976,362200,0.0,1.0
1865,2004-06-02T00:00:00.000Z,22.9,23.25,22.82,23.25,383500,17.4236225218,17.6899224294,17.3627539715,17.6899224294,383500,0.0,1.0
1866,2004-06-03T00:00:00.000Z,23.02,23.21,22.81,22.85,273300,17.5149253473,17.6594881542,17.3551454027,17.3855796779,273300,0.0,1.0
1867,2004-06-04T00:00:00.000Z,22.9,23.15,22.89,23.02,347800,17.4236225218,17.6138367415,17.416013953,17.5149253473,347800,0.0,1.0
1868,2004-06-07T00:00:00.000Z,23.0,23.25,22.89,22.9,353600,17.4997082097,17.6899224294,17.416013953,17.4236225218,353600,0.0,1.0
1869,2004-06-08T00:00:00.000Z,23.09,23.17,22.87,22.93,339900,17.5681853288,17.6290538791,17.4007968155,17.4464482282,339900,0.0,1.0
1870,2004-06-09T00:00:00.000Z,22.93,23.21,22.93,23.0,214000,17.4464482282,17.6594881542,17.4464482282,17.4997082097,214000,0.0,1.0
1871,2004-06-10T00:00:00.000Z,23.02,23.11,22.89,23.05,252900,17.5149253473,17.5834024663,17.416013953,17.5377510536,252900,0.0,1.0
1872,2004-06-14T00:00:00.000Z,23.0,23.09,22.9,23.0,354800,17.4997082097,17.5681853288,17.4236225218,17.4997082097,354800,0.0,1.0
1873,2004-06-15T00:00:00.000Z,22.25,23.04,22.25,22.95,639900,16.9290655507,17.5301424848,16.9290655507,17.4616653658,639900,0.0,1.0
1874,2004-06-16T00:00:00.000Z,22.01,22.57,22.0,22.15,982900,16.7464598998,17.1725397519,16.738851331,16.8529798628,982900,0.0,1.0
1875,2004-06-17T00:00:00.000Z,22.18,22.2,21.88,22.12,711000,16.8758055692,16.8910227067,16.6475485056,16.8301541564,711000,0.0,1.0
1876,2004-06-18T00:00:00.000Z,22.64,22.68,21.95,22.18,532900,17.2257997334,17.2562340085,16.7008084871,16.8758055692,532900,0.0,1.0
1877,2004-06-21T00:00:00.000Z,22.99,23.14,22.45,22.64,483500,17.4920996409,17.6062281727,17.0812369264,17.2257997334,483500,0.0,1.0
1878,2004-06-22T00:00:00.000Z,23.1,23.26,22.91,23.08,830000,17.5757938976,17.6975309981,17.4312310906,17.56057676,830000,0.0,1.0
1879,2004-06-23T00:00:00.000Z,23.24,23.25,22.87,23.08,643300,17.6823138606,17.6899224294,17.4007968155,17.56057676,643300,0.0,1.0
1880,2004-06-24T00:00:00.000Z,22.88,23.32,22.74,23.24,329700,17.4084053842,17.7431824109,17.3018854212,17.6823138606,329700,0.0,1.0
1881,2004-06-25T00:00:00.000Z,22.2,23.16,22.2,22.89,1855800,16.8910227067,17.6214453103,16.8910227067,17.416013953,1855800,0.0,1.0
1882,2004-06-28T00:00:00.000Z,22.42,22.49,22.12,22.43,649000,17.05841122,17.1116712016,16.8301541564,17.0660197888,649000,0.0,1.0
1883,2004-06-29T00:00:00.000Z,22.55,22.6,22.25,22.45,377700,17.1573226143,17.1953654582,16.9290655507,17.0812369264,377700,0.0,1.0
1884,2004-06-30T00:00:00.000Z,22.56,22.72,22.4,22.61,390200,17.1649311831,17.2866682837,17.0431940825,17.202974027,390200,0.0,1.0
1885,2004-07-01T00:00:00.000Z,22.55,22.8,22.39,22.62,410500,17.1573226143,17.3475368339,17.0355855137,17.2105825958,410500,0.0,1.0
1886,2004-07-02T00:00:00.000Z,22.28,22.63,22.26,22.5,278200,16.951891257,17.2181911646,16.9366741195,17.1192797703,278200,0.0,1.0
1887,2004-07-06T00:00:00.000Z,22.03,22.31,22.01,22.28,331000,16.7616770374,16.9747169634,16.7464598998,16.951891257,331000,0.0,1.0
1888,2004-07-07T00:00:00.000Z,22.04,22.23,22.0,22.03,296800,16.7692856062,16.9138484131,16.738851331,16.7616770374,296800,0.0,1.0
1889,2004-07-08T00:00:00.000Z,22.14,22.39,22.01,22.02,310800,16.845371294,17.0355855137,16.7464598998,16.7540684686,310800,0.0,1.0
1890,2004-07-09T00:00:00.000Z,22.03,22.5,22.02,22.23,236500,16.7616770374,17.1192797703,16.7540684686,16.9138484131,236500,0.0,1.0
1891,2004-07-12T00:00:00.000Z,22.03,22.23,21.95,22.04,391300,16.7616770374,16.9138484131,16.7008084871,16.7692856062,391300,0.0,1.0
1892,2004-07-13T00:00:00.000Z,22.04,22.09,21.97,22.0,260800,16.7692856062,16.8073284501,16.7160256246,16.738851331,260800,0.0,1.0
1893,2004-07-14T00:00:00.000Z,22.07,22.08,21.78,21.95,801600,16.7921113125,16.7997198813,16.5714628177,16.7008084871,801600,0.0,1.0
1894,2004-07-15T00:00:00.000Z,22.02,22.25,21.99,22.03,421200,16.7540684686,16.9290655507,16.7312427622,16.7616770374,421200,0.0,1.0
1895,2004-07-16T00:00:00.000Z,22.0,22.07,21.8,22.02,494200,16.738851331,16.7921113125,16.5866799553,16.7540684686,494200,0.0,1.0
1896,2004-07-19T00:00:00.000Z,22.05,22.12,21.85,22.0,369500,16.7768941749,16.8301541564,16.6247227992,16.738851331,369500,0.0,1.0
1897,2004-07-20T00:00:00.000Z,22.53,22.57,22.05,22.1,435800,17.1421054767,17.1725397519,16.7768941749,16.8149370189,435800,0.0,1.0
1898,2004-07-21T00:00:00.000Z,21.86,22.53,21.8,22.4,480400,16.632331368,17.1421054767,16.5866799553,17.0431940825,480400,0.0,1.0
1899,2004-07-22T00:00:00.000Z,22.13,22.31,21.87,21.87,514900,16.8377627252,16.9747169634,16.6399399368,16.6399399368,514900,0.0,1.0
1900,2004-07-23T00:00:00.000Z,22.2,22.22,21.85,22.03,512200,16.8910227067,16.9062398443,16.6247227992,16.7616770374,512200,0.0,1.0
1901,2004-07-26T00:00:00.000Z,22.02,22.34,22.02,22.17,493100,16.7540684686,16.9975426698,16.7540684686,16.8681970004,493100,0.0,1.0
1902,2004-07-27T00:00:00.000Z,21.59,22.12,20.86,21.0,1052900,16.4269000107,16.8301541564,15.8714744893,15.9779944523,1052900,0.0,1.0
1903,2004-07-28T00:00:00.000Z,20.63,21.7,20.15,21.7,1947400,15.6964774072,16.5105942674,15.3312661054,16.5105942674,1947400,0.0,1.0
1904,2004-07-29T00:00:00.000Z,20.65,20.77,20.34,20.65,1159700,15.7116945448,15.8029973702,15.4758289124,15.7116945448,1159700,0.0,1.0
1905,2004-07-30T00:00:00.000Z,20.56,20.82,20.31,20.55,549300,15.6432174257,15.8410402142,15.453003206,15.6356088569,549300,0.0,1.0
1906,2004-08-02T00:00:00.000Z,20.8,21.1,20.54,20.56,356800,15.8258230766,16.0540801402,15.6280002881,15.6432174257,356800,0.0,1.0
1907,2004-08-03T00:00:00.000Z,20.35,20.7,20.25,20.7,360000,15.4834374812,15.7497373887,15.4073517933,15.7497373887,360000,0.0,1.0
1908,2004-08-04T00:00:00.000Z,20.42,20.63,20.17,20.23,501400,15.5366974627,15.6964774072,15.346483243,15.3921346557,501400,0.0,1.0
1909,2004-08-05T00:00:00.000Z,20.21,20.45,20.2,20.45,291400,15.3769175182,15.559523169,15.3693089494,15.559523169,291400,0.0,1.0
1910,2004-08-06T00:00:00.000Z,20.17,20.35,19.96,20.1,790800,15.346483243,15.4834374812,15.1867032985,15.2932232615,790800,0.0,1.0
1911,2004-08-09T00:00:00.000Z,20.45,20.6,20.24,20.3,496200,15.559523169,15.6736517008,15.3997432245,15.4453946372,496200,0.0,1.0
1912,2004-08-10T00:00:00.000Z,20.71,20.92,20.43,20.5,414900,15.7573459575,15.917125902,15.5443060315,15.597566013,414900,0.0,1.0
1913,2004-08-11T00:00:00.000Z,21.4,21.48,20.4,20.71,509300,16.2823372038,16.3432057541,15.5214803251,15.7573459575,509300,0.0,1.0
1914,2004-08-12T00:00:00.000Z,21.37,21.54,21.09,21.2,559100,16.2595114974,16.3888571668,16.0464715714,16.1301658281,559100,0.0,1.0
1915,2004-08-13T00:00:00.000Z,21.34,21.6,21.29,21.48,340100,16.2366857911,16.4345085795,16.1986429471,16.3432057541,340100,0.0,1.0
1916,2004-08-16T00:00:00.000Z,21.76,21.88,21.34,21.34,249300,16.5562456801,16.6475485056,16.2366857911,16.2366857911,249300,0.0,1.0
1917,2004-08-17T00:00:00.000Z,21.93,22.03,21.7,21.8,239700,16.6855913495,16.7616770374,16.5105942674,16.5866799553,239700,0.0,1.0
1918,2004-08-18T00:00:00.000Z,21.93,22.18,21.75,21.75,295400,16.6855913495,16.8758055692,16.5486371113,16.5486371113,295400,0.0,1.0
1919,2004-08-19T00:00:00.000Z,21.92,22.03,21.81,21.93,160900,16.6779827807,16.7616770374,16.5942885241,16.6855913495,160900,0.0,1.0
1920,2004-08-20T00:00:00.000Z,22.32,22.41,21.88,21.94,262700,16.9823255322,17.0508026513,16.6475485056,16.6931999183,262700,0.0,1.0
1921,2004-08-23T00:00:00.000Z,22.06,22.48,22.01,22.25,156800,16.7845027437,17.1040626328,16.7464598998,16.9290655507,156800,0.0,1.0
1922,2004-08-24T00:00:00.000Z,22.1,22.26,21.93,22.16,248000,16.8149370189,16.9366741195,16.6855913495,16.8605884316,248000,0.0,1.0
1923,2004-08-25T00:00:00.000Z,22.66,22.78,22.06,22.1,345600,17.2410168709,17.3323196964,16.7845027437,16.8149370189,345600,0.0,1.0
1924,2004-08-26T00:00:00.000Z,22.55,22.7,22.4,22.51,154100,17.1573226143,17.2714511461,17.0431940825,17.1268883391,154100,0.0,1.0
1925,2004-08-27T00:00:00.000Z,22.92,23.0,22.45,22.55,243900,17.4388396594,17.4997082097,17.0812369264,17.1573226143,243900,0.0,1.0
1926,2004-08-30T00:00:00.000Z,22.71,22.98,22.51,22.86,404500,17.2790597149,17.4844910721,17.1268883391,17.3931882467,404500,0.0,1.0
1927,2004-08-31T00:00:00.000Z,22.88,22.98,22.63,22.8,284300,17.4084053842,17.4844910721,17.2181911646,17.3475368339,284300,0.0,1.0
1928,2004-09-01T00:00:00.000Z,22.23,22.7,22.0,22.7,563600,16.9138484131,17.2714511461,16.738851331,17.2714511461,563600,0.0,1.0
1929,2004-09-02T00:00:00.000Z,22.85,22.97,22.2,22.2,313600,17.3855796779,17.4768825033,16.8910227067,16.8910227067,313600,0.0,1.0
1930,2004-09-03T00:00:00.000Z,22.9,22.96,22.44,22.85,273300,17.4236225218,17.4692739345,17.0736283576,17.3855796779,273300,0.0,1.0
1931,2004-09-07T00:00:00.000Z,23.17,23.25,22.9,22.9,240100,17.6290538791,17.6899224294,17.4236225218,17.4236225218,240100,0.0,1.0
1932,2004-09-08T00:00:00.000Z,23.11,23.47,23.07,23.17,272800,17.5834024663,17.8573109427,17.5529681912,17.6290538791,272800,0.0,1.0
1933,2004-09-09T00:00:00.000Z,23.39,23.53,23.2,23.2,276800,17.7964423924,17.9029623554,17.6518795854,17.6518795854,276800,0.0,1.0
1934,2004-09-10T00:00:00.000Z,23.45,23.49,23.27,23.48,181400,17.8420938051,17.8725280802,17.7051395669,17.8649195115,181400,0.0,1.0
1935,2004-09-13T00:00:00.000Z,23.45,23.5,23.26,23.4,172900,17.8420938051,17.880136649,17.6975309981,17.8040509612,172900,0.0,1.0
1936,2004-09-14T00:00:00.000Z,23.52,23.62,23.2,23.46,165800,17.8953537866,17.9714394745,17.6518795854,17.8497023739,165800,0.0,1.0
1937,2004-09-15T00:00:00.000Z,23.55,23.62,23.35,23.35,167300,17.918179493,17.9714394745,17.7660081172,17.7660081172,167300,0.0,1.0
1938,2004-09-16T00:00:00.000Z,23.86,23.95,23.51,23.55,317800,18.1540451254,18.2225222444,17.8877452178,17.918179493,317800,0.0,1.0
1939,2004-09-17T00:00:00.000Z,23.87,24.03,23.47,24.03,313000,18.1616536941,18.2833907947,17.8573109427,18.2833907947,313000,0.0,1.0
1940,2004-09-20T00:00:00.000Z,23.69,23.95,23.66,23.8,242100,18.024699456,18.2225222444,18.0018737496,18.1083937126,242100,0.0,1.0
1941,2004-09-21T00:00:00.000Z,24.01,24.04,23.63,23.71,259100,18.2681736572,18.2909993635,17.9790480433,18.0399165935,259100,0.0,1.0
1942,2004-09-22T00:00:00.000Z,23.1,23.9,22.95,23.9,328800,17.5757938976,18.1844794005,17.4616653658,18.1844794005,328800,0.0,1.0
1943,2004-09-23T00:00:00.000Z,23.03,23.53,22.86,23.17,323100,17.522533916,17.9029623554,17.3931882467,17.6290538791,323100,0.0,1.0
1944,2004-09-24T00:00:00.000Z,23.41,23.58,23.05,23.07,230500,17.8116595299,17.9410051993,17.5377510536,17.5529681912,230500,0.0,1.0
1945,2004-09-27T00:00:00.000Z,22.72,23.33,22.7,23.33,226900,17.2866682837,17.7507909797,17.2714511461,17.7507909797,226900,0.0,1.0
1946,2004-09-28T00:00:00.000Z,21.73,22.52,21.69,22.3,1065400,16.5334199738,17.1344969079,16.5029856986,16.9671083946,1065400,0.0,1.0
1947,2004-09-29T00:00:00.000Z,21.89,22.21,21.58,21.6,759500,16.6551570743,16.8986312755,16.419291442,16.4345085795,759500,0.0,1.0
1948,2004-09-30T00:00:00.000Z,21.94,22.23,21.63,21.76,464100,16.6931999183,16.9138484131,16.4573342859,16.5562456801,464100,0.0,1.0
1949,2004-10-01T00:00:00.000Z,22.1,22.41,21.95,21.98,316400,16.8149370189,17.0508026513,16.7008084871,16.7236341934,316400,0.0,1.0
1950,2004-10-04T00:00:00.000Z,22.24,22.48,22.15,22.2,259600,16.9214569819,17.1040626328,16.8529798628,16.8910227067,259600,0.0,1.0
1951,2004-10-05T00:00:00.000Z,21.98,22.18,21.91,22.15,209900,16.7236341934,16.8758055692,16.6703742119,16.8529798628,209900,0.0,1.0
1952,2004-10-06T00:00:00.000Z,22.03,22.36,21.9,21.9,274600,16.7616770374,17.0127598073,16.6627656431,16.6627656431,274600,0.0,1.0
1953,2004-10-07T00:00:00.000Z,21.63,22.05,21.57,22.05,169800,16.4573342859,16.7768941749,16.4116828732,16.7768941749,169800,0.0,1.0
1954,2004-10-08T00:00:00.000Z,21.3,21.83,21.23,21.57,175100,16.2062515159,16.6095056616,16.1529915344,16.4116828732,175100,0.0,1.0
1955,2004-10-11T00:00:00.000Z,21.4,21.49,21.25,21.45,86800,16.2823372038,16.3508143229,16.168208672,16.3203800477,86800,0.0,1.0
1956,2004-10-12T00:00:00.000Z,21.6,21.78,21.13,21.25,233300,16.4345085795,16.5714628177,16.0769058465,16.168208672,233300,0.0,1.0
1957,2004-10-13T00:00:00.000Z,21.48,21.79,21.42,21.5,203200,16.3432057541,16.5790713865,16.2975543414,16.3584228917,203200,0.0,1.0
1958,2004-10-14T00:00:00.000Z,21.11,21.69,21.11,21.48,172400,16.061688709,16.5029856986,16.061688709,16.3432057541,172400,0.0,1.0
1959,2004-10-15T00:00:00.000Z,21.6,21.78,20.97,21.12,239100,16.4345085795,16.5714628177,15.955168746,16.0692972778,239100,0.0,1.0
1960,2004-10-18T00:00:00.000Z,20.7,21.6,20.64,21.52,745200,15.7497373887,16.4345085795,15.704085976,16.3736400292,745200,0.0,1.0
1961,2004-10-19T00:00:00.000Z,19.97,20.71,19.89,20.7,861100,15.1943118673,15.7573459575,15.133443317,15.7497373887,861100,0.0,1.0
1962,2004-10-20T00:00:00.000Z,20.47,20.59,19.98,19.98,344200,15.5747403066,15.6660431321,15.2019204361,15.2019204361,344200,0.0,1.0
1963,2004-10-21T00:00:00.000Z,20.51,20.59,20.13,20.47,307400,15.6051745818,15.6660431321,15.3160489679,15.5747403066,307400,0.0,1.0
1964,2004-10-22T00:00:00.000Z,20.03,20.52,20.02,20.46,406600,15.23996328,15.6127831506,15.2323547112,15.5671317378,406600,0.0,1.0
1965,2004-10-25T00:00:00.000Z,20.06,20.09,19.8,19.95,683000,15.2627889864,15.2856146927,15.0649661979,15.1790947297,683000,0.0,1.0
1966,2004-10-26T00:00:00.000Z,20.07,20.2,19.8,20.0,590900,15.2703975551,15.3693089494,15.0649661979,15.2171375736,590900,0.0,1.0
1967,2004-10-27T00:00:00.000Z,20.35,20.45,19.83,19.85,530200,15.4834374812,15.559523169,15.0877919043,15.1030090418,530200,0.0,1.0
1968,2004-10-28T00:00:00.000Z,20.57,20.68,20.19,20.29,381000,15.6508259945,15.7345202511,15.3617003806,15.4377860685,381000,0.0,1.0
1969,2004-10-29T00:00:00.000Z,20.73,20.96,20.27,20.43,643300,15.7725630951,15.9475601772,15.4225689309,15.5443060315,643300,0.0,1.0
1970,2004-11-01T00:00:00.000Z,20.59,20.72,20.49,20.7,526300,15.6660431321,15.7649545263,15.5899574442,15.7497373887,526300,0.0,1.0
1971,2004-11-02T00:00:00.000Z,20.55,20.84,20.25,20.6,626500,15.6356088569,15.8562573517,15.4073517933,15.6736517008,626500,0.0,1.0
1972,2004-11-03T00:00:00.000Z,20.83,20.83,20.49,20.55,384100,15.8486487829,15.8486487829,15.5899574442,15.6356088569,384100,0.0,1.0
1973,2004-11-04T00:00:00.000Z,21.04,21.05,20.58,20.83,225600,16.0084287275,16.0160372963,15.6584345633,15.8486487829,225600,0.0,1.0
1974,2004-11-05T00:00:00.000Z,20.74,21.06,20.68,20.98,382500,15.7801716639,16.023645865,15.7345202511,15.9627773147,382500,0.0,1.0
1975,2004-11-08T00:00:00.000Z,20.8,20.85,20.58,20.75,333800,15.8258230766,15.8638659205,15.6584345633,15.7877802327,333800,0.0,1.0
1976,2004-11-09T00:00:00.000Z,21.1,21.22,20.88,20.88,318300,16.0540801402,16.1453829656,15.8866916269,15.8866916269,318300,0.0,1.0
1977,2004-11-10T00:00:00.000Z,21.4,21.5,21.14,21.2,392000,16.2823372038,16.3584228917,16.0845144153,16.1301658281,392000,0.0,1.0
1978,2004-11-11T00:00:00.000Z,21.74,21.8,21.45,21.5,302500,16.5410285425,16.5866799553,16.3203800477,16.3584228917,302500,0.0,1.0
1979,2004-11-12T00:00:00.000Z,21.54,21.72,21.08,21.7,301400,16.3888571668,16.525811405,16.0388630026,16.5105942674,301400,0.0,1.0
1980,2004-11-15T00:00:00.000Z,21.71,21.78,21.36,21.6,253300,16.5182028362,16.5714628177,16.2519029286,16.4345085795,253300,0.0,1.0
1981,2004-11-16T00:00:00.000Z,22.0,22.2,21.79,22.0,350200,16.738851331,16.8910227067,16.5790713865,16.738851331,350200,0.0,1.0
1982,2004-11-17T00:00:00.000Z,21.76,22.31,21.64,22.25,325300,16.5562456801,16.9747169634,16.4649428547,16.9290655507,325300,0.0,1.0
1983,2004-11-18T00:00:00.000Z,22.08,22.14,21.6,21.75,431500,16.7997198813,16.845371294,16.4345085795,16.5486371113,431500,0.0,1.0
1984,2004-11-19T00:00:00.000Z,21.6,22.1,21.58,22.09,328400,16.4345085795,16.8149370189,16.419291442,16.8073284501,328400,0.0,1.0
1985,2004-11-22T00:00:00.000Z,21.75,21.86,21.48,21.6,195500,16.5486371113,16.632331368,16.3432057541,16.4345085795,195500,0.0,1.0
1986,2004-11-23T00:00:00.000Z,21.79,22.06,21.42,21.65,240000,16.5790713865,16.7845027437,16.2975543414,16.4725514235,240000,0.0,1.0
1987,2004-11-24T00:00:00.000Z,22.14,22.23,21.85,21.85,227000,16.845371294,16.9138484131,16.6247227992,16.6247227992,227000,0.0,1.0
1988,2004-11-26T00:00:00.000Z,22.32,22.45,22.07,22.07,99900,16.9823255322,17.0812369264,16.7921113125,16.7921113125,99900,0.0,1.0
1989,2004-11-29T00:00:00.000Z,22.89,22.98,22.38,22.47,421900,17.416013953,17.4844910721,17.0279769449,17.096454064,421900,0.0,1.0
1990,2004-11-30T00:00:00.000Z,22.88,23.0,22.65,22.73,396100,17.4084053842,17.4997082097,17.2334083021,17.2942768524,396100,0.0,1.0
1991,2004-12-01T00:00:00.000Z,23.15,23.35,22.9,22.95,253700,17.6138367415,17.7660081172,17.4236225218,17.4616653658,253700,0.0,1.0
1992,2004-12-02T00:00:00.000Z,23.05,23.27,22.84,23.05,261700,17.5377510536,17.7051395669,17.3779711091,17.5377510536,261700,0.0,1.0
1993,2004-12-03T00:00:00.000Z,22.9,23.25,22.81,22.95,169700,17.4236225218,17.6899224294,17.3551454027,17.4616653658,169700,0.0,1.0
1994,2004-12-06T00:00:00.000Z,22.67,22.87,22.53,22.83,150700,17.2486254397,17.4007968155,17.1421054767,17.3703625403,150700,0.0,1.0
1995,2004-12-07T00:00:00.000Z,22.59,22.83,22.37,22.74,231700,17.1877568894,17.3703625403,17.0203683761,17.3018854212,231700,0.0,1.0
1996,2004-12-08T00:00:00.000Z,22.97,22.99,22.54,22.6,269700,17.4768825033,17.4920996409,17.1497140455,17.1953654582,269700,0.0,1.0
1997,2004-12-09T00:00:00.000Z,22.96,23.04,22.44,22.9,168900,17.4692739345,17.5301424848,17.0736283576,17.4236225218,168900,0.0,1.0
1998,2004-12-10T00:00:00.000Z,23.02,23.04,22.67,22.81,154400,17.5149253473,17.5301424848,17.2486254397,17.3551454027,154400,0.0,1.0
1999,2004-12-13T00:00:00.000Z,23.05,23.05,22.8,23.05,287200,17.5377510536,17.5377510536,17.3475368339,17.5377510536,287200,0.0,1.0
2000,2004-12-14T00:00:00.000Z,24.35,24.35,23.47,23.5,668000,18.5268649959,18.5268649959,17.8573109427,17.880136649,668000,0.0,1.0
2001,2004-12-15T00:00:00.000Z,24.25,24.39,23.87,24.25,337300,18.450779308,18.5572992711,18.1616536941,18.450779308,337300,0.0,1.0
2002,2004-12-16T00:00:00.000Z,24.03,24.34,23.94,24.12,206200,18.2833907947,18.5192564271,18.2149136756,18.3518679138,206200,0.0,1.0
2003,2004-12-17T00:00:00.000Z,23.77,24.01,23.61,23.87,315900,18.0855680063,18.2681736572,17.9638309057,18.1616536941,315900,0.0,1.0
2004,2004-12-20T00:00:00.000Z,23.61,23.88,23.4,23.75,177200,17.9638309057,18.1692622629,17.8040509612,18.0703508687,177200,0.0,1.0
2005,2004-12-21T00:00:00.000Z,23.76,23.9,23.53,23.55,248300,18.0779594375,18.1844794005,17.9029623554,17.918179493,248300,0.0,1.0
2006,2004-12-22T00:00:00.000Z,23.55,23.79,23.54,23.67,170500,17.918179493,18.1007851438,17.9105709242,18.0094823184,170500,0.0,1.0
2007,2004-12-23T00:00:00.000Z,23.96,23.99,23.56,23.56,100500,18.2301308132,18.2529565196,17.9257880617,17.9257880617,100500,0.0,1.0
2008,2004-12-27T00:00:00.000Z,22.97,23.45,22.5,23.4,652000,17.4768825033,17.8420938051,17.1192797703,17.8040509612,652000,0.0,1.0
2009,2004-12-28T00:00:00.000Z,23.35,23.46,22.86,22.89,330200,17.7660081172,17.8497023739,17.3931882467,17.416013953,330200,0.0,1.0
2010,2004-12-29T00:00:00.000Z,23.05,23.25,22.95,23.25,388500,17.5377510536,17.6899224294,17.4616653658,17.6899224294,388500,0.0,1.0
2011,2004-12-30T00:00:00.000Z,23.62,23.67,23.1,23.1,241200,17.9714394745,18.0094823184,17.5757938976,17.5757938976,241200,0.0,1.0
2012,2004-12-31T00:00:00.000Z,23.72,23.86,23.41,23.62,292900,18.0475251623,18.1540451254,17.8116595299,17.9714394745,292900,0.0,1.0
2013,2005-01-03T00:00:00.000Z,23.16,23.86,23.0,23.69,237900,17.6214453103,18.1540451254,17.4997082097,18.024699456,237900,0.0,1.0
2014,2005-01-04T00:00:00.000Z,22.65,23.4,22.51,23.16,413200,17.2334083021,17.8040509612,17.1268883391,17.6214453103,413200,0.0,1.0
2015,2005-01-05T00:00:00.000Z,22.5,22.95,22.36,22.72,325500,17.1192797703,17.4616653658,17.0127598073,17.2866682837,325500,0.0,1.0
2016,2005-01-06T00:00:00.000Z,23.07,23.22,22.51,22.51,282500,17.5529681912,17.667096723,17.1268883391,17.1268883391,282500,0.0,1.0
2017,2005-01-07T00:00:00.000Z,23.0,23.22,22.88,23.15,254500,17.4997082097,17.667096723,17.4084053842,17.6138367415,254500,0.0,1.0
2018,2005-01-10T00:00:00.000Z,23.02,23.25,22.8,23.0,203300,17.5149253473,17.6899224294,17.3475368339,17.4997082097,203300,0.0,1.0
2019,2005-01-11T00:00:00.000Z,22.73,22.98,22.61,22.98,208200,17.2942768524,17.4844910721,17.202974027,17.4844910721,208200,0.0,1.0
2020,2005-01-12T00:00:00.000Z,22.97,23.04,22.63,22.73,287500,17.4768825033,17.5301424848,17.2181911646,17.2942768524,287500,0.0,1.0
2021,2005-01-13T00:00:00.000Z,22.49,23.13,22.37,22.97,218400,17.1116712016,17.5986196039,17.0203683761,17.4768825033,218400,0.0,1.0
2022,2005-01-14T00:00:00.000Z,22.92,22.97,22.47,22.63,165200,17.4388396594,17.4768825033,17.096454064,17.2181911646,165200,0.0,1.0
2023,2005-01-18T00:00:00.000Z,23.22,23.3,22.7,22.75,322400,17.667096723,17.7279652733,17.2714511461,17.30949399,322400,0.0,1.0
2024,2005-01-19T00:00:00.000Z,22.95,23.36,22.79,23.12,328900,17.4616653658,17.773616686,17.3399282652,17.5910110351,328900,0.0,1.0
2025,2005-01-20T00:00:00.000Z,23.06,23.29,22.87,22.96,273300,17.5453596224,17.7203567045,17.4007968155,17.4692739345,273300,0.0,1.0
2026,2005-01-21T00:00:00.000Z,22.88,23.38,22.85,23.06,244500,17.4084053842,17.7888338236,17.3855796779,17.5453596224,244500,0.0,1.0
2027,2005-01-24T00:00:00.000Z,22.49,23.09,22.19,22.95,364100,17.1116712016,17.5681853288,16.883414138,17.4616653658,364100,0.0,1.0
2028,2005-01-25T00:00:00.000Z,22.55,23.15,22.43,22.45,405300,17.1573226143,17.6138367415,17.0660197888,17.0812369264,405300,0.0,1.0
2029,2005-01-26T00:00:00.000Z,22.85,23.6,22.38,23.0,706900,17.3855796779,17.9562223369,17.0279769449,17.4997082097,706900,0.0,1.0
2030,2005-01-27T00:00:00.000Z,22.94,23.2,22.86,22.9,602100,17.454056797,17.6518795854,17.3931882467,17.4236225218,602100,0.0,1.0
2031,2005-01-28T00:00:00.000Z,22.85,23.24,22.7,23.05,483000,17.3855796779,17.6823138606,17.2714511461,17.5377510536,483000,0.0,1.0
2032,2005-01-31T00:00:00.000Z,23.72,23.92,22.92,22.92,626000,18.0475251623,18.1996965381,17.4388396594,17.4388396594,626000,0.0,1.0
2033,2005-02-01T00:00:00.000Z,23.8,24.1,23.71,23.78,497200,18.1083937126,18.3366507762,18.0399165935,18.0931765751,497200,0.0,1.0
2034,2005-02-02T00:00:00.000Z,24.21,24.25,23.71,23.8,409500,18.4203450329,18.450779308,18.0399165935,18.1083937126,409500,0.0,1.0
2035,2005-02-03T00:00:00.000Z,24.24,24.36,24.08,24.18,297700,18.4431707393,18.5344735647,18.3214336387,18.3975193265,297700,0.0,1.0
2036,2005-02-04T00:00:00.000Z,24.76,24.98,24.13,24.13,545200,18.8388163162,19.0062048295,18.3594764826,18.3594764826,545200,0.0,1.0
2037,2005-02-07T00:00:00.000Z,24.61,24.77,24.38,24.76,310200,18.7246877844,18.846424885,18.5496907023,18.8388163162,310200,0.0,1.0
2038,2005-02-08T00:00:00.000Z,24.91,25.0,24.45,24.5,423400,18.952944848,19.021421967,18.6029506838,18.6409935277,423400,0.0,1.0
2039,2005-02-09T00:00:00.000Z,24.29,24.93,24.28,24.9,614700,18.4812135832,18.9681619855,18.4736050144,18.9453362792,614700,0.0,1.0
2040,2005-02-10T00:00:00.000Z,24.33,24.49,24.12,24.3,327500,18.5116478583,18.6333849589,18.3518679138,18.488822152,327500,0.0,1.0
2041,2005-02-11T00:00:00.000Z,24.55,24.68,24.13,24.3,207500,18.6790363716,18.7779477659,18.3594764826,18.488822152,207500,0.0,1.0
2042,2005-02-14T00:00:00.000Z,24.35,24.57,24.27,24.4,533800,18.5268649959,18.6942535092,18.4659964456,18.5649078398,533800,0.0,1.0
2043,2005-02-15T00:00:00.000Z,24.5,24.67,23.97,24.17,565000,18.6409935277,18.7703391971,18.237739382,18.3899107577,565000,0.0,1.0
2044,2005-02-16T00:00:00.000Z,24.56,24.68,23.98,24.3,413200,18.6866449404,18.7779477659,18.2453479508,18.488822152,413200,0.0,1.0
2045,2005-02-17T00:00:00.000Z,24.36,24.66,24.22,24.45,466600,18.5344735647,18.7627306283,18.4279536017,18.6029506838,466600,0.0,1.0
2046,2005-02-18T00:00:00.000Z,24.63,24.75,24.11,24.45,393900,18.7399049219,18.8312077474,18.344259345,18.6029506838,393900,0.0,1.0
2047,2005-02-22T00:00:00.000Z,24.5,24.83,24.48,24.7,503200,18.6409935277,18.8920762977,18.6257763901,18.7931649034,503200,0.0,1.0
2048,2005-02-23T00:00:00.000Z,24.52,24.63,24.4,24.49,244700,18.6562106653,18.7399049219,18.5649078398,18.6333849589,244700,0.0,1.0
2049,2005-02-24T00:00:00.000Z,24.6,24.6,24.23,24.57,237500,18.7170792156,18.7170792156,18.4355621705,18.6942535092,237500,0.0,1.0
2050,2005-02-25T00:00:00.000Z,25.08,25.08,24.35,24.5,301300,19.0822905173,19.0822905173,18.5268649959,18.6409935277,301300,0.0,1.0
2051,2005-02-28T00:00:00.000Z,24.75,25.0,24.28,25.0,343000,18.8312077474,19.021421967,18.4736050144,19.021421967,343000,0.0,1.0
2052,2005-03-01T00:00:00.000Z,25.09,25.15,24.65,24.87,463200,19.0898990861,19.1355504989,18.7551220595,18.9225105728,463200,0.0,1.0
2053,2005-03-02T00:00:00.000Z,25.25,25.5,24.94,24.97,263500,19.2116361867,19.4018504064,18.9757705543,18.9985962607,263500,0.0,1.0
2054,2005-03-03T00:00:00.000Z,25.2,25.37,24.82,25.25,230900,19.1735933428,19.3029390122,18.8844677289,19.2116361867,230900,0.0,1.0
2055,2005-03-04T00:00:00.000Z,25.39,25.51,25.01,25.35,185100,19.3181561497,19.4094589752,19.0290305358,19.2877218746,185100,0.0,1.0
2056,2005-03-07T00:00:00.000Z,25.27,25.41,25.08,25.38,185800,19.2268533243,19.3333732873,19.0822905173,19.3105475809,185800,0.0,1.0
2057,2005-03-08T00:00:00.000Z,25.06,25.45,24.97,25.35,251500,19.0670733798,19.3638075625,18.9985962607,19.2877218746,251500,0.0,1.0
2058,2005-03-09T00:00:00.000Z,24.68,25.02,24.5,25.02,314100,18.7779477659,19.0366391046,18.6409935277,19.0366391046,314100,0.0,1.0
2059,2005-03-10T00:00:00.000Z,24.6,24.68,24.19,24.68,353900,18.7170792156,18.7779477659,18.4051278953,18.7779477659,353900,0.0,1.0
2060,2005-03-11T00:00:00.000Z,24.62,24.86,24.46,24.6,219200,18.7322963532,18.914902004,18.6105592526,18.7170792156,219200,0.0,1.0
2061,2005-03-14T00:00:00.000Z,24.9,24.96,24.5,24.6,184400,18.9453362792,18.9909876919,18.6409935277,18.7170792156,184400,0.0,1.0
2062,2005-03-15T00:00:00.000Z,24.94,25.09,24.72,25.04,253600,18.9757705543,19.0898990861,18.808382041,19.0518562422,253600,0.0,1.0
2063,2005-03-16T00:00:00.000Z,24.74,24.99,24.67,24.87,248500,18.8235991786,19.0138133983,18.7703391971,18.9225105728,248500,0.0,1.0
2064,2005-03-17T00:00:00.000Z,24.72,24.76,24.56,24.67,405100,18.808382041,18.8388163162,18.6866449404,18.7703391971,405100,0.0,1.0
2065,2005-03-18T00:00:00.000Z,24.65,24.77,24.4,24.75,478900,18.7551220595,18.846424885,18.5649078398,18.8312077474,478900,0.0,1.0
2066,2005-03-21T00:00:00.000Z,24.77,24.77,24.47,24.6,155400,18.846424885,18.846424885,18.6181678213,18.7170792156,155400,0.0,1.0
2067,2005-03-22T00:00:00.000Z,24.59,24.92,24.27,24.7,300000,18.7094706468,18.9605534168,18.4659964456,18.7931649034,300000,0.0,1.0
2068,2005-03-23T00:00:00.000Z,24.4,24.6,24.17,24.45,200600,18.5649078398,18.7170792156,18.3899107577,18.6029506838,200600,0.0,1.0
2069,2005-03-24T00:00:00.000Z,24.8,25.09,24.25,24.4,252300,18.8692505913,19.0898990861,18.450779308,18.5649078398,252300,0.0,1.0
2070,2005-03-28T00:00:00.000Z,25.25,25.38,24.85,24.85,379200,19.2116361867,19.3105475809,18.9072934352,18.9072934352,379200,0.0,1.0
2071,2005-03-29T00:00:00.000Z,25.3,25.34,24.94,25.26,654300,19.2496790307,19.2801133058,18.9757705543,19.2192447555,654300,0.0,1.0
2072,2005-03-30T00:00:00.000Z,25.42,25.45,25.12,25.26,322600,19.3409818561,19.3638075625,19.1127247925,19.2192447555,322600,0.0,1.0
2073,2005-03-31T00:00:00.000Z,25.25,25.42,24.91,25.37,391600,19.2116361867,19.3409818561,18.952944848,19.3029390122,391600,0.0,1.0
2074,2005-04-01T00:00:00.000Z,24.55,25.34,24.18,25.23,434400,18.6790363716,19.2801133058,18.3975193265,19.1964190491,434400,0.0,1.0
2075,2005-04-04T00:00:00.000Z,24.7,24.78,24.32,24.55,189000,18.7931649034,18.8540334537,18.5040392895,18.6790363716,189000,0.0,1.0
2076,2005-04-05T00:00:00.000Z,25.03,25.12,24.7,24.7,219300,19.0442476734,19.1127247925,18.7931649034,18.7931649034,219300,0.0,1.0
2077,2005-04-06T00:00:00.000Z,24.94,25.48,24.94,24.97,261100,18.9757705543,19.3866332688,18.9757705543,18.9985962607,261100,0.0,1.0
2078,2005-04-07T00:00:00.000Z,25.19,25.34,24.73,24.9,211600,19.165984774,19.2801133058,18.8159906098,18.9453362792,211600,0.0,1.0
2079,2005-04-08T00:00:00.000Z,24.68,25.11,24.58,25.05,229900,18.7779477659,19.1051162237,18.701862078,19.059464811,229900,0.0,1.0
2080,2005-04-11T00:00:00.000Z,24.5,24.68,24.43,24.68,199500,18.6409935277,18.7779477659,18.5877335462,18.7779477659,199500,0.0,1.0
2081,2005-04-12T00:00:00.000Z,24.7,24.9,24.05,24.43,322100,18.7931649034,18.9453362792,18.2986079323,18.5877335462,322100,0.0,1.0
2082,2005-04-13T00:00:00.000Z,24.4,24.75,24.28,24.72,172400,18.5649078398,18.8312077474,18.4736050144,18.808382041,172400,0.0,1.0
2083,2005-04-14T00:00:00.000Z,24.17,24.66,24.11,24.46,210300,18.3899107577,18.7627306283,18.344259345,18.6105592526,210300,0.0,1.0
2084,2005-04-15T00:00:00.000Z,24.17,24.42,23.9,24.17,269100,18.3899107577,18.5801249774,18.1844794005,18.3899107577,269100,0.0,1.0
2085,2005-04-18T00:00:00.000Z,24.28,24.49,23.95,24.11,218400,18.4736050144,18.6333849589,18.2225222444,18.344259345,218400,0.0,1.0
2086,2005-04-19T00:00:00.000Z,24.16,24.28,23.97,24.28,233500,18.382302189,18.4736050144,18.237739382,18.4736050144,233500,0.0,1.0
2087,2005-04-20T00:00:00.000Z,24.07,24.21,23.96,24.15,409500,18.3138250699,18.4203450329,18.2301308132,18.3746936202,409500,0.0,1.0
2088,2005-04-21T00:00:00.000Z,24.15,24.48,24.03,24.2,237600,18.3746936202,18.6257763901,18.2833907947,18.4127364641,237600,0.0,1.0
2089,2005-04-22T00:00:00.000Z,24.1,24.3,23.97,24.13,486500,18.3366507762,18.488822152,18.237739382,18.3594764826,486500,0.0,1.0
2090,2005-04-25T00:00:00.000Z,24.46,24.47,23.95,24.2,211700,18.6105592526,18.6181678213,18.2225222444,18.4127364641,211700,0.0,1.0
2091,2005-04-26T00:00:00.000Z,23.97,24.65,23.97,24.35,198800,18.237739382,18.7551220595,18.237739382,18.5268649959,198800,0.0,1.0
2092,2005-04-27T00:00:00.000Z,24.19,24.49,23.57,23.98,191400,18.4051278953,18.6333849589,17.9333966305,18.2453479508,191400,0.0,1.0
2093,2005-04-28T00:00:00.000Z,23.9,24.09,23.32,24.09,445400,18.1844794005,18.3290422074,17.7431824109,18.3290422074,445400,0.0,1.0
2094,2005-04-29T00:00:00.000Z,23.68,24.0,23.25,23.93,310600,18.0170908872,18.2605650884,17.6899224294,18.2073051069,310600,0.0,1.0
2095,2005-05-02T00:00:00.000Z,24.22,24.25,23.74,23.74,263400,18.4279536017,18.450779308,18.0627422999,18.0627422999,263400,0.0,1.0
2096,2005-05-03T00:00:00.000Z,24.28,24.6,24.0,24.15,259900,18.4736050144,18.7170792156,18.2605650884,18.3746936202,259900,0.0,1.0
2097,2005-05-04T00:00:00.000Z,24.75,24.81,24.1,24.26,291200,18.8312077474,18.8768591601,18.3366507762,18.4583878768,291200,0.0,1.0
2098,2005-05-05T00:00:00.000Z,24.75,24.9,24.39,24.71,169800,18.8312077474,18.9453362792,18.5572992711,18.8007734722,169800,0.0,1.0
2099,2005-05-06T00:00:00.000Z,24.6,24.95,24.34,24.9,159500,18.7170792156,18.9833791231,18.5192564271,18.9453362792,159500,0.0,1.0
2100,2005-05-09T00:00:00.000Z,24.55,24.66,24.39,24.53,236200,18.6790363716,18.7627306283,18.5572992711,18.6638192341,236200,0.0,1.0
2101,2005-05-10T00:00:00.000Z,24.3,24.45,24.12,24.45,181900,18.488822152,18.6029506838,18.3518679138,18.6029506838,181900,0.0,1.0
2102,2005-05-11T00:00:00.000Z,24.25,24.38,23.78,24.33,288300,18.450779308,18.5496907023,18.0931765751,18.5116478583,288300,0.0,1.0
2103,2005-05-12T00:00:00.000Z,24.0,24.62,23.86,24.21,256500,18.2605650884,18.7322963532,18.1540451254,18.4203450329,256500,0.0,1.0
2104,2005-05-13T00:00:00.000Z,24.0,24.36,23.71,23.98,214600,18.2605650884,18.5344735647,18.0399165935,18.2453479508,214600,0.0,1.0
2105,2005-05-16T00:00:00.000Z,24.45,24.51,23.95,23.95,317200,18.6029506838,18.6486020965,18.2225222444,18.2225222444,317200,0.0,1.0
2106,2005-05-17T00:00:00.000Z,21.62,24.0,21.62,23.89,2282400,16.4497257171,18.2605650884,16.4497257171,18.1768708317,2282400,0.0,1.0
2107,2005-05-18T00:00:00.000Z,23.02,23.92,22.22,22.65,1154700,17.5149253473,18.1996965381,16.9062398443,17.2334083021,1154700,0.0,1.0
2108,2005-05-19T00:00:00.000Z,23.13,23.58,22.83,23.02,492100,17.5986196039,17.9410051993,17.3703625403,17.5149253473,492100,0.0,1.0
2109,2005-05-20T00:00:00.000Z,23.31,23.75,23.01,23.14,544300,17.7355738421,18.0703508687,17.5073167785,17.6062281727,544300,0.0,1.0
2110,2005-05-23T00:00:00.000Z,24.08,24.11,23.25,23.34,564600,18.3214336387,18.344259345,17.6899224294,17.7583995484,564600,0.0,1.0
2111,2005-05-24T00:00:00.000Z,23.67,24.0,23.6,23.95,492000,18.0094823184,18.2605650884,17.9562223369,18.2225222444,492000,0.0,1.0
2112,2005-05-25T00:00:00.000Z,24.01,24.05,23.56,23.59,530000,18.2681736572,18.2986079323,17.9257880617,17.9486137681,530000,0.0,1.0
2113,2005-05-26T00:00:00.000Z,24.13,24.36,23.95,24.13,370300,18.3899107577,18.5651979303,18.2527294922,18.3899107577,370300,0.04,1.0
2114,2005-05-27T00:00:00.000Z,24.01,24.18,23.89,24.14,196500,18.2984565807,18.4280166648,18.2070024037,18.3975319392,196500,0.0,1.0
2115,2005-05-31T00:00:00.000Z,24.2,24.54,24.0,24.03,886300,18.4432590277,18.7023791958,18.2908353993,18.3136989436,886300,0.0,1.0
2116,2005-06-01T00:00:00.000Z,24.32,24.82,24.05,24.05,572700,18.5347132047,18.9157722755,18.3289413064,18.3289413064,572700,0.0,1.0
2117,2005-06-02T00:00:00.000Z,24.5,24.57,24.23,24.32,554900,18.6718944701,18.7252427401,18.4661225719,18.5347132047,554900,0.0,1.0
2118,2005-06-03T00:00:00.000Z,24.3,24.75,24.25,24.52,619800,18.5194708418,18.8624240056,18.4813649347,18.687136833,619800,0.0,1.0
2119,2005-06-06T00:00:00.000Z,24.93,25.1,24.21,24.25,700700,18.9996052711,19.1291653551,18.4508802091,18.4813649347,700700,0.0,1.0
2120,2005-06-07T00:00:00.000Z,24.78,25.27,24.75,25.01,583800,18.8852875498,19.2587254392,18.8624240056,19.0605747224,583800,0.0,1.0
2121,2005-06-08T00:00:00.000Z,24.7,25.2,24.7,24.77,512300,18.8243180985,19.2053771693,18.8243180985,18.8776663684,512300,0.0,1.0
2122,2005-06-09T00:00:00.000Z,25.07,25.31,24.59,24.75,492700,19.1063018109,19.2892101649,18.7404851029,18.8624240056,492700,0.0,1.0
2123,2005-06-10T00:00:00.000Z,24.74,25.07,24.65,25.05,588800,18.8548028241,19.1063018109,18.7862121914,19.0910594481,588800,0.0,1.0
2124,2005-06-13T00:00:00.000Z,24.84,24.98,24.59,24.72,307900,18.9310146383,19.0377111781,18.7404851029,18.8395604613,307900,0.0,1.0
2125,2005-06-14T00:00:00.000Z,25.14,25.31,24.85,24.87,426700,19.1596500808,19.2892101649,18.9386358197,18.9538781826,426700,0.0,1.0
2126,2005-06-15T00:00:00.000Z,25.48,25.48,25.06,25.24,416400,19.418770249,19.418770249,19.0986806295,19.235861895,416400,0.0,1.0
2127,2005-06-16T00:00:00.000Z,25.87,26.23,25.42,25.5,456200,19.7159963242,19.9903588552,19.3730431605,19.4340126118,456200,0.0,1.0
2128,2005-06-17T00:00:00.000Z,25.83,26.28,25.61,26.0,521600,19.6855115985,20.0284647623,19.5178456074,19.8150716826,521600,0.0,1.0
2129,2005-06-20T00:00:00.000Z,25.48,25.92,25.4,25.63,429200,19.418770249,19.7541022313,19.3578007976,19.5330879702,429200,0.0,1.0
2130,2005-06-21T00:00:00.000Z,25.61,25.69,25.27,25.47,241400,19.5178456074,19.5788150587,19.2587254392,19.4111490675,241400,0.0,1.0
2131,2005-06-22T00:00:00.000Z,25.45,25.96,25.3,25.61,235300,19.3959067047,19.7845869569,19.2815889835,19.5178456074,235300,0.0,1.0
2132,2005-06-23T00:00:00.000Z,25.42,26.07,25.4,25.46,269500,19.3730431605,19.8684199525,19.3578007976,19.4035278861,269500,0.0,1.0
2133,2005-06-24T00:00:00.000Z,25.08,25.35,24.83,25.32,584900,19.1139229923,19.3196948905,18.9233934569,19.2968313463,584900,0.0,1.0
2134,2005-06-27T00:00:00.000Z,25.17,25.45,24.9,25.02,223600,19.182513625,19.3959067047,18.9767417268,19.0681959038,223600,0.0,1.0
2135,2005-06-28T00:00:00.000Z,25.89,25.9,25.25,25.27,187800,19.731238687,19.7388598684,19.2434830764,19.2587254392,187800,0.0,1.0
2136,2005-06-29T00:00:00.000Z,26.2,26.27,25.9,25.9,217500,19.9674953109,20.0208435809,19.7388598684,19.7388598684,217500,0.0,1.0
2137,2005-06-30T00:00:00.000Z,25.77,26.33,25.77,26.23,199200,19.63978451,20.0665706693,19.63978451,19.9903588552,199200,0.0,1.0
2138,2005-07-01T00:00:00.000Z,26.08,26.14,25.53,25.78,167900,19.8760411339,19.9217682224,19.456876156,19.6474056914,167900,0.0,1.0
2139,2005-07-05T00:00:00.000Z,26.49,26.5,26.08,26.08,210000,20.188509572,20.1961307534,19.8760411339,19.8760411339,210000,0.0,1.0
2140,2005-07-06T00:00:00.000Z,25.79,26.51,25.76,26.47,291700,19.6550268729,20.2037519348,19.6321633286,20.1732672092,291700,0.0,1.0
2141,2005-07-07T00:00:00.000Z,25.83,26.0,25.16,25.59,275400,19.6855115985,19.8150716826,19.1748924436,19.5026032445,275400,0.0,1.0
2142,2005-07-08T00:00:00.000Z,26.53,26.54,25.74,25.86,174300,20.2189942977,20.2266154791,19.6169209658,19.7083751428,174300,0.0,1.0
2143,2005-07-11T00:00:00.000Z,27.11,27.11,26.48,26.5,256300,20.6610228198,20.6610228198,20.1808883906,20.1961307534,256300,0.0,1.0
2144,2005-07-12T00:00:00.000Z,27.12,27.42,27.05,27.05,511100,20.6686440012,20.8972794437,20.6152957313,20.6152957313,511100,0.0,1.0
2145,2005-07-13T00:00:00.000Z,26.49,27.1,26.48,27.1,224400,20.188509572,20.6534016384,20.1808883906,20.6534016384,224400,0.0,1.0
2146,2005-07-14T00:00:00.000Z,26.22,26.71,26.2,26.52,229900,19.9827376738,20.3561755632,19.9674953109,20.2113731163,229900,0.0,1.0
2147,2005-07-15T00:00:00.000Z,26.41,26.48,25.97,26.17,242200,20.1275401207,20.1808883906,19.7922081384,19.9446317667,242200,0.0,1.0
2148,2005-07-18T00:00:00.000Z,26.05,26.41,25.95,26.3,245100,19.8531775897,20.1275401207,19.7769657755,20.0437071251,245100,0.0,1.0
2149,2005-07-19T00:00:00.000Z,26.4,26.76,26.15,26.25,239300,20.1199189393,20.3942814703,19.9293894039,20.005601218,239300,0.0,1.0
2150,2005-07-20T00:00:00.000Z,26.59,26.65,26.01,26.25,359500,20.2647213862,20.3104484747,19.822692864,20.005601218,359500,0.0,1.0
2151,2005-07-21T00:00:00.000Z,26.33,26.58,26.25,26.55,243800,20.0665706693,20.2571002048,20.005601218,20.2342366605,243800,0.0,1.0
2152,2005-07-22T00:00:00.000Z,26.78,27.0,26.5,26.58,334500,20.4095238331,20.5771898242,20.1961307534,20.2571002048,334500,0.0,1.0
2153,2005-07-25T00:00:00.000Z,26.93,27.34,26.77,26.82,262200,20.5238415543,20.8363099924,20.4019026517,20.4400085588,262200,0.0,1.0
2154,2005-07-26T00:00:00.000Z,27.15,27.47,26.85,27.05,192800,20.6915075455,20.9353853508,20.462872103,20.6152957313,192800,0.0,1.0
2155,2005-07-27T00:00:00.000Z,27.27,27.34,26.92,27.25,171800,20.7829617225,20.8363099924,20.5162203729,20.7677193597,171800,0.0,1.0
2156,2005-07-28T00:00:00.000Z,27.58,27.65,27.2,27.2,200300,21.0192183464,21.0725666163,20.7296134526,20.7296134526,200300,0.0,1.0
2157,2005-07-29T00:00:00.000Z,27.17,27.61,26.95,27.6,400100,20.7067499083,21.0420818906,20.5390839172,21.0344607092,400100,0.0,1.0
2158,2005-08-01T00:00:00.000Z,27.2,27.5,27.11,27.23,245600,20.7296134526,20.9582488951,20.6610228198,20.7524769968,245600,0.0,1.0
2159,2005-08-02T00:00:00.000Z,27.57,27.58,27.26,27.26,152300,21.011597165,21.0192183464,20.7753405411,20.7753405411,152300,0.0,1.0
2160,2005-08-03T00:00:00.000Z,27.44,27.57,27.21,27.57,289700,20.9125218066,21.011597165,20.737234634,21.011597165,289700,0.0,1.0
2161,2005-08-04T00:00:00.000Z,27.07,27.44,26.7,27.44,382900,20.6305380942,20.9125218066,20.3485543818,20.9125218066,382900,0.0,1.0
2162,2005-08-05T00:00:00.000Z,26.93,27.15,26.68,27.1,253800,20.5238415543,20.6915075455,20.3333120189,20.6534016384,253800,0.0,1.0
2163,2005-08-08T00:00:00.000Z,27.01,27.14,26.89,27.0,229900,20.5848110057,20.6838863641,20.4933568287,20.5771898242,229900,0.0,1.0
2164,2005-08-09T00:00:00.000Z,26.88,27.16,26.71,27.02,227300,20.4857356472,20.6991287269,20.3561755632,20.5924321871,227300,0.0,1.0
2165,2005-08-10T00:00:00.000Z,25.91,26.88,25.63,26.88,595500,19.7769657755,20.5173616382,19.5632432585,20.5173616382,595500,0.04,1.0
2166,2005-08-11T00:00:00.000Z,25.94,26.14,25.62,25.95,380000,19.7998646166,19.9525235574,19.5556103114,19.8074975637,380000,0.0,1.0
2167,2005-08-12T00:00:00.000Z,25.69,25.97,25.52,25.96,318700,19.6090409407,19.8227634578,19.479280841,19.8151305107,318700,0.0,1.0
2168,2005-08-15T00:00:00.000Z,25.92,26.0,25.43,25.66,239400,19.7845987226,19.8456622989,19.4105843177,19.5861420996,239400,0.0,1.0
2169,2005-08-16T00:00:00.000Z,25.37,25.8,25.3,25.8,258300,19.3647866355,19.6930033581,19.3113560062,19.6930033581,258300,0.0,1.0
2170,2005-08-17T00:00:00.000Z,25.42,25.52,25.23,25.47,139500,19.4029513707,19.479280841,19.2579253769,19.4411161059,139500,0.0,1.0
2171,2005-08-18T00:00:00.000Z,23.92,24.53,23.54,24.52,1031500,18.258009315,18.7236190843,17.9679573275,18.7159861372,1031500,0.0,1.0
2172,2005-08-19T00:00:00.000Z,23.62,23.88,23.44,23.86,511000,18.0290209038,18.2274775268,17.8916278571,18.2122116327,511000,0.0,1.0
2173,2005-08-22T00:00:00.000Z,24.0,24.08,23.5,23.8,354500,18.3190728913,18.3801364676,17.9374255394,18.1664139505,354500,0.0,1.0
2174,2005-08-23T00:00:00.000Z,23.65,24.01,23.5,23.98,288200,18.0519197449,18.3267058383,17.9374255394,18.3038069972,288200,0.0,1.0
2175,2005-08-24T00:00:00.000Z,23.67,23.98,23.57,23.58,316600,18.067185639,18.3038069972,17.9908561686,17.9984891157,316600,0.0,1.0
2176,2005-08-25T00:00:00.000Z,24.29,24.46,23.63,23.8,394600,18.5404283554,18.670188455,18.0366538509,18.1664139505,394600,0.0,1.0
2177,2005-08-26T00:00:00.000Z,24.15,24.4,23.79,24.39,347900,18.4335670968,18.6243907728,18.1587810035,18.6167578257,347900,0.0,1.0
2178,2005-08-29T00:00:00.000Z,24.38,24.48,23.96,24.0,294500,18.6091248787,18.6854543491,18.2885411031,18.3190728913,294500,0.0,1.0
2179,2005-08-30T00:00:00.000Z,24.23,24.45,23.91,24.38,288100,18.4946306731,18.662555508,18.2503763679,18.6091248787,288100,0.0,1.0
2180,2005-08-31T00:00:00.000Z,24.94,24.94,24.08,24.25,492900,19.0365699128,19.0365699128,18.3801364676,18.5098965672,492900,0.0,1.0
2181,2005-09-01T00:00:00.000Z,25.09,25.48,24.95,25.0,282100,19.1510641184,19.4487490529,19.0442028599,19.0823675951,282100,0.0,1.0
2182,2005-09-02T00:00:00.000Z,25.01,25.2,24.97,25.12,136400,19.0900005421,19.2350265358,19.059468754,19.1739629595,136400,0.0,1.0
2183,2005-09-06T00:00:00.000Z,25.6,25.6,24.98,25.12,509000,19.5403444173,19.5403444173,19.067101701,19.1739629595,509000,0.0,1.0
2184,2005-09-07T00:00:00.000Z,25.63,25.66,25.42,25.6,187400,19.5632432585,19.5861420996,19.4029513707,19.5403444173,187400,0.0,1.0
2185,2005-09-08T00:00:00.000Z,25.5,25.63,25.17,25.45,224600,19.464014947,19.5632432585,19.2121276947,19.4258502118,224600,0.0,1.0
2186,2005-09-09T00:00:00.000Z,25.9,25.9,25.42,25.57,173100,19.7693328285,19.7693328285,19.4029513707,19.5174455762,173100,0.0,1.0
2187,2005-09-12T00:00:00.000Z,25.77,25.96,25.57,25.9,280900,19.670104517,19.8151305107,19.5174455762,19.7693328285,280900,0.0,1.0
2188,2005-09-13T00:00:00.000Z,25.81,25.94,25.53,25.75,219800,19.7006363051,19.7998646166,19.4869137881,19.6548386229,219800,0.0,1.0
2189,2005-09-14T00:00:00.000Z,25.45,25.91,25.44,25.75,344800,19.4258502118,19.7769657755,19.4182172647,19.6548386229,344800,0.0,1.0
2190,2005-09-15T00:00:00.000Z,25.69,25.84,25.54,25.6,543100,19.6090409407,19.7235351463,19.4945467351,19.5403444173,543100,0.0,1.0
2191,2005-09-16T00:00:00.000Z,26.22,26.23,25.77,25.8,544500,20.0135871337,20.0212200807,19.670104517,19.6930033581,544500,0.0,1.0
2192,2005-09-19T00:00:00.000Z,25.95,26.22,25.55,26.22,525500,19.8074975637,20.0135871337,19.5021796822,20.0135871337,525500,0.0,1.0
2193,2005-09-20T00:00:00.000Z,25.57,26.3,25.32,26.14,307700,19.5174455762,20.07465071,19.3266219003,19.9525235574,307700,0.0,1.0
2194,2005-09-21T00:00:00.000Z,25.08,25.45,24.86,25.45,230700,19.1434311714,19.4258502118,18.9755063365,19.4258502118,230700,0.0,1.0
2195,2005-09-22T00:00:00.000Z,24.9,25.19,24.55,24.95,318500,19.0060381247,19.2273935888,18.7388849784,19.0442028599,318500,0.0,1.0
2196,2005-09-23T00:00:00.000Z,24.93,25.09,24.85,24.9,377300,19.0289369658,19.1510641184,18.9678733895,19.0060381247,377300,0.0,1.0
2197,2005-09-26T00:00:00.000Z,25.12,25.42,25.0,25.13,348200,19.1739629595,19.4029513707,19.0823675951,19.1815959066,348200,0.0,1.0
2198,2005-09-27T00:00:00.000Z,25.08,25.29,24.73,25.2,363500,19.1434311714,19.3037230592,18.876278025,19.2350265358,363500,0.0,1.0
2199,2005-09-28T00:00:00.000Z,23.66,24.46,23.5,24.45,778200,18.059552692,18.670188455,17.9374255394,18.662555508,778200,0.0,1.0
2200,2005-09-29T00:00:00.000Z,23.67,23.85,23.32,23.66,523800,18.067185639,18.2045786857,17.8000324927,18.059552692,523800,0.0,1.0
2201,2005-09-30T00:00:00.000Z,23.79,23.86,23.46,23.61,391100,18.1587810035,18.2122116327,17.9068937512,18.0213879568,391100,0.0,1.0
2202,2005-10-03T00:00:00.000Z,23.83,24.24,23.55,23.76,310400,18.1893127916,18.5022636202,17.9755902746,18.1358821624,310400,0.0,1.0
2203,2005-10-04T00:00:00.000Z,23.55,24.06,23.5,23.81,333000,17.9755902746,18.3648705735,17.9374255394,18.1740468975,333000,0.0,1.0
2204,2005-10-05T00:00:00.000Z,23.15,23.68,23.15,23.52,464500,17.670272393,18.074818586,17.670272393,17.9526914334,464500,0.0,1.0
2205,2005-10-06T00:00:00.000Z,23.26,23.58,22.91,23.19,489000,17.7542348104,17.9984891157,17.4870816641,17.7008041812,489000,0.0,1.0
2206,2005-10-07T00:00:00.000Z,23.5,23.61,23.28,23.28,352100,17.9374255394,18.0213879568,17.7695007045,17.7695007045,352100,0.0,1.0
2207,2005-10-10T00:00:00.000Z,23.1,23.63,23.09,23.49,334600,17.6321076578,18.0366538509,17.6244747108,17.9297925923,334600,0.0,1.0
2208,2005-10-11T00:00:00.000Z,22.9,23.34,22.76,23.2,379100,17.4794487171,17.8152983868,17.3725874585,17.7084371282,379100,0.0,1.0
2209,2005-10-12T00:00:00.000Z,22.69,23.17,22.28,22.8,294500,17.3191568293,17.6855382871,17.0062060007,17.4031192467,294500,0.0,1.0
2210,2005-10-13T00:00:00.000Z,22.52,22.71,22.22,22.62,315100,17.1893967296,17.3344227234,16.9604083185,17.2657262,315100,0.0,1.0
2211,2005-10-14T00:00:00.000Z,22.68,22.79,22.36,22.62,315500,17.3115238822,17.3954862997,17.067269577,17.2657262,315500,0.0,1.0
2212,2005-10-17T00:00:00.000Z,22.77,22.87,22.56,22.7,447500,17.3802204056,17.456549876,17.2199285178,17.3267897763,447500,0.0,1.0
2213,2005-10-18T00:00:00.000Z,22.73,22.86,22.49,22.77,309300,17.3496886174,17.4489169289,17.1664978885,17.3802204056,309300,0.0,1.0
2214,2005-10-19T00:00:00.000Z,22.8,23.0,22.41,22.6,403900,17.4031192467,17.5557781875,17.1054343122,17.2504603059,403900,0.0,1.0
2215,2005-10-20T00:00:00.000Z,22.28,22.78,21.94,22.7,507600,17.0062060007,17.3878533526,16.7466858014,17.3267897763,507600,0.0,1.0
2216,2005-10-21T00:00:00.000Z,22.54,22.7,22.25,22.28,819300,17.2046626237,17.3267897763,16.9833071596,17.0062060007,819300,0.0,1.0
2217,2005-10-24T00:00:00.000Z,22.85,22.95,22.55,22.55,431300,17.4412839819,17.5176134523,17.2122955707,17.2122955707,431300,0.0,1.0
2218,2005-10-25T00:00:00.000Z,22.59,22.85,22.32,22.75,252500,17.2428273589,17.4412839819,17.0367377889,17.3649545115,252500,0.0,1.0
2219,2005-10-26T00:00:00.000Z,22.3,22.9,22.19,22.59,191500,17.0214718948,17.4794487171,16.9375094774,17.2428273589,191500,0.0,1.0
2220,2005-10-27T00:00:00.000Z,21.86,22.21,21.69,22.21,416700,16.6856222251,16.9527753715,16.5558621255,16.9527753715,416700,0.0,1.0
2221,2005-10-28T00:00:00.000Z,22.32,22.38,21.95,22.1,312900,17.0367377889,17.0825354711,16.7543187485,16.868812954,312900,0.0,1.0
2222,2005-10-31T00:00:00.000Z,22.81,23.05,22.3,22.32,387900,17.4107521937,17.5939429227,17.0214718948,17.0367377889,387900,0.0,1.0
2223,2005-11-01T00:00:00.000Z,22.95,23.3,22.6,22.7,297700,17.5176134523,17.7847665986,17.2504603059,17.3267897763,297700,0.0,1.0
2224,2005-11-02T00:00:00.000Z,23.32,23.39,22.95,22.96,414200,17.8000324927,17.8534631219,17.5176134523,17.5252463993,414200,0.0,1.0
2225,2005-11-03T00:00:00.000Z,23.46,23.79,23.38,23.52,366900,17.9068937512,18.1587810035,17.8458301749,17.9526914334,366900,0.0,1.0
2226,2005-11-04T00:00:00.000Z,23.25,23.58,22.92,23.46,219200,17.7466018634,17.9984891157,17.4947146112,17.9068937512,219200,0.0,1.0
2227,2005-11-07T00:00:00.000Z,23.28,23.58,23.2,23.37,206600,17.7695007045,17.9984891157,17.7084371282,17.8381972279,206600,0.0,1.0
2228,2005-11-08T00:00:00.000Z,23.07,23.28,22.79,23.09,201600,17.6092088167,17.7695007045,17.3954862997,17.6244747108,201600,0.0,1.0
2229,2005-11-09T00:00:00.000Z,24.75,25.23,24.02,24.8,1379200,18.8915439191,19.2579253769,18.3343387853,18.9297086543,1379200,0.0,1.0
2230,2005-11-10T00:00:00.000Z,25.09,25.25,24.57,24.75,569800,19.1510641184,19.273191271,18.7541508724,18.8915439191,569800,0.0,1.0
2231,2005-11-11T00:00:00.000Z,24.98,25.25,24.89,25.12,261800,19.067101701,19.273191271,18.9984051776,19.1739629595,261800,0.0,1.0
2232,2005-11-14T00:00:00.000Z,24.74,25.0,24.56,25.0,228900,18.9144427602,19.1132202508,18.7768275744,19.1132202508,228900,0.04,1.0
2233,2005-11-15T00:00:00.000Z,24.43,24.82,24.33,24.65,287800,18.6774388291,18.975605065,18.6009859481,18.8456351673,287800,0.0,1.0
2234,2005-11-16T00:00:00.000Z,24.37,24.53,23.89,24.43,291900,18.6315671005,18.7538917101,18.2645932717,18.6774388291,291900,0.0,1.0
2235,2005-11-17T00:00:00.000Z,25.14,25.17,24.53,24.53,374800,19.2202542842,19.2431901485,18.7538917101,18.7538917101,374800,0.0,1.0
2236,2005-11-18T00:00:00.000Z,25.33,25.51,25.19,25.39,311600,19.3655147581,19.503129944,19.2584807247,19.4113864868,311600,0.0,1.0
2237,2005-11-21T00:00:00.000Z,25.28,25.36,24.96,25.31,315600,19.3272883176,19.3884506224,19.0826390984,19.3502241819,315600,0.0,1.0
2238,2005-11-22T00:00:00.000Z,25.31,25.41,25.05,25.28,174100,19.3502241819,19.426677063,19.1514466913,19.3272883176,174100,0.0,1.0
2239,2005-11-23T00:00:00.000Z,25.4,25.64,25.02,25.03,285500,19.4190317749,19.6025186893,19.128510827,19.1361561151,285500,0.0,1.0
2240,2005-11-25T00:00:00.000Z,25.5,25.64,25.3,25.37,85900,19.4954846559,19.6025186893,19.3425788938,19.3960959105,85900,0.0,1.0
2241,2005-11-28T00:00:00.000Z,25.2,25.52,24.75,25.45,353500,19.2661260128,19.5107752321,18.9220880483,19.4572582154,353500,0.0,1.0
2242,2005-11-29T00:00:00.000Z,25.22,26.15,25.06,26.15,310400,19.281416589,19.9924283824,19.1590919794,19.9924283824,310400,0.0,1.0
2243,2005-11-30T00:00:00.000Z,25.12,25.76,25.02,25.28,258500,19.204963708,19.6942621465,19.128510827,19.3272883176,258500,0.0,1.0
2244,2005-12-01T00:00:00.000Z,25.45,25.54,25.12,25.27,263500,19.4572582154,19.5260658083,19.204963708,19.3196430295,263500,0.0,1.0
2245,2005-12-02T00:00:00.000Z,25.89,25.94,25.05,25.4,340200,19.7936508918,19.8318773323,19.1514466913,19.4190317749,340200,0.0,1.0
2246,2005-12-05T00:00:00.000Z,25.65,25.89,25.49,25.89,251700,19.6101639774,19.7936508918,19.4878393678,19.7936508918,251700,0.0,1.0
2247,2005-12-06T00:00:00.000Z,25.96,26.22,25.75,25.75,492000,19.8471679085,20.0459453991,19.6866168584,19.6866168584,492000,0.0,1.0
2248,2005-12-07T00:00:00.000Z,25.8,26.18,25.66,25.96,222000,19.7248432989,20.0153642467,19.6178092655,19.8471679085,222000,0.0,1.0
2249,2005-12-08T00:00:00.000Z,26.2,26.62,25.78,25.78,518800,20.0306548229,20.3517569231,19.7095527227,19.7095527227,518800,0.0,1.0
2250,2005-12-09T00:00:00.000Z,26.46,26.53,26.14,26.19,260200,20.2294323135,20.2829493302,19.9847830943,20.0230095348,260200,0.0,1.0
2251,2005-12-12T00:00:00.000Z,26.4,26.68,26.29,26.56,207600,20.1835605849,20.3976286517,20.0994624158,20.3058851945,207600,0.0,1.0
2252,2005-12-13T00:00:00.000Z,26.64,26.78,26.28,26.36,266700,20.3670474993,20.4740815327,20.0918171277,20.1529794325,266700,0.0,1.0
2253,2005-12-14T00:00:00.000Z,26.79,27.1,26.58,26.64,351200,20.4817268208,20.7187307519,20.3211757707,20.3670474993,351200,0.0,1.0
2254,2005-12-15T00:00:00.000Z,25.95,26.85,25.81,26.85,300900,19.8395226204,20.5275985494,19.732488587,20.5275985494,300900,0.0,1.0
2255,2005-12-16T00:00:00.000Z,26.15,26.35,25.84,25.95,633000,19.9924283824,20.1453341444,19.7554244513,19.8395226204,633000,0.0,1.0
2256,2005-12-19T00:00:00.000Z,25.49,25.97,25.49,25.97,265700,19.4878393678,19.8548131966,19.4878393678,19.8548131966,265700,0.0,1.0
2257,2005-12-20T00:00:00.000Z,25.39,25.66,25.36,25.45,333800,19.4113864868,19.6178092655,19.3884506224,19.4572582154,333800,0.0,1.0
2258,2005-12-21T00:00:00.000Z,25.61,25.72,25.44,25.47,186800,19.579582825,19.6636809941,19.4496129273,19.4725487916,186800,0.0,1.0
2259,2005-12-22T00:00:00.000Z,25.56,25.75,25.31,25.67,186200,19.5413563845,19.6866168584,19.3502241819,19.6254545536,186200,0.0,1.0
2260,2005-12-23T00:00:00.000Z,25.77,25.89,25.63,25.65,83500,19.7019074346,19.7936508918,19.5948734012,19.6101639774,83500,0.0,1.0
2261,2005-12-27T00:00:00.000Z,25.2,25.88,25.11,25.76,278500,19.2661260128,19.7860056037,19.1973184199,19.6942621465,278500,0.0,1.0
2262,2005-12-28T00:00:00.000Z,25.43,25.5,25.01,25.15,198200,19.4419676392,19.4954846559,19.1208655389,19.2278995723,198200,0.0,1.0
2263,2005-12-29T00:00:00.000Z,25.32,25.6,25.29,25.43,171400,19.35786947,19.5719375369,19.3349336057,19.4419676392,171400,0.0,1.0
2264,2005-12-30T00:00:00.000Z,25.02,25.17,24.79,25.17,257700,19.128510827,19.2431901485,18.9526692007,19.2431901485,257700,0.0,1.0
2265,2006-01-03T00:00:00.000Z,25.5,25.7,24.62,25.17,463400,19.4954846559,19.6483904179,18.822699303,19.2431901485,463400,0.0,1.0
2266,2006-01-04T00:00:00.000Z,25.7,26.17,25.57,25.57,379600,19.6483904179,20.0077189586,19.5490016726,19.5490016726,379600,0.0,1.0
2267,2006-01-05T00:00:00.000Z,25.05,25.67,24.91,25.66,440100,19.1514466913,19.6254545536,19.0444126579,19.6178092655,440100,0.0,1.0
2268,2006-01-06T00:00:00.000Z,25.39,25.5,24.84,25.25,200200,19.4113864868,19.4954846559,18.9908956412,19.3043524533,200200,0.0,1.0
2269,2006-01-09T00:00:00.000Z,25.71,25.85,25.39,25.39,151600,19.656035706,19.7630697394,19.4113864868,19.4113864868,151600,0.0,1.0
2270,2006-01-10T00:00:00.000Z,25.94,25.99,25.51,25.65,177200,19.8318773323,19.8701037728,19.503129944,19.6101639774,177200,0.0,1.0
2271,2006-01-11T00:00:00.000Z,26.01,26.2,25.87,25.95,182800,19.885394349,20.0306548229,19.7783603156,19.8395226204,182800,0.0,1.0
2272,2006-01-12T00:00:00.000Z,25.74,26.02,25.7,25.88,118800,19.6789715703,19.8930396371,19.6483904179,19.7860056037,118800,0.0,1.0
2273,2006-01-13T00:00:00.000Z,26.04,26.12,25.78,25.78,141100,19.9083302133,19.9694925181,19.7095527227,19.7095527227,141100,0.0,1.0
2274,2006-01-17T00:00:00.000Z,25.55,25.9,25.32,25.9,244900,19.5337110964,19.8012961799,19.35786947,19.8012961799,244900,0.0,1.0
2275,2006-01-18T00:00:00.000Z,25.4,25.49,25.03,25.45,260900,19.4190317749,19.4878393678,19.1361561151,19.4572582154,260900,0.0,1.0
2276,2006-01-19T00:00:00.000Z,25.95,26.24,25.33,25.46,294000,19.8395226204,20.0612359753,19.3655147581,19.4649035035,294000,0.0,1.0
2277,2006-01-20T00:00:00.000Z,25.35,26.07,25.31,26.07,288000,19.3808053343,19.9312660776,19.3502241819,19.9312660776,288000,0.0,1.0
2278,2006-01-23T00:00:00.000Z,25.18,25.59,24.89,25.4,283700,19.2508354366,19.5642922488,19.0291220817,19.4190317749,283700,0.0,1.0
2279,2006-01-24T00:00:00.000Z,25.56,25.7,25.12,25.22,226800,19.5413563845,19.6483904179,19.204963708,19.281416589,226800,0.0,1.0
2280,2006-01-25T00:00:00.000Z,25.87,25.87,25.35,25.56,385900,19.7783603156,19.7783603156,19.3808053343,19.5413563845,385900,0.0,1.0
2281,2006-01-26T00:00:00.000Z,26.59,26.59,26.01,26.06,456100,20.3288210588,20.3288210588,19.885394349,19.9236207895,456100,0.0,1.0
2282,2006-01-27T00:00:00.000Z,26.9,26.96,26.44,26.59,448700,20.5658249899,20.6116967185,20.2141417373,20.3288210588,448700,0.0,1.0
2283,2006-01-30T00:00:00.000Z,26.45,26.96,26.35,26.87,390100,20.2217870254,20.6116967185,20.1453341444,20.5428891256,390100,0.0,1.0
2284,2006-01-31T00:00:00.000Z,27.0,28.26,26.68,26.68,1026700,20.6422778709,21.6055841715,20.3976286517,20.3976286517,1026700,0.0,1.0
2285,2006-02-01T00:00:00.000Z,26.26,26.78,25.94,26.78,710000,20.0765265515,20.4740815327,19.8318773323,20.4740815327,710000,0.0,1.0
2286,2006-02-02T00:00:00.000Z,25.85,26.29,25.73,26.22,413000,19.7630697394,20.0994624158,19.6713262822,20.0459453991,413000,0.0,1.0
2287,2006-02-03T00:00:00.000Z,25.75,26.21,25.63,25.66,196500,19.6866168584,20.038300111,19.5948734012,19.6178092655,196500,0.0,1.0
2288,2006-02-06T00:00:00.000Z,25.55,25.84,25.19,25.65,240400,19.5642922488,19.7863527087,19.2886309881,19.6408648212,240400,0.04,1.0
2289,2006-02-07T00:00:00.000Z,25.39,26.21,25.32,25.5,251100,19.4417761329,20.0696712266,19.3881753322,19.5260059626,251100,0.0,1.0
2290,2006-02-08T00:00:00.000Z,25.63,25.85,25.17,25.35,242800,19.6255503067,19.794009966,19.2733164736,19.411147104,242800,0.0,1.0
2291,2006-02-09T00:00:00.000Z,25.58,25.95,25.5,25.63,278400,19.5872640205,19.8705825384,19.5260059626,19.6255503067,278400,0.0,1.0
2292,2006-02-10T00:00:00.000Z,25.74,25.74,25.22,25.49,249500,19.7097801363,19.7097801363,19.3116027598,19.5183487053,249500,0.0,1.0
2293,2006-02-13T00:00:00.000Z,25.44,25.69,25.28,25.65,191100,19.4800624191,19.6714938501,19.3575463033,19.6408648212,191100,0.0,1.0
2294,2006-02-14T00:00:00.000Z,25.85,25.96,25.51,25.51,278600,19.794009966,19.8782397956,19.5336632198,19.5336632198,278600,0.0,1.0
2295,2006-02-15T00:00:00.000Z,25.98,26.25,25.75,25.93,222700,19.8935543101,20.1003002556,19.7174373936,19.8552680239,222700,0.0,1.0
2296,2006-02-16T00:00:00.000Z,25.94,26.18,25.8,26.15,207000,19.8629252811,20.0466994549,19.7557236798,20.0237276832,207000,0.0,1.0
2297,2006-02-17T00:00:00.000Z,25.86,26.0,25.31,25.31,190400,19.8016672232,19.9088688246,19.380518075,19.380518075,190400,0.0,1.0
2298,2006-02-21T00:00:00.000Z,25.39,25.81,25.11,25.8,280400,19.4417761329,19.763380937,19.2273729302,19.7557236798,280400,0.0,1.0
2299,2006-02-22T00:00:00.000Z,25.51,25.6,25.33,25.53,204000,19.5336632198,19.602578535,19.3958325895,19.5489777343,204000,0.0,1.0
2300,2006-02-23T00:00:00.000Z,25.27,25.59,25.23,25.48,180600,19.349889046,19.5949212777,19.3192600171,19.5106914481,180600,0.0,1.0
2301,2006-02-24T00:00:00.000Z,25.48,25.55,25.02,25.2,223200,19.5106914481,19.5642922488,19.158457615,19.2962882453,223200,0.0,1.0
2302,2006-02-27T00:00:00.000Z,25.54,25.85,25.48,25.48,225400,19.5566349915,19.794009966,19.5106914481,19.5106914481,225400,0.0,1.0
2303,2006-02-28T00:00:00.000Z,24.77,25.46,24.75,25.45,380100,18.967026184,19.4953769336,18.9517116695,19.4877196764,380100,0.0,1.0
2304,2006-03-01T00:00:00.000Z,25.37,25.4,24.59,24.84,375300,19.4264616184,19.4494333902,18.8291955537,19.0206269847,375300,0.0,1.0
2305,2006-03-02T00:00:00.000Z,25.59,25.78,25.19,25.32,329000,19.5949212777,19.7404091653,19.2886309881,19.3881753322,329000,0.0,1.0
2306,2006-03-03T00:00:00.000Z,25.52,25.99,25.35,25.6,367600,19.541320477,19.9012115673,19.411147104,19.602578535,367600,0.0,1.0
2307,2006-03-06T00:00:00.000Z,24.75,25.49,24.41,25.49,404400,18.9517116695,19.5183487053,18.6913649234,19.5183487053,404400,0.0,1.0
2308,2006-03-07T00:00:00.000Z,24.43,24.6,24.25,24.6,329700,18.7066794379,18.8368528109,18.5688488075,18.8368528109,329700,0.0,1.0
2309,2006-03-08T00:00:00.000Z,24.59,24.64,24.25,24.3,266800,18.8291955537,18.8674818399,18.5688488075,18.6071350937,266800,0.0,1.0
2310,2006-03-09T00:00:00.000Z,24.26,24.7,24.1,24.58,211200,18.5765060648,18.9134253833,18.4539899489,18.8215382965,211200,0.0,1.0
2311,2006-03-10T00:00:00.000Z,24.64,24.76,24.3,24.7,301300,18.8674818399,18.9593689268,18.6071350937,18.9134253833,301300,0.0,1.0
2312,2006-03-13T00:00:00.000Z,24.44,24.81,24.38,24.67,260100,18.7143366951,18.997655213,18.6683931517,18.8904536116,260100,0.0,1.0
2313,2006-03-14T00:00:00.000Z,24.77,24.82,24.19,24.44,267500,18.967026184,19.0053124702,18.5229052641,18.7143366951,267500,0.0,1.0
2314,2006-03-15T00:00:00.000Z,25.0,25.02,24.43,24.69,329700,19.1431431005,19.158457615,18.7066794379,18.9057681261,329700,0.0,1.0
2315,2006-03-16T00:00:00.000Z,25.06,25.23,24.85,25.0,243000,19.189086644,19.3192600171,19.0282842419,19.1431431005,243000,0.0,1.0
2316,2006-03-17T00:00:00.000Z,25.19,25.29,24.75,25.18,819800,19.2886309881,19.3652035605,18.9517116695,19.2809737309,819800,0.0,1.0
2317,2006-03-20T00:00:00.000Z,25.24,25.32,24.85,25.15,270600,19.3269172743,19.3881753322,19.0282842419,19.2580019591,270600,0.0,1.0
2318,2006-03-21T00:00:00.000Z,24.62,25.28,24.57,25.18,212700,18.8521673254,19.3575463033,18.8138810392,19.2809737309,212700,0.0,1.0
2319,2006-03-22T00:00:00.000Z,25.08,25.18,24.37,24.52,253500,19.2044011585,19.2809737309,18.6607358944,18.775594753,253500,0.0,1.0
2320,2006-03-23T00:00:00.000Z,25.28,25.39,24.77,25.03,274700,19.3575463033,19.4417761329,18.967026184,19.1661148723,274700,0.0,1.0
2321,2006-03-24T00:00:00.000Z,25.23,25.34,25.02,25.31,166000,19.3192600171,19.4034898467,19.158457615,19.380518075,166000,0.0,1.0
2322,2006-03-27T00:00:00.000Z,25.04,25.2,24.75,25.1,185900,19.1737721295,19.2962882453,18.9517116695,19.2197156729,185900,0.0,1.0
2323,2006-03-28T00:00:00.000Z,24.63,25.0,24.59,24.95,166300,18.8598245827,19.1431431005,18.8291955537,19.1048568143,166300,0.0,1.0
2324,2006-03-29T00:00:00.000Z,24.82,25.0,24.58,24.72,238300,19.0053124702,19.1431431005,18.8215382965,18.9287398978,238300,0.0,1.0
2325,2006-03-30T00:00:00.000Z,24.79,25.1,24.64,24.86,174200,18.9823406985,19.2197156729,18.8674818399,19.0359414992,174200,0.0,1.0
2326,2006-03-31T00:00:00.000Z,24.68,24.95,24.5,24.77,236300,18.8981108689,19.1048568143,18.7602802385,18.967026184,236300,0.0,1.0
2327,2006-04-03T00:00:00.000Z,24.6,24.93,24.46,24.76,585300,18.8368528109,19.0895422999,18.7296512096,18.9593689268,585300,0.0,1.0
2328,2006-04-04T00:00:00.000Z,24.88,25.03,24.55,24.55,336300,19.0512560137,19.1661148723,18.7985665247,18.7985665247,336300,0.0,1.0
2329,2006-04-05T00:00:00.000Z,24.67,24.89,24.45,24.8,258800,18.8904536116,19.0589132709,18.7219939523,18.9899979557,258800,0.0,1.0
2330,2006-04-06T00:00:00.000Z,24.24,24.69,24.08,24.6,617100,18.5611915503,18.9057681261,18.4386754344,18.8368528109,617100,0.0,1.0
2331,2006-04-07T00:00:00.000Z,23.91,24.65,23.65,24.36,576500,18.3085020614,18.8751390971,18.1094133731,18.6530786372,576500,0.0,1.0
2332,2006-04-10T00:00:00.000Z,23.79,23.92,23.61,23.91,248100,18.2166149745,18.3161593186,18.0787843442,18.3085020614,248100,0.0,1.0
2333,2006-04-11T00:00:00.000Z,23.72,23.98,23.45,23.89,351200,18.1630141738,18.362102862,17.9562682283,18.2931875469,351200,0.0,1.0
2334,2006-04-12T00:00:00.000Z,24.07,24.12,23.64,23.64,446100,18.4310181772,18.4693044634,18.1017561159,18.1017561159,446100,0.0,1.0
2335,2006-04-13T00:00:00.000Z,24.08,24.34,23.86,24.0,211500,18.4386754344,18.6377641227,18.2702157752,18.3774173765,211500,0.0,1.0
2336,2006-04-17T00:00:00.000Z,23.89,24.23,23.85,24.15,306100,18.2931875469,18.553534293,18.2625585179,18.4922762351,306100,0.0,1.0
2337,2006-04-18T00:00:00.000Z,24.46,24.49,23.93,23.99,614300,18.7296512096,18.7526229813,18.3238165758,18.3697601193,614300,0.0,1.0
2338,2006-04-19T00:00:00.000Z,24.23,24.73,24.09,24.39,413100,18.553534293,18.9363971551,18.4463326917,18.6760504089,413100,0.0,1.0
2339,2006-04-20T00:00:00.000Z,24.03,24.56,23.94,24.18,482700,18.4003891482,18.806223782,18.3314738331,18.5152480068,482700,0.0,1.0
2340,2006-04-21T00:00:00.000Z,24.0,24.5,23.85,24.4,389700,18.3774173765,18.7602802385,18.2625585179,18.6837076661,389700,0.0,1.0
2341,2006-04-24T00:00:00.000Z,23.66,23.87,23.5,23.86,277700,18.1170706304,18.2778730324,17.9945545145,18.2702157752,277700,0.0,1.0
2342,2006-04-25T00:00:00.000Z,23.36,23.83,23.2,23.67,472000,17.8873529131,18.2472440034,17.7648367973,18.1247278876,472000,0.0,1.0
2343,2006-04-26T00:00:00.000Z,23.28,23.74,23.21,23.4,614800,17.8260948552,18.1783286883,17.7724940545,17.9179819421,614800,0.0,1.0
2344,2006-04-27T00:00:00.000Z,23.19,23.59,23.0,23.11,441000,17.7571795401,18.0634698297,17.6116916525,17.6959214821,441000,0.0,1.0
2345,2006-04-28T00:00:00.000Z,23.02,23.54,22.96,23.05,448500,17.627006167,18.0251835435,17.5810626235,17.6499779387,448500,0.0,1.0
2346,2006-05-01T00:00:00.000Z,23.26,23.85,23.05,23.05,563700,17.8107803407,18.2625585179,17.6499779387,17.6499779387,563700,0.0,1.0
2347,2006-05-02T00:00:00.000Z,23.24,23.47,23.18,23.23,335100,17.7954658263,17.9715827428,17.7495222828,17.787808569,335100,0.0,1.0
2348,2006-05-03T00:00:00.000Z,23.31,23.51,23.1,23.3,404200,17.8490666269,18.0022117718,17.6882642249,17.8414093697,404200,0.0,1.0
2349,2006-05-04T00:00:00.000Z,23.2,23.41,22.97,23.16,467200,17.7648367973,17.9256391994,17.5887198808,17.7342077683,467200,0.0,1.0
2350,2006-05-05T00:00:00.000Z,23.62,23.65,23.21,23.31,513900,18.0864416014,18.1094133731,17.7724940545,17.8490666269,513900,0.0,1.0
2351,2006-05-08T00:00:00.000Z,23.29,23.68,23.24,23.53,408600,17.8337521125,18.1323851448,17.7954658263,18.0175262862,408600,0.0,1.0
2352,2006-05-09T00:00:00.000Z,22.98,23.33,22.9,23.2,429200,17.596377138,17.8643811414,17.5351190801,17.7648367973,429200,0.0,1.0
2353,2006-05-10T00:00:00.000Z,22.75,22.95,21.7,22.5,1066900,17.4202602215,17.5734053663,16.6162482113,17.2288287905,1066900,0.0,1.0
2354,2006-05-11T00:00:00.000Z,22.85,22.95,22.3,22.74,1164000,17.4968327939,17.5734053663,17.0756836457,17.4126029643,1164000,0.0,1.0
2355,2006-05-12T00:00:00.000Z,23.04,23.22,22.77,22.85,669200,17.6423206815,17.7801513118,17.435574736,17.4968327939,669200,0.0,1.0
2356,2006-05-15T00:00:00.000Z,23.2,23.39,22.82,22.85,898000,17.7954658263,17.941204555,17.5039883688,17.526999747,898000,0.04,1.0
2357,2006-05-16T00:00:00.000Z,23.04,23.21,23.0,23.21,528100,17.6727384757,17.8031362857,17.6420566381,17.8031362857,528100,0.0,1.0
2358,2006-05-17T00:00:00.000Z,22.78,23.1,22.73,22.94,501900,17.4733065311,17.7187612322,17.4349542341,17.5960338817,501900,0.0,1.0
2359,2006-05-18T00:00:00.000Z,22.65,23.02,22.63,22.81,393000,17.3735905588,17.6573975569,17.35824964,17.4963179094,393000,0.0,1.0
2360,2006-05-19T00:00:00.000Z,22.6,22.72,22.36,22.64,552700,17.3352382618,17.4272837747,17.151147236,17.3659200994,552700,0.0,1.0
2361,2006-05-22T00:00:00.000Z,22.7,22.96,22.35,22.4,673400,17.4119428559,17.6113748005,17.1434767766,17.1818290736,673400,0.0,1.0
2362,2006-05-23T00:00:00.000Z,22.31,22.8,22.29,22.8,450000,17.112794939,17.48864745,17.0974540202,17.48864745,450000,0.0,1.0
2363,2006-05-24T00:00:00.000Z,22.67,22.81,22.05,22.2,634700,17.3889314776,17.4963179094,16.9133629944,17.0284198855,634700,0.0,1.0
2364,2006-05-25T00:00:00.000Z,22.96,23.1,22.7,22.82,505200,17.6113748005,17.7187612322,17.4119428559,17.5039883688,505200,0.0,1.0
2365,2006-05-26T00:00:00.000Z,22.93,23.22,22.81,23.0,445700,17.5883634223,17.8108067451,17.4963179094,17.6420566381,445700,0.0,1.0
2366,2006-05-30T00:00:00.000Z,22.41,22.83,22.4,22.81,397100,17.189499533,17.5116588282,17.1818290736,17.4963179094,397100,0.0,1.0
2367,2006-05-31T00:00:00.000Z,22.75,22.88,22.3,22.51,380700,17.4502951529,17.5500111252,17.1051244796,17.2662041271,380700,0.0,1.0
2368,2006-06-01T00:00:00.000Z,23.32,23.53,22.75,22.77,597300,17.8875113392,18.0485909867,17.4502951529,17.4656360717,597300,0.0,1.0
2369,2006-06-02T00:00:00.000Z,22.98,23.35,22.94,23.32,557000,17.6267157193,17.9105227174,17.5960338817,17.8875113392,557000,0.0,1.0
2370,2006-06-05T00:00:00.000Z,22.48,23.05,22.41,22.89,422400,17.2431927489,17.6804089351,17.189499533,17.5576815846,422400,0.0,1.0
2371,2006-06-06T00:00:00.000Z,22.61,22.91,22.27,22.51,453100,17.3429087212,17.5730225034,17.0821131013,17.2662041271,453100,0.0,1.0
2372,2006-06-07T00:00:00.000Z,22.48,23.17,22.41,22.68,572100,17.2431927489,17.772454448,17.189499533,17.3966019371,572100,0.0,1.0
2373,2006-06-08T00:00:00.000Z,22.52,22.68,22.22,22.38,659800,17.2738745865,17.3966019371,17.0437608043,17.1664881548,659800,0.0,1.0
2374,2006-06-09T00:00:00.000Z,22.1,22.6,22.07,22.51,458700,16.9517152914,17.3352382618,16.9287039132,17.2662041271,458700,0.0,1.0
2375,2006-06-12T00:00:00.000Z,21.85,22.1,21.82,22.1,469600,16.7599538062,16.9517152914,16.736942428,16.9517152914,469600,0.0,1.0
2376,2006-06-13T00:00:00.000Z,21.83,22.29,21.75,21.82,447900,16.7446128874,17.0974540202,16.6832492121,16.736942428,447900,0.0,1.0
2377,2006-06-14T00:00:00.000Z,21.72,22.0,21.55,21.81,337100,16.6602378339,16.8750106973,16.529840024,16.7292719686,337100,0.0,1.0
2378,2006-06-15T00:00:00.000Z,22.24,22.4,21.51,21.72,656300,17.0591017231,17.1818290736,16.4991581863,16.6602378339,656300,0.0,1.0
2379,2006-06-16T00:00:00.000Z,21.76,22.37,21.67,22.24,1165800,16.6909196715,17.1588176954,16.6218855369,17.0591017231,1165800,0.0,1.0
2380,2006-06-19T00:00:00.000Z,21.41,21.93,21.41,21.84,612200,16.4224535923,16.8213174815,16.4224535923,16.7522833468,612200,0.0,1.0
2381,2006-06-20T00:00:00.000Z,21.33,21.51,21.28,21.38,578900,16.361089917,16.4991581863,16.32273762,16.399442214,578900,0.0,1.0
2382,2006-06-21T00:00:00.000Z,21.65,21.91,21.4,21.4,352800,16.606544618,16.8059765627,16.4147831328,16.4147831328,352800,0.0,1.0
2383,2006-06-22T00:00:00.000Z,21.58,21.71,21.45,21.56,338200,16.5528514022,16.6525673745,16.4531354299,16.5375104834,338200,0.0,1.0
2384,2006-06-23T00:00:00.000Z,21.61,21.72,21.4,21.55,262400,16.5758627804,16.6602378339,16.4147831328,16.529840024,262400,0.0,1.0
2385,2006-06-26T00:00:00.000Z,21.85,21.89,21.63,21.73,274500,16.7599538062,16.7906356438,16.5912036992,16.6679082933,274500,0.0,1.0
2386,2006-06-27T00:00:00.000Z,21.88,22.0,21.73,21.85,597900,16.7829651844,16.8750106973,16.6679082933,16.7599538062,597900,0.0,1.0
2387,2006-06-28T00:00:00.000Z,21.93,22.05,21.8,21.92,468000,16.8213174815,16.9133629944,16.7216015092,16.8136470221,468000,0.0,1.0
2388,2006-06-29T00:00:00.000Z,22.76,22.81,22.04,22.07,501900,17.4579656123,17.4963179094,16.905692535,16.9287039132,501900,0.0,1.0
2389,2006-06-30T00:00:00.000Z,22.86,22.95,22.71,22.84,499600,17.5346702064,17.6037043411,17.4196133153,17.5193292876,499600,0.0,1.0
2390,2006-07-03T00:00:00.000Z,23.02,23.07,22.87,22.87,206300,17.6573975569,17.695749854,17.5423406658,17.5423406658,206300,0.0,1.0
2391,2006-07-05T00:00:00.000Z,22.93,23.03,22.68,22.88,331900,17.5883634223,17.6650680163,17.3966019371,17.5500111252,331900,0.0,1.0
2392,2006-07-06T00:00:00.000Z,23.03,23.17,22.87,22.89,180500,17.6650680163,17.772454448,17.5423406658,17.5576815846,180500,0.0,1.0
2393,2006-07-07T00:00:00.000Z,22.98,23.16,22.88,22.94,403400,17.6267157193,17.7647839886,17.5500111252,17.5960338817,403400,0.0,1.0
2394,2006-07-10T00:00:00.000Z,23.02,23.16,22.94,23.01,220300,17.6573975569,17.7647839886,17.5960338817,17.6497270975,220300,0.0,1.0
2395,2006-07-11T00:00:00.000Z,23.05,23.1,22.75,22.93,348000,17.6804089351,17.7187612322,17.4502951529,17.5883634223,348000,0.0,1.0
2396,2006-07-12T00:00:00.000Z,22.69,23.05,22.6,22.98,364700,17.4042723965,17.6804089351,17.3352382618,17.6267157193,364700,0.0,1.0
2397,2006-07-13T00:00:00.000Z,22.24,22.67,22.17,22.67,983500,17.0591017231,17.3889314776,17.0054085073,17.3889314776,983500,0.0,1.0
2398,2006-07-14T00:00:00.000Z,22.11,22.29,21.94,22.18,367400,16.9593857508,17.0974540202,16.8289879409,17.0130789667,367400,0.0,1.0
2399,2006-07-17T00:00:00.000Z,21.94,22.24,21.84,22.05,223300,16.8289879409,17.0591017231,16.7522833468,16.9133629944,223300,0.0,1.0
2400,2006-07-18T00:00:00.000Z,22.12,22.33,21.83,22.04,224600,16.9670562102,17.1281358578,16.7446128874,16.905692535,224600,0.0,1.0
2401,2006-07-19T00:00:00.000Z,22.62,22.78,22.14,22.17,252500,17.3505791806,17.4733065311,16.982397129,17.0054085073,252500,0.0,1.0
2402,2006-07-20T00:00:00.000Z,22.41,22.9,22.36,22.62,277700,17.189499533,17.565352044,17.151147236,17.3505791806,277700,0.0,1.0
2403,2006-07-21T00:00:00.000Z,22.39,22.47,22.12,22.42,295200,17.1741586142,17.2355222895,16.9670562102,17.1971699925,295200,0.0,1.0
2404,2006-07-24T00:00:00.000Z,22.88,22.96,22.41,22.41,251500,17.5500111252,17.6113748005,17.189499533,17.189499533,251500,0.0,1.0
2405,2006-07-25T00:00:00.000Z,23.14,23.38,22.75,22.92,291200,17.7494430698,17.9335340956,17.4502951529,17.5806929628,291200,0.0,1.0
2406,2006-07-26T00:00:00.000Z,23.02,23.22,22.56,23.0,269700,17.6573975569,17.8108067451,17.3045564242,17.6420566381,269700,0.0,1.0
2407,2006-07-27T00:00:00.000Z,22.78,23.29,22.64,23.02,321700,17.4733065311,17.8644999609,17.3659200994,17.6573975569,321700,0.0,1.0
2408,2006-07-28T00:00:00.000Z,23.35,23.39,22.9,22.9,340200,17.9105227174,17.941204555,17.565352044,17.565352044,340200,0.0,1.0
2409,2006-07-31T00:00:00.000Z,23.17,23.4,22.94,23.35,267200,17.772454448,17.9488750144,17.5960338817,17.9105227174,267200,0.0,1.0
2410,2006-08-01T00:00:00.000Z,22.91,23.09,22.75,23.04,260900,17.5730225034,17.7110907728,17.4502951529,17.6727384757,260900,0.0,1.0
2411,2006-08-02T00:00:00.000Z,23.35,23.66,23.15,23.15,478700,17.9105227174,18.148306959,17.7571135292,17.7571135292,478700,0.0,1.0
2412,2006-08-03T00:00:00.000Z,23.4,23.5,22.85,23.19,348500,17.9488750144,18.0255796085,17.526999747,17.7877953669,348500,0.0,1.0
2413,2006-08-04T00:00:00.000Z,22.78,23.72,22.71,23.52,603000,17.4733065311,18.1943297155,17.4196133153,18.0409205273,603000,0.0,1.0
2414,2006-08-07T00:00:00.000Z,22.6,22.76,22.5,22.67,571400,17.3352382618,17.4579656123,17.2585336677,17.3889314776,571400,0.0,1.0
2415,2006-08-08T00:00:00.000Z,22.46,22.79,22.37,22.61,679200,17.2278518301,17.4809769905,17.1588176954,17.3429087212,679200,0.0,1.0
2416,2006-08-09T00:00:00.000Z,22.66,23.0,22.57,22.71,418800,17.3812610182,17.6420566381,17.3122268836,17.4196133153,418800,0.0,1.0
2417,2006-08-10T00:00:00.000Z,22.88,22.99,22.47,22.58,282300,17.5500111252,17.6343861787,17.2355222895,17.319897343,282300,0.0,1.0
2418,2006-08-11T00:00:00.000Z,22.76,22.94,22.58,22.84,283700,17.4579656123,17.5960338817,17.319897343,17.5193292876,283700,0.0,1.0
2419,2006-08-14T00:00:00.000Z,22.52,23.08,22.52,22.87,345600,17.3045564242,17.7348651097,17.3045564242,17.5734993526,345600,0.04,1.0
2420,2006-08-15T00:00:00.000Z,22.96,23.04,22.64,22.9,341900,17.6426561056,17.704128775,17.3967654282,17.5965516036,341900,0.0,1.0
2421,2006-08-16T00:00:00.000Z,23.36,23.41,22.91,23.09,286000,17.9500194524,17.9884398708,17.6042356873,17.7425491933,286000,0.0,1.0
2422,2006-08-17T00:00:00.000Z,23.62,23.63,23.2,23.36,311900,18.1498056278,18.1574897115,17.8270741137,17.9500194524,311900,0.0,1.0
2423,2006-08-18T00:00:00.000Z,23.61,23.78,23.22,23.67,272400,18.1421215442,18.2727509665,17.842442281,18.1882260462,272400,0.0,1.0
2424,2006-08-21T00:00:00.000Z,23.45,23.55,23.26,23.48,247700,18.0191762054,18.0960170421,17.8731786157,18.0422284565,247700,0.0,1.0
2425,2006-08-22T00:00:00.000Z,23.51,23.66,23.36,23.42,460800,18.0652807075,18.1805419625,17.9500194524,17.9961239544,460800,0.0,1.0
2426,2006-08-23T00:00:00.000Z,23.5,23.64,23.23,23.54,312300,18.0575966238,18.1651737952,17.8501263647,18.0883329585,312300,0.0,1.0
2427,2006-08-24T00:00:00.000Z,23.49,23.67,23.26,23.62,248200,18.0499125401,18.1882260462,17.8731786157,18.1498056278,248200,0.0,1.0
2428,2006-08-25T00:00:00.000Z,23.53,23.68,23.22,23.39,233300,18.0806488748,18.1959101298,17.842442281,17.9730717034,233300,0.0,1.0
2429,2006-08-28T00:00:00.000Z,23.56,23.74,23.36,23.51,255900,18.1037011258,18.2420146319,17.9500194524,18.0652807075,255900,0.0,1.0
2430,2006-08-29T00:00:00.000Z,23.82,23.83,23.34,23.63,334800,18.3034873012,18.3111713849,17.9346512851,18.1574897115,334800,0.0,1.0
2431,2006-08-30T00:00:00.000Z,23.82,24.06,23.78,23.91,243400,18.3034873012,18.4879053093,18.2727509665,18.3726440543,243400,0.0,1.0
2432,2006-08-31T00:00:00.000Z,23.78,23.85,23.71,23.85,176400,18.2727509665,18.3265395522,18.2189623809,18.3265395522,176400,0.0,1.0
2433,2006-09-01T00:00:00.000Z,24.02,24.11,23.75,23.84,231700,18.4571689746,18.5263257276,18.2496987155,18.3188554686,231700,0.0,1.0
2434,2006-09-05T00:00:00.000Z,23.74,24.14,23.66,23.93,415700,18.2420146319,18.5493779787,18.1805419625,18.3880122216,415700,0.0,1.0
2435,2006-09-06T00:00:00.000Z,23.45,23.75,23.33,23.57,288300,18.0191762054,18.2496987155,17.9269672014,18.1113852095,288300,0.0,1.0
2436,2006-09-07T00:00:00.000Z,23.17,23.52,23.14,23.31,348000,17.8040218627,18.0729647911,17.7809696117,17.9115990341,348000,0.0,1.0
2437,2006-09-08T00:00:00.000Z,23.32,23.4,23.05,23.2,191200,17.9192831177,17.9807557871,17.7118128587,17.8270741137,191200,0.0,1.0
2438,2006-09-11T00:00:00.000Z,23.62,23.69,23.21,23.33,241800,18.1498056278,18.2035942135,17.8347581974,17.9269672014,241800,0.0,1.0
2439,2006-09-12T00:00:00.000Z,24.72,24.8,24.25,24.35,705100,18.9950548315,19.0565275009,18.633902899,18.7107437357,705100,0.0,1.0
2440,2006-09-13T00:00:00.000Z,24.88,25.0,24.62,24.7,386800,19.1180001702,19.2102091742,18.9182139948,18.9796866642,386800,0.0,1.0
2441,2006-09-14T00:00:00.000Z,24.92,24.95,24.69,24.8,249700,19.1487365049,19.1717887559,18.9720025805,19.0565275009,249700,0.0,1.0
2442,2006-09-15T00:00:00.000Z,24.88,25.1,24.64,25.04,770100,19.1180001702,19.2870500109,18.9335821621,19.2409455089,770100,0.0,1.0
2443,2006-09-18T00:00:00.000Z,24.76,24.92,24.47,24.77,505400,19.0257911662,19.1487365049,18.8029527398,19.0334752498,505400,0.0,1.0
2444,2006-09-19T00:00:00.000Z,24.5,24.8,24.29,24.74,608500,18.8260049908,19.0565275009,18.6646392337,19.0104229988,608500,0.0,1.0
2445,2006-09-20T00:00:00.000Z,24.91,24.98,24.62,24.65,329500,19.1410524212,19.1948410069,18.9182139948,18.9412662458,329500,0.0,1.0
2446,2006-09-21T00:00:00.000Z,24.53,25.0,24.36,24.9,278900,18.8490572418,19.2102091742,18.7184278194,19.1333683376,278900,0.0,1.0
2447,2006-09-22T00:00:00.000Z,24.39,24.48,24.04,24.48,275700,18.7414800704,18.8106368234,18.472537142,18.8106368234,275700,0.0,1.0
2448,2006-09-25T00:00:00.000Z,24.53,24.65,24.19,24.43,245800,18.8490572418,18.9412662458,18.587798397,18.7722164051,245800,0.0,1.0
2449,2006-09-26T00:00:00.000Z,24.45,24.6,24.25,24.43,240700,18.7875845724,18.9028458275,18.633902899,18.7722164051,240700,0.0,1.0
2450,2006-09-27T00:00:00.000Z,24.37,24.45,24.01,24.33,202300,18.7261119031,18.7875845724,18.4494848909,18.6953755684,202300,0.0,1.0
2451,2006-09-28T00:00:00.000Z,24.28,24.51,24.06,24.4,171300,18.65695515,18.8336890744,18.4879053093,18.7491641541,171300,0.0,1.0
2452,2006-09-29T00:00:00.000Z,24.06,24.51,24.05,24.32,296800,18.4879053093,18.8336890744,18.4802212256,18.6876914847,296800,0.0,1.0
2453,2006-10-02T00:00:00.000Z,24.15,24.48,23.98,24.13,507300,18.5570620623,18.8106368234,18.4264326399,18.541693895,507300,0.0,1.0
2454,2006-10-03T00:00:00.000Z,24.08,24.3,23.92,24.11,176200,18.5032734766,18.6723233174,18.3803281379,18.5263257276,176200,0.0,1.0
2455,2006-10-04T00:00:00.000Z,24.45,24.51,23.85,23.98,211200,18.7875845724,18.8336890744,18.3265395522,18.4264326399,211200,0.0,1.0
2456,2006-10-05T00:00:00.000Z,24.6,24.63,24.29,24.35,260700,18.9028458275,18.9258980785,18.6646392337,18.7107437357,260700,0.0,1.0
2457,2006-10-06T00:00:00.000Z,24.32,24.53,24.15,24.5,169500,18.6876914847,18.8490572418,18.5570620623,18.8260049908,169500,0.0,1.0
2458,2006-10-09T00:00:00.000Z,24.42,24.43,24.06,24.25,135500,18.7645323214,18.7722164051,18.4879053093,18.633902899,135500,0.0,1.0
2459,2006-10-10T00:00:00.000Z,24.23,24.45,24.15,24.42,224700,18.6185347317,18.7875845724,18.5570620623,18.7645323214,224700,0.0,1.0
2460,2006-10-11T00:00:00.000Z,23.82,24.22,23.61,24.09,445300,18.3034873012,18.610850648,18.1421215442,18.5109575603,445300,0.0,1.0
2461,2006-10-12T00:00:00.000Z,24.23,24.24,23.68,23.92,333900,18.6185347317,18.6262188154,18.1959101298,18.3803281379,333900,0.0,1.0
2462,2006-10-13T00:00:00.000Z,23.92,24.36,23.81,24.23,364200,18.3803281379,18.7184278194,18.2958032176,18.6185347317,364200,0.0,1.0
2463,2006-10-16T00:00:00.000Z,23.99,24.14,23.86,23.94,375000,18.4341167236,18.5493779787,18.3342236359,18.3956963053,375000,0.0,1.0
2464,2006-10-17T00:00:00.000Z,23.74,24.0,23.74,23.82,275700,18.2420146319,18.4418008073,18.2420146319,18.3034873012,275700,0.0,1.0
2465,2006-10-18T00:00:00.000Z,24.02,24.2,23.8,23.92,369800,18.4571689746,18.5954824807,18.2881191339,18.3803281379,369800,0.0,1.0
2466,2006-10-19T00:00:00.000Z,23.77,24.21,23.73,23.95,417000,18.2650668829,18.6031665643,18.2343305482,18.4033803889,417000,0.0,1.0
2467,2006-10-20T00:00:00.000Z,23.78,23.95,23.59,23.85,271900,18.2727509665,18.4033803889,18.1267533768,18.3265395522,271900,0.0,1.0
2468,2006-10-23T00:00:00.000Z,23.84,23.97,23.57,23.63,505900,18.3188554686,18.4187485563,18.1113852095,18.1574897115,505900,0.0,1.0
2469,2006-10-24T00:00:00.000Z,23.95,23.98,23.7,23.85,343900,18.4033803889,18.4264326399,18.2112782972,18.3265395522,343900,0.0,1.0
2470,2006-10-25T00:00:00.000Z,23.97,24.15,23.56,24.0,282500,18.4187485563,18.5570620623,18.1037011258,18.4418008073,282500,0.0,1.0
2471,2006-10-26T00:00:00.000Z,24.26,24.26,23.77,24.1,362000,18.6415869827,18.6415869827,18.2650668829,18.518641644,362000,0.0,1.0
2472,2006-10-27T00:00:00.000Z,24.09,24.4,24.0,24.26,405600,18.5109575603,18.7491641541,18.4418008073,18.6415869827,405600,0.0,1.0
2473,2006-10-30T00:00:00.000Z,24.26,24.31,24.01,24.07,247100,18.6415869827,18.680007401,18.4494848909,18.495589393,247100,0.0,1.0
2474,2006-10-31T00:00:00.000Z,24.37,24.5,24.11,24.32,463400,18.7261119031,18.8260049908,18.5263257276,18.6876914847,463400,0.0,1.0
2475,2006-11-01T00:00:00.000Z,24.37,24.77,24.13,24.46,894700,18.7261119031,19.0334752498,18.541693895,18.7952686561,894700,0.0,1.0
2476,2006-11-02T00:00:00.000Z,24.49,24.57,24.13,24.25,416800,18.8183209071,18.8797935765,18.541693895,18.633902899,416800,0.0,1.0
2477,2006-11-03T00:00:00.000Z,24.86,24.88,24.48,24.59,503000,19.1026320029,19.1180001702,18.8106368234,18.8951617438,503000,0.0,1.0
2478,2006-11-06T00:00:00.000Z,24.95,25.11,24.77,24.97,368700,19.1717887559,19.2947340946,19.0334752498,19.1871569232,368700,0.0,1.0
2479,2006-11-07T00:00:00.000Z,25.46,25.64,24.85,24.92,455200,19.5636770231,19.7019905291,19.0949479192,19.1487365049,455200,0.0,1.0
2480,2006-11-08T00:00:00.000Z,25.48,25.59,25.11,25.31,394300,19.5790451904,19.6635701108,19.2947340946,19.448415768,394300,0.0,1.0
2481,2006-11-09T00:00:00.000Z,25.08,25.47,24.96,25.46,437700,19.2716818436,19.5713611067,19.1794728396,19.5636770231,437700,0.0,1.0
2482,2006-11-10T00:00:00.000Z,25.4,25.42,25.08,25.08,263100,19.517572521,19.5329406884,19.2716818436,19.2716818436,263100,0.0,1.0
2483,2006-11-13T00:00:00.000Z,25.2,25.4,25.07,25.33,316600,19.402311266,19.5562978633,19.3022199777,19.5024025543,316600,0.05,1.0
2484,2006-11-14T00:00:00.000Z,25.84,25.87,25.18,25.2,467400,19.8950683775,19.9181663671,19.3869126063,19.402311266,467400,0.0,1.0
2485,2006-11-15T00:00:00.000Z,26.04,26.15,25.71,25.77,509100,20.0490549749,20.1337476034,19.7949770892,19.8411730684,509100,0.0,1.0
2486,2006-11-16T00:00:00.000Z,26.34,26.36,25.97,26.14,395800,20.2800348709,20.2954335306,19.9951596658,20.1260482735,395800,0.0,1.0
2487,2006-11-17T00:00:00.000Z,26.62,26.63,26.08,26.4,605100,20.4956161072,20.503315437,20.0798522943,20.3262308501,605100,0.0,1.0
2488,2006-11-20T00:00:00.000Z,26.55,26.74,26.26,26.62,493600,20.4417207981,20.5880080656,20.2184402319,20.4956161072,493600,0.0,1.0
2489,2006-11-21T00:00:00.000Z,26.49,26.6,26.28,26.49,229500,20.3955248189,20.4802174474,20.2338388917,20.3955248189,229500,0.0,1.0
2490,2006-11-22T00:00:00.000Z,26.15,26.49,26.04,26.49,353100,20.1337476034,20.3955248189,20.0490549749,20.3955248189,353100,0.0,1.0
2491,2006-11-24T00:00:00.000Z,26.09,26.13,25.83,25.97,75400,20.0875516242,20.1183489437,19.8873690476,19.9951596658,75400,0.0,1.0
2492,2006-11-27T00:00:00.000Z,25.3,25.97,25.17,25.96,525600,19.4793045647,19.9951596658,19.3792132764,19.9874603359,525600,0.0,1.0
2493,2006-11-28T00:00:00.000Z,25.38,25.39,25.02,25.28,535800,19.5408992036,19.5485985335,19.2637233284,19.4639059049,535800,0.0,1.0
2494,2006-11-29T00:00:00.000Z,25.6,25.75,25.33,25.5,239900,19.7102844607,19.8257744087,19.5024025543,19.633291162,239900,0.0,1.0
2495,2006-11-30T00:00:00.000Z,25.74,25.89,25.31,25.61,424800,19.8180750788,19.9335650268,19.4870038945,19.7179837906,424800,0.0,1.0
2496,2006-12-01T00:00:00.000Z,25.56,25.73,25.18,25.66,376300,19.6794871412,19.810375749,19.3869126063,19.7564804399,376300,0.0,1.0
2497,2006-12-04T00:00:00.000Z,25.93,25.93,25.59,25.62,318800,19.9643623463,19.9643623463,19.7025851308,19.7256831204,318800,0.0,1.0
2498,2006-12-05T00:00:00.000Z,25.95,26.17,25.81,25.93,208400,19.9797610061,20.1491462631,19.8719703879,19.9643623463,208400,0.0,1.0
2499,2006-12-06T00:00:00.000Z,25.82,25.95,25.69,25.86,194300,19.8796697178,19.9797610061,19.7795784295,19.9104670372,194300,0.0,1.0
2500,2006-12-07T00:00:00.000Z,25.7,26.09,25.59,25.88,155500,19.7872777594,20.0875516242,19.7025851308,19.925865697,155500,0.0,1.0
2501,2006-12-08T00:00:00.000Z,25.7,25.9,25.45,25.7,215000,19.7872777594,19.9412643567,19.5947945127,19.7872777594,215000,0.0,1.0
2502,2006-12-11T00:00:00.000Z,25.61,25.75,25.5,25.65,223400,19.7179837906,19.8257744087,19.633291162,19.74878111,223400,0.0,1.0
2503,2006-12-12T00:00:00.000Z,26.23,26.4,25.95,26.21,493400,20.1953422423,20.3262308501,19.9797610061,20.1799435826,493400,0.0,1.0
2504,2006-12-13T00:00:00.000Z,26.29,26.5,26.19,26.38,369300,20.2415382215,20.4032241488,20.1645449229,20.3108321904,369300,0.0,1.0
2505,2006-12-14T00:00:00.000Z,26.4,26.75,26.27,26.3,269500,20.3262308501,20.5957073954,20.2261395618,20.2492375514,269500,0.0,1.0
2506,2006-12-15T00:00:00.000Z,26.22,26.53,26.22,26.4,392900,20.1876429125,20.4263221384,20.1876429125,20.3262308501,392900,0.0,1.0
2507,2006-12-18T00:00:00.000Z,25.91,26.42,25.8,26.23,243600,19.9489636866,20.3416295098,19.864271058,20.1953422423,243600,0.0,1.0
2508,2006-12-19T00:00:00.000Z,25.51,25.88,25.32,25.77,621200,19.6409904919,19.925865697,19.4947032244,19.8411730684,621200,0.0,1.0
2509,2006-12-20T00:00:00.000Z,25.51,25.82,25.28,25.52,637600,19.6409904919,19.8796697178,19.4639059049,19.6486898217,637600,0.0,1.0
2510,2006-12-21T00:00:00.000Z,25.27,25.7,25.08,25.53,505500,19.4562065751,19.7872777594,19.3099193076,19.6563891516,505500,0.0,1.0
2511,2006-12-22T00:00:00.000Z,25.16,25.38,25.1,25.25,257100,19.3715139465,19.5408992036,19.3253179673,19.4408079153,257100,0.0,1.0
2512,2006-12-26T00:00:00.000Z,25.49,25.6,25.1,25.1,207400,19.6255918321,19.7102844607,19.3253179673,19.3253179673,207400,0.0,1.0
2513,2006-12-27T00:00:00.000Z,25.64,25.8,25.49,25.55,204200,19.7410817802,19.864271058,19.6255918321,19.6717878114,204200,0.0,1.0
2514,2006-12-28T00:00:00.000Z,25.57,25.72,25.48,25.63,138500,19.6871864711,19.8026764191,19.6178925023,19.7333824503,138500,0.0,1.0
2515,2006-12-29T00:00:00.000Z,25.17,25.58,25.15,25.47,219000,19.3792132764,19.694885801,19.3638146167,19.6101931724,219000,0.0,1.0
2516,2007-01-03T00:00:00.000Z,25.64,26.05,25.33,25.33,725300,19.7410817802,20.0567543047,19.5024025543,19.5024025543,725300,0.0,1.0
2517,2007-01-04T00:00:00.000Z,25.54,25.6,25.21,25.57,313200,19.6640884815,19.7102844607,19.4100105959,19.6871864711,313200,0.0,1.0
2518,2007-01-05T00:00:00.000Z,24.99,25.54,24.64,24.64,310100,19.2406253388,19.6640884815,18.9711487934,18.9711487934,310100,0.0,1.0
2519,2007-01-08T00:00:00.000Z,24.88,25.01,24.64,24.98,218400,19.1559327102,19.2560239985,18.9711487934,19.2329260089,218400,0.0,1.0
2520,2007-01-09T00:00:00.000Z,24.95,25.09,24.25,24.89,268200,19.2098280193,19.3176186374,18.6708749286,19.1636320401,268200,0.0,1.0
2521,2007-01-10T00:00:00.000Z,24.84,25.02,24.65,24.75,200000,19.1251353908,19.2637233284,18.9788481233,19.055841422,200000,0.0,1.0
2522,2007-01-11T00:00:00.000Z,25.37,25.39,24.93,24.93,231900,19.5331998737,19.5485985335,19.1944293596,19.1944293596,231900,0.0,1.0
2523,2007-01-12T00:00:00.000Z,25.5,25.67,25.31,25.36,164800,19.633291162,19.7641797698,19.4870038945,19.5255005439,164800,0.0,1.0
2524,2007-01-16T00:00:00.000Z,25.35,25.72,25.3,25.52,223800,19.517801214,19.8026764191,19.4793045647,19.6486898217,223800,0.0,1.0
2525,2007-01-17T00:00:00.000Z,25.4,25.66,25.22,25.25,156800,19.5562978633,19.7564804399,19.4177099257,19.4408079153,156800,0.0,1.0
2526,2007-01-18T00:00:00.000Z,25.52,25.7,25.33,25.5,257200,19.6486898217,19.7872777594,19.5024025543,19.633291162,257200,0.0,1.0
2527,2007-01-19T00:00:00.000Z,25.63,25.67,25.32,25.52,153200,19.7333824503,19.7641797698,19.4947032244,19.6486898217,153200,0.0,1.0
2528,2007-01-22T00:00:00.000Z,25.32,25.62,25.15,25.61,197500,19.4947032244,19.7256831204,19.3638146167,19.7179837906,197500,0.0,1.0
2529,2007-01-23T00:00:00.000Z,25.35,25.66,25.16,25.26,230800,19.517801214,19.7564804399,19.3715139465,19.4485072452,230800,0.0,1.0
2530,2007-01-24T00:00:00.000Z,25.68,25.74,25.3,25.38,191600,19.7718790996,19.8180750788,19.4793045647,19.5408992036,191600,0.0,1.0
2531,2007-01-25T00:00:00.000Z,25.21,25.65,25.1,25.6,338300,19.4100105959,19.74878111,19.3253179673,19.7102844607,338300,0.0,1.0
2532,2007-01-26T00:00:00.000Z,25.3,25.37,25.1,25.3,334200,19.4793045647,19.5331998737,19.3253179673,19.4793045647,334200,0.0,1.0
2533,2007-01-29T00:00:00.000Z,25.63,25.83,25.25,25.25,249800,19.7333824503,19.8873690476,19.4408079153,19.4408079153,249800,0.0,1.0
2534,2007-01-30T00:00:00.000Z,25.71,25.76,25.43,25.68,169700,19.7949770892,19.8334737386,19.5793958529,19.7718790996,169700,0.0,1.0
2535,2007-01-31T00:00:00.000Z,25.84,26.0,25.0,25.6,382200,19.8950683775,20.0182576554,19.2483246686,19.7102844607,382200,0.0,1.0
2536,2007-02-01T00:00:00.000Z,26.02,26.28,25.83,25.93,251700,20.0336563151,20.2338388917,19.8873690476,19.9643623463,251700,0.0,1.0
2537,2007-02-02T00:00:00.000Z,26.3,26.6,26.04,26.13,398100,20.2492375514,20.4802174474,20.0490549749,20.1183489437,398100,0.0,1.0
2538,2007-02-05T00:00:00.000Z,26.12,26.26,25.93,26.26,233100,20.1106496138,20.2184402319,19.9643623463,20.2184402319,233100,0.0,1.0
2539,2007-02-06T00:00:00.000Z,26.27,26.3,26.05,26.2,214600,20.2261395618,20.2492375514,20.0567543047,20.1722442527,214600,0.0,1.0
2540,2007-02-07T00:00:00.000Z,26.4,26.43,26.06,26.27,206600,20.3262308501,20.3493288397,20.0644536346,20.2261395618,206600,0.0,1.0
2541,2007-02-08T00:00:00.000Z,26.48,26.53,26.25,26.33,225900,20.387825489,20.4263221384,20.2107409021,20.272335541,225900,0.0,1.0
2542,2007-02-09T00:00:00.000Z,26.26,26.51,26.13,26.46,380900,20.2569368813,20.4497866231,20.1566550155,20.4112166747,380900,0.05,1.0
2543,2007-02-12T00:00:00.000Z,26.48,26.55,26.09,26.36,194000,20.4266446541,20.4806425818,20.1257990568,20.334076778,194000,0.0,1.0
2544,2007-02-13T00:00:00.000Z,26.77,26.78,26.45,26.58,288300,20.6503503546,20.6580643443,20.4035026851,20.5037845508,288300,0.0,1.0
2545,2007-02-14T00:00:00.000Z,26.81,26.98,26.62,26.73,298000,20.6812063133,20.8123441377,20.5346405095,20.6194943959,298000,0.0,1.0
2546,2007-02-15T00:00:00.000Z,26.89,27.07,26.63,26.78,245500,20.7429182307,20.8817700448,20.5423544992,20.6580643443,245500,0.0,1.0
2547,2007-02-16T00:00:00.000Z,27.02,27.09,26.7,26.89,266900,20.8432000964,20.8971980241,20.5963524269,20.7429182307,266900,0.0,1.0
2548,2007-02-20T00:00:00.000Z,27.12,27.25,26.81,27.0,245800,20.9203399932,21.0206218589,20.6812063133,20.8277721171,245800,0.0,1.0
2549,2007-02-21T00:00:00.000Z,26.85,27.0,26.61,27.0,259200,20.712062272,20.8277721171,20.5269265198,20.8277721171,259200,0.0,1.0
2550,2007-02-22T00:00:00.000Z,27.15,27.19,26.7,26.85,444300,20.9434819622,20.9743379209,20.5963524269,20.712062272,444300,0.0,1.0
2551,2007-02-23T00:00:00.000Z,27.2,27.29,26.95,27.11,304300,20.9820519105,21.0514778176,20.7892021687,20.9126260035,304300,0.0,1.0
2552,2007-02-26T00:00:00.000Z,27.12,27.27,26.95,27.26,276500,20.9203399932,21.0360498383,20.7892021687,21.0283358486,276500,0.0,1.0
2553,2007-02-27T00:00:00.000Z,26.08,26.8,25.94,26.8,393700,20.1180850672,20.6734923236,20.0100892117,20.6734923236,393700,0.0,1.0
2554,2007-02-28T00:00:00.000Z,25.88,26.09,25.46,26.01,389000,19.9638052737,20.1257990568,19.6398177074,20.0640871395,389000,0.0,1.0
2555,2007-03-01T00:00:00.000Z,25.87,26.06,25.3,25.5,337300,19.956091284,20.1026570878,19.5163938727,19.6706736661,337300,0.0,1.0
2556,2007-03-02T00:00:00.000Z,25.34,25.85,25.3,25.8,400500,19.5472498314,19.9406633047,19.5163938727,19.9020933563,400500,0.0,1.0
2557,2007-03-05T00:00:00.000Z,24.65,25.46,24.65,25.04,510700,19.0149845439,19.6398177074,19.0149845439,19.3158301412,510700,0.0,1.0
2558,2007-03-06T00:00:00.000Z,25.01,25.18,24.7,24.71,374900,19.2926881722,19.4238259966,19.0535544923,19.061268482,374900,0.0,1.0
2559,2007-03-07T00:00:00.000Z,25.24,25.33,24.81,24.94,357700,19.4701099346,19.5395358417,19.1384083787,19.2386902444,357700,0.0,1.0
2560,2007-03-08T00:00:00.000Z,25.32,25.59,25.24,25.35,256800,19.531821852,19.7400995732,19.4701099346,19.554963821,256800,0.0,1.0
2561,2007-03-09T00:00:00.000Z,25.55,25.69,25.3,25.56,286100,19.7092436145,19.8172394699,19.5163938727,19.7169576042,286100,0.0,1.0
2562,2007-03-12T00:00:00.000Z,25.54,25.63,25.34,25.48,204200,19.7015296248,19.7709555319,19.5472498314,19.6552456868,204200,0.0,1.0
2563,2007-03-13T00:00:00.000Z,25.04,25.45,25.0,25.38,226500,19.3158301412,19.6321037178,19.2849741825,19.5781057901,226500,0.0,1.0
2564,2007-03-14T00:00:00.000Z,25.37,25.46,24.86,25.01,325700,19.5703918004,19.6398177074,19.1769783271,19.2926881722,325700,0.0,1.0
2565,2007-03-15T00:00:00.000Z,25.65,25.69,25.36,25.39,269500,19.7863835112,19.8172394699,19.5626778107,19.5858197797,269500,0.0,1.0
2566,2007-03-16T00:00:00.000Z,25.7,25.78,25.23,25.66,847100,19.8249534596,19.886665377,19.462395945,19.7940975009,847100,0.0,1.0
2567,2007-03-19T00:00:00.000Z,25.9,25.94,25.7,25.8,240700,19.9792332531,20.0100892117,19.8249534596,19.9020933563,240700,0.0,1.0
2568,2007-03-20T00:00:00.000Z,26.07,26.07,25.76,25.85,211200,20.1103710775,20.1103710775,19.8712373976,19.9406633047,211200,0.0,1.0
2569,2007-03-21T00:00:00.000Z,26.5,26.5,26.0,26.19,353900,20.4420726334,20.4420726334,20.0563731498,20.2029389536,353900,0.0,1.0
2570,2007-03-22T00:00:00.000Z,26.68,26.68,26.34,26.59,254700,20.5809244475,20.5809244475,20.3186487987,20.5114985405,254700,0.0,1.0
2571,2007-03-23T00:00:00.000Z,26.63,26.71,26.54,26.66,179400,20.5423544992,20.6040664166,20.4729285921,20.5654964682,179400,0.0,1.0
2572,2007-03-26T00:00:00.000Z,26.79,26.81,26.35,26.63,244200,20.6657783339,20.6812063133,20.3263627883,20.5423544992,244200,0.0,1.0
2573,2007-03-27T00:00:00.000Z,26.61,26.73,26.55,26.73,194700,20.5269265198,20.6194943959,20.4806425818,20.6194943959,194700,0.0,1.0
2574,2007-03-28T00:00:00.000Z,26.37,26.51,26.21,26.48,800500,20.3417907677,20.4497866231,20.2183669329,20.4266446541,800500,0.0,1.0
2575,2007-03-29T00:00:00.000Z,26.49,26.63,26.26,26.5,211400,20.4343586438,20.5423544992,20.2569368813,20.4420726334,211400,0.0,1.0
2576,2007-03-30T00:00:00.000Z,26.56,26.73,26.29,26.53,385200,20.4883565715,20.6194943959,20.2800788503,20.4652146024,385200,0.0,1.0
2577,2007-04-02T00:00:00.000Z,26.77,26.77,26.4,26.64,215000,20.6503503546,20.6503503546,20.3649327367,20.5500684889,215000,0.0,1.0
2578,2007-04-03T00:00:00.000Z,27.17,27.21,26.85,26.86,233400,20.9589099415,20.9897659002,20.712062272,20.7197762617,233400,0.0,1.0
2579,2007-04-04T00:00:00.000Z,27.29,27.34,27.01,27.18,201800,21.0514778176,21.090047766,20.8354861068,20.9666239312,201800,0.0,1.0
2580,2007-04-05T00:00:00.000Z,27.29,27.4,27.1,27.3,178600,21.0514778176,21.136331704,20.9049120138,21.0591918073,178600,0.0,1.0
2581,2007-04-09T00:00:00.000Z,27.07,27.44,26.91,27.26,207800,20.8817700448,21.1671876627,20.75834621,21.0283358486,207800,0.0,1.0
2582,2007-04-10T00:00:00.000Z,27.27,27.47,27.05,27.05,158700,21.0360498383,21.1903296317,20.8663420654,20.8663420654,158700,0.0,1.0
2583,2007-04-11T00:00:00.000Z,26.65,27.25,26.51,27.25,361900,20.5577824785,21.0206218589,20.4497866231,21.0206218589,361900,0.0,1.0
2584,2007-04-12T00:00:00.000Z,26.78,26.8,26.41,26.55,279300,20.6580643443,20.6734923236,20.3726467264,20.4806425818,279300,0.0,1.0
2585,2007-04-13T00:00:00.000Z,26.79,26.86,26.66,26.75,664600,20.6657783339,20.7197762617,20.5654964682,20.6349223753,664600,0.0,1.0
2586,2007-04-16T00:00:00.000Z,27.22,27.28,26.79,26.85,221400,20.9974798899,21.0437638279,20.6657783339,20.712062272,221400,0.0,1.0
2587,2007-04-17T00:00:00.000Z,27.1,27.29,26.97,27.2,156400,20.9049120138,21.0514778176,20.8046301481,20.9820519105,156400,0.0,1.0
2588,2007-04-18T00:00:00.000Z,26.48,26.95,26.45,26.95,299600,20.4266446541,20.7892021687,20.4035026851,20.7892021687,299600,0.0,1.0
2589,2007-04-19T00:00:00.000Z,26.49,26.59,25.86,26.28,362400,20.4343586438,20.5114985405,19.9483772944,20.2723648606,362400,0.0,1.0
2590,2007-04-20T00:00:00.000Z,26.59,26.75,26.5,26.55,398300,20.5114985405,20.6349223753,20.4420726334,20.4806425818,398300,0.0,1.0
2591,2007-04-23T00:00:00.000Z,26.52,26.58,26.34,26.52,281200,20.4575006128,20.5037845508,20.3186487987,20.4575006128,281200,0.0,1.0
2592,2007-04-24T00:00:00.000Z,26.55,26.62,26.24,26.52,299500,20.4806425818,20.5346405095,20.2415089019,20.4575006128,299500,0.0,1.0
2593,2007-04-25T00:00:00.000Z,26.73,26.95,26.62,26.71,263300,20.6194943959,20.7892021687,20.5346405095,20.6040664166,263300,0.0,1.0
2594,2007-04-26T00:00:00.000Z,26.68,26.82,26.51,26.65,135500,20.5809244475,20.688920303,20.4497866231,20.5577824785,135500,0.0,1.0
2595,2007-04-27T00:00:00.000Z,26.48,26.64,26.36,26.64,149800,20.4266446541,20.5500684889,20.334076778,20.5500684889,149800,0.0,1.0
2596,2007-04-30T00:00:00.000Z,25.56,26.57,25.53,26.57,364500,19.7169576042,20.4960705611,19.6938156351,20.4960705611,364500,0.0,1.0
2597,2007-05-01T00:00:00.000Z,25.75,25.97,25.45,25.67,461500,19.863523408,20.0332311808,19.6321037178,19.8018114906,461500,0.0,1.0
2598,2007-05-02T00:00:00.000Z,26.43,26.53,25.82,26.24,350100,20.3880747057,20.4652146024,19.9175213357,20.2415089019,350100,0.0,1.0
2599,2007-05-03T00:00:00.000Z,26.23,26.47,26.2,26.43,342000,20.2337949123,20.4189306644,20.2106529432,20.3880747057,342000,0.0,1.0
2600,2007-05-04T00:00:00.000Z,26.45,26.45,26.11,26.25,203900,20.4035026851,20.4035026851,20.1412270362,20.2492228916,203900,0.0,1.0
2601,2007-05-07T00:00:00.000Z,26.81,26.86,26.39,26.48,370500,20.6812063133,20.7197762617,20.357218747,20.4266446541,370500,0.0,1.0
2602,2007-05-08T00:00:00.000Z,26.9,27.01,25.23,25.25,726000,20.7506322203,20.8354861068,19.462395945,19.4778239243,726000,0.0,1.0
2603,2007-05-09T00:00:00.000Z,27.58,27.75,26.85,26.86,472500,21.2751835181,21.4063213426,20.712062272,20.7197762617,472500,0.0,1.0
2604,2007-05-10T00:00:00.000Z,27.61,28.0,27.32,27.58,716800,21.2983254871,21.5991710844,21.0746197866,21.2751835181,716800,0.0,1.0
2605,2007-05-11T00:00:00.000Z,27.86,27.94,27.43,27.75,435500,21.491175229,21.5528871463,21.159473673,21.4063213426,435500,0.0,1.0
2606,2007-05-14T00:00:00.000Z,27.47,27.9,27.36,27.85,307400,21.2288995801,21.5612048884,21.1438912454,21.5225647363,307400,0.05,1.0
2607,2007-05-15T00:00:00.000Z,27.43,27.84,27.23,27.5,428200,21.1979874584,21.5148367058,21.0434268499,21.2520836714,428200,0.0,1.0
2608,2007-05-16T00:00:00.000Z,27.78,27.78,27.25,27.48,321800,21.4684685233,21.4684685233,21.0588829107,21.2366276105,321800,0.0,1.0
2609,2007-05-17T00:00:00.000Z,27.59,27.78,27.51,27.6,308100,21.3216359452,21.4684685233,21.2598117018,21.3293639756,308100,0.0,1.0
2610,2007-05-18T00:00:00.000Z,27.99,28.0,27.3,27.59,475100,21.6307571622,21.6384851927,21.0975230628,21.3216359452,475100,0.0,1.0
2611,2007-05-21T00:00:00.000Z,28.42,28.52,27.85,27.9,655400,21.9630624705,22.0403427748,21.5225647363,21.5612048884,655400,0.0,1.0
2612,2007-05-22T00:00:00.000Z,28.85,29.02,28.35,28.45,605500,22.2953677789,22.4267442961,21.9089662576,21.9862465618,605500,0.0,1.0
2613,2007-05-23T00:00:00.000Z,28.96,29.17,28.8,28.93,1557700,22.3803761135,22.5426647525,22.2567276267,22.3571920223,1557700,0.0,1.0
2614,2007-05-24T00:00:00.000Z,29.0,29.74,28.94,28.96,908900,22.4112882352,22.9831624868,22.3649200527,22.3803761135,908900,0.0,1.0
2615,2007-05-25T00:00:00.000Z,29.01,29.47,28.85,29.1,405000,22.4190162657,22.7745056653,22.2953677789,22.4885685395,405000,0.0,1.0
2616,2007-05-29T00:00:00.000Z,29.85,29.88,29.07,29.17,676100,23.0681708215,23.0913549127,22.4653844482,22.5426647525,676100,0.0,1.0
2617,2007-05-30T00:00:00.000Z,29.97,29.97,29.5,29.7,761400,23.1609071866,23.1609071866,22.7976897565,22.9522503651,761400,0.0,1.0
2618,2007-05-31T00:00:00.000Z,30.07,30.25,29.83,29.97,539700,23.2381874908,23.3772920385,23.0527147606,23.1609071866,539700,0.0,1.0
2619,2007-06-01T00:00:00.000Z,30.28,30.43,30.14,30.2,387300,23.4004761298,23.5163965862,23.2922837038,23.3386518864,387300,0.0,1.0
2620,2007-06-04T00:00:00.000Z,30.1,30.53,30.08,30.25,835400,23.2613715821,23.5936768904,23.2459155212,23.3772920385,835400,0.0,1.0
2621,2007-06-05T00:00:00.000Z,29.67,30.04,29.56,30.04,564100,22.9290662738,23.2150033995,22.8440579391,23.2150033995,564100,0.0,1.0
2622,2007-06-06T00:00:00.000Z,29.73,29.84,29.29,29.5,524500,22.9754344563,23.060442791,22.6354011176,22.7976897565,524500,0.0,1.0
2623,2007-06-07T00:00:00.000Z,29.35,29.76,29.28,29.59,616900,22.6817693002,22.9986185476,22.6276730872,22.8672420304,616900,0.0,1.0
2624,2007-06-08T00:00:00.000Z,29.69,29.77,28.89,29.27,716500,22.9445223346,23.006346578,22.3262799006,22.6199450567,716500,0.0,1.0
2625,2007-06-11T00:00:00.000Z,29.5,29.74,29.4,29.6,487200,22.7976897565,22.9831624868,22.7204094523,22.8749700608,487200,0.0,1.0
2626,2007-06-12T00:00:00.000Z,29.42,29.89,29.2,29.35,552000,22.7358655131,23.0990829432,22.5658488438,22.6817693002,552000,0.0,1.0
2627,2007-06-13T00:00:00.000Z,29.88,30.0,29.2,29.48,378800,23.0913549127,23.1840912778,22.5658488438,22.7822336957,378800,0.0,1.0
2628,2007-06-14T00:00:00.000Z,29.96,30.23,29.87,29.88,315600,23.1531791561,23.3618359776,23.0836268823,23.0913549127,315600,0.0,1.0
2629,2007-06-15T00:00:00.000Z,30.29,31.0,30.21,30.86,753500,23.4082041602,23.9568943204,23.3463799168,23.8487018945,753500,0.0,1.0
2630,2007-06-18T00:00:00.000Z,30.44,30.64,30.12,30.35,387900,23.5241246166,23.6786852251,23.276827643,23.4545723427,387900,0.0,1.0
2631,2007-06-19T00:00:00.000Z,30.74,30.93,30.05,30.38,359800,23.7559655294,23.9027981075,23.22273143,23.477756434,359800,0.0,1.0
2632,2007-06-20T00:00:00.000Z,30.71,31.14,30.54,30.8,521000,23.7327814381,24.0650867464,23.6014049208,23.8023337119,521000,0.0,1.0
2633,2007-06-21T00:00:00.000Z,30.7,30.92,30.33,30.61,229500,23.7250534077,23.895070077,23.4391162819,23.6555011338,229500,0.0,1.0
2634,2007-06-22T00:00:00.000Z,30.52,30.97,30.51,30.7,865600,23.58594886,23.9337102292,23.5782208296,23.7250534077,865600,0.0,1.0
2635,2007-06-25T00:00:00.000Z,30.21,30.83,30.14,30.53,502500,23.3463799168,23.8255178032,23.2922837038,23.5936768904,502500,0.0,1.0
2636,2007-06-26T00:00:00.000Z,30.37,30.52,30.15,30.39,565700,23.4700284036,23.58594886,23.3000117342,23.4854844645,565700,0.0,1.0
2637,2007-06-27T00:00:00.000Z,31.21,31.22,30.01,30.15,373900,24.1191829594,24.1269109898,23.1918193083,23.3000117342,373900,0.0,1.0
2638,2007-06-28T00:00:00.000Z,31.17,31.71,31.1,31.22,569400,24.0882708377,24.5055844807,24.0341746247,24.1269109898,569400,0.0,1.0
2639,2007-06-29T00:00:00.000Z,30.6,31.38,30.56,31.3,393900,23.6477731034,24.2505594766,23.6168609817,24.1887352332,393900,0.0,1.0
2640,2007-07-02T00:00:00.000Z,30.98,30.98,30.73,30.8,705500,23.9414382596,23.9414382596,23.7482374989,23.8023337119,705500,0.0,1.0
2641,2007-07-03T00:00:00.000Z,30.77,31.15,30.72,31.1,256400,23.7791496206,24.0728147768,23.7405094685,24.0341746247,256400,0.0,1.0
2642,2007-07-05T00:00:00.000Z,30.6,30.85,30.37,30.71,635100,23.6477731034,23.840973864,23.4700284036,23.7327814381,635100,0.0,1.0
2643,2007-07-06T00:00:00.000Z,30.63,30.85,30.33,30.63,581700,23.6709571947,23.840973864,23.4391162819,23.6709571947,581700,0.0,1.0
2644,2007-07-09T00:00:00.000Z,30.92,30.94,30.4,30.72,542300,23.895070077,23.9105261379,23.4932124949,23.7405094685,542300,0.0,1.0
2645,2007-07-10T00:00:00.000Z,30.08,30.72,30.05,30.72,387700,23.2459155212,23.7405094685,23.22273143,23.7405094685,387700,0.0,1.0
2646,2007-07-11T00:00:00.000Z,30.27,30.27,29.94,29.98,412500,23.3927480993,23.3927480993,23.1377230953,23.168635217,412500,0.0,1.0
2647,2007-07-12T00:00:00.000Z,30.48,30.56,30.21,30.4,547900,23.5550367383,23.6168609817,23.3463799168,23.4932124949,547900,0.0,1.0
2648,2007-07-13T00:00:00.000Z,30.59,30.63,30.2,30.4,345300,23.640045073,23.6709571947,23.3386518864,23.4932124949,345300,0.0,1.0
2649,2007-07-16T00:00:00.000Z,30.46,30.98,30.39,30.47,376900,23.5395806774,23.9414382596,23.4854844645,23.5473087079,376900,0.0,1.0
2650,2007-07-17T00:00:00.000Z,30.54,30.91,30.42,30.54,445600,23.6014049208,23.8873420466,23.5086685557,23.6014049208,445600,0.0,1.0
2651,2007-07-18T00:00:00.000Z,30.66,30.72,30.09,30.44,712000,23.694141286,23.7405094685,23.2536435517,23.5241246166,712000,0.0,1.0
2652,2007-07-19T00:00:00.000Z,30.38,30.76,30.36,30.71,460200,23.477756434,23.7714215902,23.4623003732,23.7327814381,460200,0.0,1.0
2653,2007-07-20T00:00:00.000Z,29.92,30.39,29.77,30.31,822500,23.1222670344,23.4854844645,23.006346578,23.423660221,822500,0.0,1.0
2654,2007-07-23T00:00:00.000Z,30.1,30.25,29.95,30.0,787900,23.2613715821,23.3772920385,23.1454511257,23.1840912778,787900,0.0,1.0
2655,2007-07-24T00:00:00.000Z,29.1,29.83,28.97,29.7,570400,22.4885685395,23.0527147606,22.388104144,22.9522503651,570400,0.0,1.0
2656,2007-07-25T00:00:00.000Z,29.29,29.98,29.05,29.1,773000,22.6354011176,23.168635217,22.4499283874,22.4885685395,773000,0.0,1.0
2657,2007-07-26T00:00:00.000Z,28.43,28.72,28.03,28.56,1353100,21.970790501,22.1949033833,21.6616692839,22.0712548965,1353100,0.0,1.0
2658,2007-07-27T00:00:00.000Z,27.68,28.56,27.67,28.29,656700,21.391188219,22.0712548965,21.3834601886,21.862598075,656700,0.0,1.0
2659,2007-07-30T00:00:00.000Z,28.22,28.33,27.13,27.71,987700,21.808501862,21.8935101967,20.9661465456,21.4143723103,987700,0.0,1.0
2660,2007-07-31T00:00:00.000Z,27.35,28.45,27.31,28.45,839800,21.136163215,21.9862465618,21.1052510933,21.9862465618,839800,0.0,1.0
2661,2007-08-01T00:00:00.000Z,27.71,27.78,26.89,27.18,642100,21.4143723103,21.4684685233,20.7806738154,21.0047866977,642100,0.0,1.0
2662,2007-08-02T00:00:00.000Z,28.06,28.12,27.59,27.73,588300,21.6848533752,21.7312215578,21.3216359452,21.4298283712,588300,0.0,1.0
2663,2007-08-03T00:00:00.000Z,27.2,28.05,27.15,28.0,800100,21.0202427586,21.6771253448,20.9816026064,21.6384851927,800100,0.0,1.0
2664,2007-08-06T00:00:00.000Z,27.71,27.87,26.8,27.27,689400,21.4143723103,21.5380207971,20.7111215415,21.0743389716,689400,0.0,1.0
2665,2007-08-07T00:00:00.000Z,27.43,27.82,26.93,27.54,747900,21.1979874584,21.499380645,20.8115859371,21.2829957931,747900,0.0,1.0
2666,2007-08-08T00:00:00.000Z,27.81,28.31,26.95,27.71,977700,21.4916526146,21.8780541359,20.8270419979,21.4143723103,977700,0.0,1.0
2667,2007-08-09T00:00:00.000Z,26.75,27.41,25.45,27.02,1056100,20.6724813894,21.1825313975,19.667837434,20.8811382109,1056100,0.0,1.0
2668,2007-08-10T00:00:00.000Z,28.72,29.21,26.11,26.35,1425300,22.1949033833,22.5735768742,20.1778874421,20.3633601724,1425300,0.0,1.0
2669,2007-08-13T00:00:00.000Z,28.36,29.1,28.26,28.99,637200,21.9630624705,22.5361466112,21.8856186678,22.4509584281,637200,0.06,1.0
2670,2007-08-14T00:00:00.000Z,27.65,28.99,27.65,28.52,714200,21.4132114707,22.4509584281,21.4132114707,22.086972555,714200,0.0,1.0
2671,2007-08-15T00:00:00.000Z,27.5,28.4,27.42,27.69,618100,21.2970457666,21.9940399917,21.2350907243,21.4441889919,618100,0.0,1.0
2672,2007-08-16T00:00:00.000Z,27.97,28.31,27.08,27.5,839500,21.6610316397,21.9243405691,20.9717817949,21.2970457666,839500,0.0,1.0
2673,2007-08-17T00:00:00.000Z,28.18,29.49,27.89,29.49,918800,21.8236636255,22.838177442,21.5990765974,22.838177442,918800,0.0,1.0
2674,2007-08-20T00:00:00.000Z,28.03,28.32,27.71,27.77,562700,21.7074979213,21.9320849494,21.4596777524,21.5061440341,562700,0.0,1.0
2675,2007-08-21T00:00:00.000Z,27.99,28.22,27.74,27.89,500200,21.6765204002,21.8546411466,21.4829108933,21.5990765974,500200,0.0,1.0
2676,2007-08-22T00:00:00.000Z,28.26,28.4,27.92,28.25,544800,21.8856186678,21.9940399917,21.6223097383,21.8778742875,544800,0.0,1.0
2677,2007-08-23T00:00:00.000Z,27.99,28.34,27.73,28.29,511400,21.6765204002,21.94757371,21.475166513,21.9088518086,511400,0.0,1.0
2678,2007-08-24T00:00:00.000Z,28.17,28.17,27.85,27.87,488900,21.8159192452,21.8159192452,21.5680990763,21.5835878369,488900,0.0,1.0
2679,2007-08-27T00:00:00.000Z,27.98,28.09,27.86,28.04,390600,21.6687760199,21.753964203,21.5758434566,21.7152423016,390600,0.0,1.0
2680,2007-08-28T00:00:00.000Z,27.51,28.0,27.48,27.77,352100,21.3047901468,21.6842647805,21.281557006,21.5061440341,352100,0.0,1.0
2681,2007-08-29T00:00:00.000Z,28.14,28.22,27.52,27.67,297300,21.7926861044,21.8546411466,21.3125345271,21.4287002313,297300,0.0,1.0
2682,2007-08-30T00:00:00.000Z,27.93,28.13,27.76,27.81,399300,21.6300541186,21.7849417241,21.4983996538,21.5371215552,399300,0.0,1.0
2683,2007-08-31T00:00:00.000Z,28.07,28.2,27.79,28.15,442900,21.7384754425,21.8391523861,21.5216327947,21.8004304847,442900,0.0,1.0
2684,2007-09-04T00:00:00.000Z,28.07,28.22,27.93,28.0,322600,21.7384754425,21.8546411466,21.6300541186,21.6842647805,322600,0.0,1.0
2685,2007-09-05T00:00:00.000Z,27.26,27.94,27.25,27.77,556600,21.1111806399,21.6377984988,21.1034362596,21.5061440341,556600,0.0,1.0
2686,2007-09-06T00:00:00.000Z,27.37,27.4,27.05,27.27,327100,21.1963688229,21.2196019638,20.948548654,21.1189250202,327100,0.0,1.0
2687,2007-09-07T00:00:00.000Z,26.78,27.33,26.68,26.96,447600,20.7394503865,21.1653913018,20.6620065837,20.8788492315,447600,0.0,1.0
2688,2007-09-10T00:00:00.000Z,26.94,27.16,26.38,26.95,389000,20.863360471,21.0337368371,20.4296751753,20.8711048512,389000,0.0,1.0
2689,2007-09-11T00:00:00.000Z,26.94,27.1,26.58,27.0,687800,20.863360471,20.9872705554,20.5845627809,20.9098267526,687800,0.0,1.0
2690,2007-09-12T00:00:00.000Z,27.23,27.49,26.83,26.83,714200,21.087947499,21.2893013863,20.7781722879,20.7781722879,714200,0.0,1.0
2691,2007-09-13T00:00:00.000Z,26.82,27.42,26.8,27.39,582300,20.7704279076,21.2350907243,20.7549391471,21.2118575835,582300,0.0,1.0
2692,2007-09-14T00:00:00.000Z,26.86,26.95,26.4,26.63,446400,20.8014054287,20.8711048512,20.4451639359,20.6232846823,446400,0.0,1.0
2693,2007-09-17T00:00:00.000Z,26.11,26.85,26.11,26.84,231100,20.2205769078,20.7936610484,20.2205769078,20.7859166682,231100,0.0,1.0
2694,2007-09-18T00:00:00.000Z,27.23,27.23,26.27,26.27,439700,21.087947499,21.087947499,20.3444869923,20.3444869923,439700,0.0,1.0
2695,2007-09-19T00:00:00.000Z,27.23,27.64,27.15,27.5,509000,21.087947499,21.4054670905,21.0259924568,21.2970457666,509000,0.0,1.0
2696,2007-09-20T00:00:00.000Z,26.98,27.25,26.81,27.11,339500,20.8943379921,21.1034362596,20.7626835273,20.9950149357,339500,0.0,1.0
2697,2007-09-21T00:00:00.000Z,27.03,27.24,26.45,27.24,775000,20.9330598935,21.0956918793,20.4838858373,21.0956918793,775000,0.0,1.0
2698,2007-09-24T00:00:00.000Z,26.6,27.14,26.52,27.1,373700,20.6000515415,21.0182480765,20.5380964993,20.9872705554,373700,0.0,1.0
2699,2007-09-25T00:00:00.000Z,26.77,26.86,26.4,26.43,280800,20.7317060062,20.8014054287,20.4451639359,20.4683970767,280800,0.0,1.0
2700,2007-09-26T00:00:00.000Z,27.25,27.47,26.89,27.01,239900,21.1034362596,21.2738126257,20.8246385696,20.9175711329,239900,0.0,1.0
2701,2007-09-27T00:00:00.000Z,27.66,27.78,27.27,27.4,341100,21.420955851,21.5138884144,21.1189250202,21.2196019638,341100,0.0,1.0
2702,2007-09-28T00:00:00.000Z,27.33,27.79,27.29,27.62,361200,21.1653913018,21.5216327947,21.1344137807,21.3899783299,361200,0.0,1.0
2703,2007-10-01T00:00:00.000Z,27.9,27.99,27.4,27.4,464200,21.6068209777,21.6765204002,21.2196019638,21.2196019638,464200,0.0,1.0
2704,2007-10-02T00:00:00.000Z,28.06,28.1,27.74,27.94,257800,21.7307310622,21.7617085833,21.4829108933,21.6377984988,257800,0.0,1.0
2705,2007-10-03T00:00:00.000Z,28.13,28.3,27.75,27.89,313900,21.7849417241,21.9165961889,21.4906552735,21.5990765974,313900,0.0,1.0
2706,2007-10-04T00:00:00.000Z,28.59,28.75,28.13,28.13,335400,22.141183217,22.2650933014,21.7849417241,21.7849417241,335400,0.0,1.0
2707,2007-10-05T00:00:00.000Z,29.26,29.46,28.61,28.87,310300,22.6600566956,22.8149443012,22.1566719775,22.3580258648,310300,0.0,1.0
2708,2007-10-08T00:00:00.000Z,29.13,29.33,29.0,29.28,170600,22.559379752,22.7142673576,22.4587028084,22.6755454562,170600,0.0,1.0
2709,2007-10-09T00:00:00.000Z,29.28,29.28,28.82,29.17,167000,22.6755454562,22.6755454562,22.3193039634,22.5903572731,167000,0.0,1.0
2710,2007-10-10T00:00:00.000Z,29.05,29.18,28.9,29.13,178000,22.4974247098,22.5981016534,22.3812590056,22.559379752,178000,0.0,1.0
2711,2007-10-11T00:00:00.000Z,28.57,29.41,28.27,29.1,347200,22.1256944564,22.7762223998,21.893363048,22.5361466112,347200,0.0,1.0
2712,2007-10-12T00:00:00.000Z,28.56,29.03,28.45,28.53,191400,22.1179500761,22.4819359492,22.032761893,22.0947169353,191400,0.0,1.0
2713,2007-10-15T00:00:00.000Z,28.32,28.65,27.82,28.51,338700,21.9320849494,22.1876494986,21.5448659355,22.0792281747,338700,0.0,1.0
2714,2007-10-16T00:00:00.000Z,28.17,28.55,28.02,28.35,182100,21.8159192452,22.1102056958,21.6997535411,21.9553180903,182100,0.0,1.0
2715,2007-10-17T00:00:00.000Z,28.29,28.69,27.82,28.63,250000,21.9088518086,22.2186270197,21.5448659355,22.1721607381,250000,0.0,1.0
2716,2007-10-18T00:00:00.000Z,28.32,28.48,28.11,28.24,232500,21.9320849494,22.0559950339,21.7694529636,21.8701299072,232500,0.0,1.0
2717,2007-10-19T00:00:00.000Z,27.51,28.45,27.45,28.25,363400,21.3047901468,22.032761893,21.2583238652,21.8778742875,363400,0.0,1.0
2718,2007-10-22T00:00:00.000Z,28.01,28.26,27.25,27.33,566900,21.6920091608,21.8856186678,21.1034362596,21.1653913018,566900,0.0,1.0
2719,2007-10-23T00:00:00.000Z,27.68,28.16,27.4,28.06,390800,21.4364446116,21.808174865,21.2196019638,21.7307310622,390800,0.0,1.0
2720,2007-10-24T00:00:00.000Z,27.56,27.75,26.75,27.46,551200,21.3435120482,21.4906552735,20.7162172457,21.2660682455,551200,0.0,1.0
2721,2007-10-25T00:00:00.000Z,27.48,27.98,27.37,27.68,475800,21.281557006,21.6687760199,21.1963688229,21.4364446116,475800,0.0,1.0
2722,2007-10-26T00:00:00.000Z,28.38,28.44,27.8,27.85,529300,21.9785512311,22.0250175128,21.5293771749,21.5680990763,529300,0.0,1.0
2723,2007-10-29T00:00:00.000Z,28.93,29.25,28.67,28.69,569800,22.4044921464,22.6523123153,22.2031382592,22.2186270197,569800,0.0,1.0
2724,2007-10-30T00:00:00.000Z,28.93,29.4,28.76,29.2,558500,22.4044921464,22.7684780195,22.2728376817,22.613590414,558500,0.0,1.0
2725,2007-10-31T00:00:00.000Z,29.04,29.12,28.55,28.95,508400,22.4896803295,22.5516353717,22.1102056958,22.419980907,508400,0.0,1.0
2726,2007-11-01T00:00:00.000Z,27.45,28.75,27.4,28.7,651200,21.2583238652,22.2650933014,21.2196019638,22.2263714,651200,0.0,1.0
2727,2007-11-02T00:00:00.000Z,27.62,27.86,26.93,27.5,417200,21.3899783299,21.5758434566,20.8556160907,21.2970457666,417200,0.0,1.0
2728,2007-11-05T00:00:00.000Z,27.28,27.55,26.95,27.55,438300,21.1266694004,21.335767668,20.8711048512,21.335767668,438300,0.0,1.0
2729,2007-11-06T00:00:00.000Z,27.8,27.84,26.62,27.3,534300,21.5293771749,21.560354696,20.615540302,21.142158161,534300,0.0,1.0
2730,2007-11-07T00:00:00.000Z,26.74,27.74,26.73,27.74,807500,20.7084728654,21.4829108933,20.7007284851,21.4829108933,807500,0.0,1.0
2731,2007-11-08T00:00:00.000Z,27.27,27.37,26.52,26.96,604900,21.1189250202,21.1963688229,20.5380964993,20.8788492315,604900,0.0,1.0
2732,2007-11-09T00:00:00.000Z,27.05,27.47,26.7,27.01,510800,20.9950149357,21.3210003802,20.7233603986,20.9639687029,510800,0.06,1.0
2733,2007-11-12T00:00:00.000Z,27.45,27.81,26.9,26.98,703800,21.3054772638,21.584893359,20.8785915627,20.9406840283,703800,0.0,1.0
2734,2007-11-13T00:00:00.000Z,27.79,27.81,27.51,27.69,452900,21.5693702426,21.584893359,21.352046613,21.4917546606,452900,0.0,1.0
2735,2007-11-14T00:00:00.000Z,27.49,27.96,27.35,27.9,513300,21.3365234966,21.7013167321,21.2278616817,21.6547473828,513300,0.0,1.0
2736,2007-11-15T00:00:00.000Z,27.05,27.71,26.95,27.4,551800,20.9950149357,21.507277777,20.9173993537,21.2666694728,551800,0.0,1.0
2737,2007-11-16T00:00:00.000Z,27.31,27.4,26.91,27.04,835700,21.1968154489,21.2666694728,20.8863531209,20.9872533775,835700,0.0,1.0
2738,2007-11-19T00:00:00.000Z,27.12,27.35,27.0,27.07,408600,21.0493458431,21.2278616817,20.9562071447,21.0105380521,408600,0.0,1.0
2739,2007-11-20T00:00:00.000Z,27.34,27.49,26.87,27.02,519200,21.2201001235,21.3365234966,20.8553068881,20.9717302611,519200,0.0,1.0
2740,2007-11-21T00:00:00.000Z,26.92,27.45,26.92,27.1,482100,20.8941146791,21.3054772638,20.8941146791,21.0338227267,482100,0.0,1.0
2741,2007-11-23T00:00:00.000Z,27.29,27.38,26.91,27.03,78500,21.1812923325,21.2511463564,20.8863531209,20.9794918193,78500,0.0,1.0
2742,2007-11-26T00:00:00.000Z,26.76,27.28,26.76,27.19,626300,20.7699297478,21.1735307743,20.7699297478,21.1036767505,626300,0.0,1.0
2743,2007-11-27T00:00:00.000Z,27.18,27.29,26.77,26.83,509500,21.0959151923,21.1812923325,20.777691306,20.8242606553,509500,0.0,1.0
2744,2007-11-28T00:00:00.000Z,28.38,28.38,27.19,27.33,603200,22.0273021765,22.0273021765,21.1036767505,21.2123385653,603200,0.0,1.0
2745,2007-11-29T00:00:00.000Z,28.0,28.47,27.9,28.25,362700,21.7323629649,22.0971562003,21.6547473828,21.9264019199,362700,0.0,1.0
2746,2007-11-30T00:00:00.000Z,27.96,28.29,27.79,28.23,441700,21.7013167321,21.9574481527,21.5693702426,21.9108788035,441700,0.0,1.0
2747,2007-12-03T00:00:00.000Z,27.57,27.98,27.37,27.82,336600,21.3986159622,21.7168398485,21.2433847982,21.5926549172,336600,0.0,1.0
2748,2007-12-04T00:00:00.000Z,27.13,27.39,27.06,27.3,237800,21.0571074013,21.2589079146,21.0027764939,21.1890538907,237800,0.0,1.0
2749,2007-12-05T00:00:00.000Z,27.12,27.51,27.02,27.51,318500,21.0493458431,21.352046613,20.9717302611,21.352046613,318500,0.0,1.0
2750,2007-12-06T00:00:00.000Z,28.07,28.07,26.94,27.07,339400,21.7866938723,21.7866938723,20.9096377955,21.0105380521,339400,0.0,1.0
2751,2007-12-07T00:00:00.000Z,28.17,28.29,27.83,28.19,303900,21.8643094543,21.9574481527,21.6004164754,21.8798325707,303900,0.0,1.0
2752,2007-12-10T00:00:00.000Z,28.87,28.87,28.06,28.3,294700,22.4076185284,22.4076185284,21.7789323141,21.9652097109,294700,0.0,1.0
2753,2007-12-11T00:00:00.000Z,28.22,29.21,28.19,28.92,374600,21.9031172453,22.6715115073,21.8798325707,22.4464263194,374600,0.0,1.0
2754,2007-12-12T00:00:00.000Z,28.52,29.15,28.29,28.81,356300,22.1359639914,22.6249421581,21.9574481527,22.3610491792,356300,0.0,1.0
2755,2007-12-13T00:00:00.000Z,28.72,28.74,28.28,28.28,270900,22.2911951554,22.3067182718,21.9496865945,21.9496865945,270900,0.0,1.0
2756,2007-12-14T00:00:00.000Z,28.04,28.66,28.03,28.65,323400,21.7634091977,22.2446258062,21.7556476395,22.236864248,323400,0.0,1.0
2757,2007-12-17T00:00:00.000Z,27.89,28.23,27.77,27.84,308400,21.6469858246,21.9108788035,21.5538471262,21.6081780336,308400,0.0,1.0
2758,2007-12-18T00:00:00.000Z,28.23,28.3,27.53,28.15,357100,21.9108788035,21.9652097109,21.3675697294,21.8487863379,357100,0.0,1.0
2759,2007-12-19T00:00:00.000Z,28.55,28.7,28.27,28.34,296400,22.159248666,22.275672039,21.9419250363,21.9962559437,296400,0.0,1.0
2760,2007-12-20T00:00:00.000Z,29.54,29.55,28.75,28.81,385800,22.9276429279,22.9354044861,22.31447983,22.3610491792,385800,0.0,1.0
2761,2007-12-21T00:00:00.000Z,28.89,30.28,28.89,30.07,1103800,22.4231416448,23.5019982349,22.4231416448,23.3390055126,1103800,0.0,1.0
2762,2007-12-24T00:00:00.000Z,29.8,29.8,28.8,29.34,186900,23.1294434412,23.1294434412,22.353287621,22.7724117639,186900,0.0,1.0
2763,2007-12-26T00:00:00.000Z,29.91,30.14,29.61,29.69,388400,23.2148205814,23.39333642,22.9819738353,23.044066301,388400,0.0,1.0
2764,2007-12-27T00:00:00.000Z,29.23,30.08,29.23,29.95,272600,22.6870346237,23.3467670708,22.6870346237,23.2458668142,272600,0.0,1.0
2765,2007-12-28T00:00:00.000Z,29.41,29.75,29.23,29.41,254000,22.8267426713,23.0906356502,22.6870346237,22.8267426713,254000,0.0,1.0
2766,2007-12-31T00:00:00.000Z,28.84,29.41,28.84,29.31,309700,22.3843338538,22.8267426713,22.3843338538,22.7491270893,309700,0.0,1.0
2767,2008-01-02T00:00:00.000Z,28.78,28.95,28.3,28.67,383100,22.3377645046,22.469710994,21.9652097109,22.2523873644,383100,0.0,1.0
2768,2008-01-03T00:00:00.000Z,28.97,29.19,28.77,28.86,364500,22.4852341104,22.6559883909,22.3300029464,22.3998569702,364500,0.0,1.0
2769,2008-01-04T00:00:00.000Z,29.36,29.5,28.6,28.65,641900,22.7879348803,22.8965966951,22.198056457,22.236864248,641900,0.0,1.0
2770,2008-01-07T00:00:00.000Z,29.85,30.33,29.25,29.38,663000,23.1682512322,23.5408060259,22.7025577401,22.8034579967,663000,0.0,1.0
2771,2008-01-08T00:00:00.000Z,29.47,30.26,29.44,29.89,663500,22.8733120205,23.4864751185,22.8500273459,23.199297465,663500,0.0,1.0
2772,2008-01-09T00:00:00.000Z,30.14,30.39,29.01,29.23,596600,23.39333642,23.5873753751,22.5162803432,22.6870346237,596600,0.0,1.0
2773,2008-01-10T00:00:00.000Z,30.7,30.99,29.85,29.97,726600,23.8279836793,24.0530688672,23.1682512322,23.2613899306,726600,0.0,1.0
2774,2008-01-11T00:00:00.000Z,30.44,31.05,30.42,30.51,501100,23.6261831661,24.0996382164,23.6106600497,23.6805140735,501100,0.0,1.0
2775,2008-01-14T00:00:00.000Z,29.76,30.7,29.63,30.7,410700,23.0983972084,23.8279836793,22.9974969517,23.8279836793,410700,0.0,1.0
2776,2008-01-15T00:00:00.000Z,29.47,29.88,29.4,29.56,508600,22.8733120205,23.1915359068,22.8189811131,22.9431660443,508600,0.0,1.0
2777,2008-01-16T00:00:00.000Z,30.25,30.62,29.29,29.29,675600,23.4787135603,23.7658912137,22.7336039729,22.7336039729,675600,0.0,1.0
2778,2008-01-17T00:00:00.000Z,29.37,30.47,29.37,30.34,814400,22.7956964385,23.6494678407,22.7956964385,23.5485675841,814400,0.0,1.0
2779,2008-01-18T00:00:00.000Z,29.26,29.62,28.89,29.43,751800,22.7103192983,22.9897353935,22.4231416448,22.8422657877,751800,0.0,1.0
2780,2008-01-22T00:00:00.000Z,28.62,29.85,27.76,28.1,775800,22.2135795734,23.1682512322,21.546085568,21.8099785469,775800,0.0,1.0
2781,2008-01-23T00:00:00.000Z,28.7,28.82,27.65,27.97,670200,22.275672039,22.3688107374,21.4607084278,21.7090782903,670200,0.0,1.0
2782,2008-01-24T00:00:00.000Z,27.79,28.9,27.78,28.9,709100,21.5693702426,22.430903203,21.5616086844,22.430903203,709100,0.0,1.0
2783,2008-01-25T00:00:00.000Z,27.62,28.15,27.54,27.93,371100,21.4374237532,21.8487863379,21.3753312876,21.6780320574,371100,0.0,1.0
2784,2008-01-28T00:00:00.000Z,27.6,27.75,27.0,27.61,589200,21.4219006368,21.5383240098,20.9562071447,21.429662195,589200,0.0,1.0
2785,2008-01-29T00:00:00.000Z,27.44,27.7,27.3,27.7,392900,21.2977157056,21.4995162188,21.1890538907,21.4995162188,392900,0.0,1.0
2786,2008-01-30T00:00:00.000Z,23.48,26.67,23.21,26.67,2412100,18.2241386577,20.700075724,18.0145765862,20.700075724,2412100,0.0,1.0
2787,2008-01-31T00:00:00.000Z,24.78,25.27,20.71,23.1,1639800,19.2331412239,19.6134575758,16.0741870358,17.929199446,1639800,0.0,1.0
2788,2008-02-01T00:00:00.000Z,24.74,24.92,24.4,24.84,1312400,19.2020949911,19.3418030387,18.9382020122,19.2797105731,1312400,0.0,1.0
2789,2008-02-04T00:00:00.000Z,24.52,24.93,24.32,24.79,1152800,19.0313407107,19.3495645969,18.8761095466,19.2409027821,1152800,0.0,1.0
2790,2008-02-05T00:00:00.000Z,24.14,24.57,24.11,24.15,1008100,18.736401499,19.0701485017,18.7131168244,18.7441630572,1008100,0.0,1.0
2791,2008-02-06T00:00:00.000Z,23.78,24.42,23.71,24.4,757200,18.4569854037,18.9537251286,18.4026544963,18.9382020122,757200,0.0,1.0
2792,2008-02-07T00:00:00.000Z,23.64,24.11,23.51,23.68,805200,18.3483235889,18.7131168244,18.2474233323,18.3793698217,805200,0.0,1.0
2793,2008-02-08T00:00:00.000Z,23.2,23.71,23.0,23.54,824900,18.0533843772,18.4502475683,17.8977517533,18.3179598379,824900,0.06,1.0
2794,2008-02-11T00:00:00.000Z,23.56,23.59,22.86,23.2,999600,18.3335231003,18.3568679939,17.7888089165,18.0533843772,999600,0.0,1.0
2795,2008-02-12T00:00:00.000Z,24.07,24.25,23.56,23.78,714700,18.7303862914,18.8704556529,18.3335231003,18.5047189867,714700,0.0,1.0
2796,2008-02-13T00:00:00.000Z,24.24,24.41,24.08,24.32,614700,18.8626740217,18.9949617521,18.7381679226,18.9249270713,614700,0.0,1.0
2797,2008-02-14T00:00:00.000Z,23.75,24.29,23.7,24.29,753000,18.4813740931,18.9015821777,18.4424659371,18.9015821777,753000,0.0,1.0
2798,2008-02-15T00:00:00.000Z,23.61,23.66,23.27,23.55,821300,18.3724312563,18.4113394123,18.1078557956,18.3257414691,821300,0.0,1.0
2799,2008-02-19T00:00:00.000Z,23.77,24.1,23.75,23.81,480900,18.4969373555,18.753731185,18.4813740931,18.5280638803,480900,0.0,1.0
2800,2008-02-20T00:00:00.000Z,24.06,24.12,23.51,23.6,840000,18.7226046602,18.7692944474,18.2946149443,18.3646496251,840000,0.0,1.0
2801,2008-02-21T00:00:00.000Z,23.81,24.72,23.75,24.23,477400,18.5280638803,19.2361923192,18.4813740931,18.8548923905,477400,0.0,1.0
2802,2008-02-22T00:00:00.000Z,23.79,24.01,23.57,23.93,616600,18.5125006179,18.6836965042,18.3413047315,18.6214434546,616600,0.0,1.0
2803,2008-02-25T00:00:00.000Z,24.39,24.48,23.61,23.73,697500,18.9793984897,19.0494331705,18.3724312563,18.4658108307,697500,0.0,1.0
2804,2008-02-26T00:00:00.000Z,24.69,25.11,24.4,24.4,689300,19.2128474256,19.5396759359,18.9871801209,18.9871801209,689300,0.0,1.0
2805,2008-02-27T00:00:00.000Z,24.81,25.03,24.32,24.54,551200,19.306227,19.4774228863,18.9249270713,19.0961229576,551200,0.0,1.0
2806,2008-02-28T00:00:00.000Z,24.65,25.09,24.56,24.78,439000,19.1817209008,19.5241126735,19.11168622,19.2828821064,439000,0.0,1.0
2807,2008-02-29T00:00:00.000Z,24.62,24.77,24.19,24.44,722800,19.1583760072,19.2751004752,18.8237658657,19.0183066457,722800,0.0,1.0
2808,2008-03-03T00:00:00.000Z,24.35,24.57,23.97,24.52,638000,18.9482719649,19.1194678512,18.6525699794,19.0805596953,638000,0.0,1.0
2809,2008-03-04T00:00:00.000Z,24.64,24.77,24.0,24.08,487600,19.1739392696,19.2751004752,18.675914873,18.7381679226,487600,0.0,1.0
2810,2008-03-05T00:00:00.000Z,24.7,24.76,24.45,24.7,547200,19.2206290568,19.267318844,19.0260882769,19.2206290568,547200,0.0,1.0
2811,2008-03-06T00:00:00.000Z,24.7,24.96,24.52,24.52,899900,19.2206290568,19.4229514679,19.0805596953,19.0805596953,899900,0.0,1.0
2812,2008-03-07T00:00:00.000Z,24.87,25.32,24.52,24.65,802700,19.3529167872,19.703090191,19.0805596953,19.1817209008,802700,0.0,1.0
2813,2008-03-10T00:00:00.000Z,24.61,24.92,24.58,24.86,597900,19.150594376,19.3918249431,19.1272494824,19.345135156,597900,0.0,1.0
2814,2008-03-11T00:00:00.000Z,25.46,25.46,24.8,25.22,730500,19.8120330278,19.8120330278,19.2984453688,19.625273879,730500,0.0,1.0
2815,2008-03-12T00:00:00.000Z,25.51,25.92,25.36,25.74,446100,19.8509411838,20.1699880628,19.7342167158,20.0299187013,446100,0.0,1.0
2816,2008-03-13T00:00:00.000Z,25.81,25.94,25.07,25.2,478800,20.0843901197,20.1855513252,19.5085494111,19.6097106167,478800,0.0,1.0
2817,2008-03-14T00:00:00.000Z,26.41,27.21,25.55,26.56,970900,20.5512879915,21.1738184873,19.8820677086,20.6680124595,970900,0.0,1.0
2818,2008-03-17T00:00:00.000Z,26.28,26.61,25.9,25.9,672500,20.4501267859,20.7069206154,20.1544248005,20.1544248005,672500,0.0,1.0
2819,2008-03-18T00:00:00.000Z,27.55,27.58,26.55,26.66,770000,21.438393948,21.4617388416,20.6602308283,20.7458287714,770000,0.0,1.0
2820,2008-03-19T00:00:00.000Z,27.26,28.05,27.26,27.74,681700,21.2127266433,21.8274755078,21.2127266433,21.5862449407,681700,0.0,1.0
2821,2008-03-20T00:00:00.000Z,26.99,27.72,26.7,27.72,1505100,21.0026226009,21.5706816783,20.7769552962,21.5706816783,1505100,0.0,1.0
2822,2008-03-24T00:00:00.000Z,27.0,27.47,26.71,27.0,624200,21.0104042321,21.3761408984,20.7847369274,21.0104042321,624200,0.0,1.0
2823,2008-03-25T00:00:00.000Z,26.89,27.1,26.74,26.9,553500,20.924806289,21.0882205441,20.808081821,20.9325879202,553500,0.0,1.0
2824,2008-03-26T00:00:00.000Z,26.55,26.86,26.34,26.74,460300,20.6602308283,20.9014613954,20.4968165731,20.808081821,460300,0.0,1.0
2825,2008-03-27T00:00:00.000Z,26.63,26.94,26.52,26.65,449700,20.7224838778,20.9637144449,20.6368859347,20.7380471402,449700,0.0,1.0
2826,2008-03-28T00:00:00.000Z,26.53,27.18,26.45,26.76,383300,20.6446675659,21.1504735937,20.5824145163,20.8236450834,383300,0.0,1.0
2827,2008-03-31T00:00:00.000Z,26.83,26.99,26.2,26.57,581300,20.8781165018,21.0026226009,20.3878737364,20.6757940907,581300,0.0,1.0
2828,2008-04-01T00:00:00.000Z,27.44,27.44,26.74,26.98,562300,21.3527960048,21.3527960048,20.808081821,20.9948409697,562300,0.0,1.0
2829,2008-04-02T00:00:00.000Z,27.56,27.8,27.38,27.54,433900,21.4461755792,21.6329347279,21.3061062176,21.4306123168,433900,0.0,1.0
2830,2008-04-03T00:00:00.000Z,26.89,27.51,26.79,27.35,541000,20.924806289,21.4072674232,20.846989977,21.282761324,541000,0.0,1.0
2831,2008-04-04T00:00:00.000Z,27.06,27.27,26.86,26.9,407000,21.0570940193,21.2205082745,20.9014613954,20.9325879202,407000,0.0,1.0
2832,2008-04-07T00:00:00.000Z,27.04,27.27,26.92,27.16,279500,21.0415307569,21.2205082745,20.9481511826,21.1349103313,279500,0.0,1.0
2833,2008-04-08T00:00:00.000Z,26.83,26.94,26.59,26.9,402300,20.8781165018,20.9637144449,20.6913573531,20.9325879202,402300,0.0,1.0
2834,2008-04-09T00:00:00.000Z,26.94,27.46,26.9,26.97,361300,20.9637144449,21.3683592672,20.9325879202,20.9870593385,361300,0.0,1.0
2835,2008-04-10T00:00:00.000Z,27.0,27.07,26.77,26.88,355600,21.0104042321,21.0648756505,20.8314267146,20.9170246578,355600,0.0,1.0
2836,2008-04-11T00:00:00.000Z,26.15,26.8,26.08,26.77,378700,20.3489655804,20.8547716082,20.294494162,20.8314267146,378700,0.0,1.0
2837,2008-04-14T00:00:00.000Z,25.77,26.22,25.7,26.13,462600,20.0532635949,20.4034369988,19.9987921765,20.333402318,462600,0.0,1.0
2838,2008-04-15T00:00:00.000Z,26.0,26.21,25.81,25.92,899800,20.2322411124,20.3956553676,20.0843901197,20.1699880628,899800,0.0,1.0
2839,2008-04-16T00:00:00.000Z,26.48,26.49,26.06,26.24,435900,20.6057594099,20.6135410411,20.2789308996,20.4190002612,435900,0.0,1.0
2840,2008-04-17T00:00:00.000Z,26.4,26.49,25.7,26.43,547300,20.5435063603,20.6135410411,19.9987921765,20.5668512539,547300,0.0,1.0
2841,2008-04-18T00:00:00.000Z,26.91,27.25,26.7,26.7,382400,20.9403695514,21.2049450121,20.7769552962,20.7769552962,382400,0.0,1.0
2842,2008-04-21T00:00:00.000Z,26.84,26.91,26.42,26.64,272400,20.885898133,20.9403695514,20.5590696227,20.730265509,272400,0.0,1.0
2843,2008-04-22T00:00:00.000Z,25.77,26.65,25.4,26.63,762700,20.0532635949,20.7380471402,19.7653432406,20.7224838778,762700,0.0,1.0
2844,2008-04-23T00:00:00.000Z,26.29,26.69,25.79,25.83,338900,20.4579084171,20.769173665,20.0688268573,20.0999533821,338900,0.0,1.0
2845,2008-04-24T00:00:00.000Z,26.76,27.22,25.9,26.27,424300,20.8236450834,21.1816001185,20.1544248005,20.4423451547,424300,0.0,1.0
2846,2008-04-25T00:00:00.000Z,26.98,27.3,26.72,26.82,285400,20.9948409697,21.243853168,20.7925185586,20.8703348706,285400,0.0,1.0
2847,2008-04-28T00:00:00.000Z,27.3,27.42,26.84,27.03,248500,21.243853168,21.3372327424,20.885898133,21.0337491257,248500,0.0,1.0
2848,2008-04-29T00:00:00.000Z,27.63,27.81,27.19,27.32,448200,21.5006469975,21.6407163591,21.1582552249,21.2594164304,448200,0.0,1.0
2849,2008-04-30T00:00:00.000Z,27.71,28.49,27.71,27.78,385200,21.5629000471,22.1698672805,21.5629000471,21.6173714655,385200,0.0,1.0
2850,2008-05-01T00:00:00.000Z,28.6,28.6,27.54,27.63,259000,22.2554652237,22.2554652237,21.4306123168,21.5006469975,259000,0.0,1.0
2851,2008-05-02T00:00:00.000Z,27.91,28.76,27.85,28.76,286000,21.7185326711,22.3799713228,21.6718428839,22.3799713228,286000,0.0,1.0
2852,2008-05-05T00:00:00.000Z,27.57,27.94,27.49,27.9,473300,21.4539572104,21.7418775647,21.3917041608,21.7107510399,473300,0.0,1.0
2853,2008-05-06T00:00:00.000Z,27.56,27.79,27.2,27.42,670300,21.4461755792,21.6251530967,21.1660368561,21.3372327424,670300,0.0,1.0
2854,2008-05-07T00:00:00.000Z,29.9,30.96,27.08,27.08,1989900,23.2670772793,24.0919301862,21.0726572817,21.0726572817,1989900,0.0,1.0
2855,2008-05-08T00:00:00.000Z,29.75,30.26,29.54,29.9,1009400,23.1503528113,23.5472160024,22.9869385562,23.2670772793,1009400,0.0,1.0
2856,2008-05-09T00:00:00.000Z,31.01,31.1,29.72,29.72,846500,24.1308383422,24.2008730229,23.1270079177,23.1270079177,846500,0.0,1.0
2857,2008-05-12T00:00:00.000Z,31.5,31.6,31.06,31.22,562200,24.558828058,24.6367925915,24.2157841105,24.3405273642,562200,0.06,1.0
2858,2008-05-13T00:00:00.000Z,31.58,31.77,31.22,31.5,455800,24.6211996848,24.7693322985,24.3405273642,24.558828058,455800,0.0,1.0
2859,2008-05-14T00:00:00.000Z,31.56,31.98,31.4,31.62,663100,24.6056067781,24.9330578189,24.4808635245,24.6523854982,663100,0.0,1.0
2860,2008-05-15T00:00:00.000Z,31.85,31.89,31.34,31.65,358200,24.8317039253,24.8628897387,24.4340848044,24.6757748583,358200,0.0,1.0
2861,2008-05-16T00:00:00.000Z,31.51,32.04,31.21,32.04,451400,24.5666245114,24.979836539,24.3327309108,24.979836539,451400,0.0,1.0
2862,2008-05-19T00:00:00.000Z,31.53,31.67,31.0,31.31,382100,24.5822174181,24.691367765,24.1690053904,24.4106954443,382100,0.0,1.0
2863,2008-05-20T00:00:00.000Z,31.26,31.75,30.94,31.42,481500,24.3717131776,24.7537393918,24.1222266703,24.4964564312,481500,0.0,1.0
2864,2008-05-21T00:00:00.000Z,30.84,31.84,30.72,31.45,492100,24.0442621368,24.823907472,23.9507046966,24.5198457912,492100,0.0,1.0
2865,2008-05-22T00:00:00.000Z,31.52,31.53,30.81,30.81,348800,24.5744209647,24.5822174181,24.0208727767,24.0208727767,348800,0.0,1.0
2866,2008-05-23T00:00:00.000Z,30.6,31.34,30.38,31.27,500700,23.8571472563,24.4340848044,23.6856252826,24.3795096309,500700,0.0,1.0
2867,2008-05-27T00:00:00.000Z,30.78,30.8,30.61,30.64,787400,23.9974834167,24.0130763234,23.8649437097,23.8883330698,787400,0.0,1.0
2868,2008-05-28T00:00:00.000Z,30.54,30.93,30.4,30.85,517700,23.8103685362,24.114430217,23.7012181893,24.0520585901,517700,0.0,1.0
2869,2008-05-29T00:00:00.000Z,30.15,30.55,28.43,30.37,1117500,23.5063068555,23.8181649896,22.165316879,23.6778288293,1117500,0.0,1.0
2870,2008-05-30T00:00:00.000Z,30.25,30.5,29.8,30.18,452500,23.584271389,23.7791827228,23.2334309882,23.5296962156,452500,0.0,1.0
2871,2008-06-02T00:00:00.000Z,30.18,30.31,29.6,30.21,440000,23.5296962156,23.6310501091,23.0775019212,23.5530855756,440000,0.0,1.0
2872,2008-06-03T00:00:00.000Z,30.54,30.87,30.13,30.23,479200,23.8103685362,24.0676514968,23.4907139488,23.5686784823,479200,0.0,1.0
2873,2008-06-04T00:00:00.000Z,31.66,32.0,30.41,30.5,636300,24.6835713116,24.9486507256,23.7090146427,23.7791827228,636300,0.0,1.0
2874,2008-06-05T00:00:00.000Z,33.07,33.09,31.6,31.75,1236000,25.7828712342,25.7984641409,24.6367925915,24.7537393918,1236000,0.0,1.0
2875,2008-06-06T00:00:00.000Z,32.84,33.08,32.49,32.88,746700,25.6035528071,25.7906676876,25.3306769398,25.6347386205,746700,0.0,1.0
2876,2008-06-09T00:00:00.000Z,32.57,32.99,32.11,32.99,554600,25.3930485666,25.7204996074,25.0344117125,25.7204996074,554600,0.0,1.0
2877,2008-06-10T00:00:00.000Z,32.74,32.9,32.2,32.27,665600,25.5255882736,25.6503315272,25.1045797926,25.1591549661,665600,0.0,1.0
2878,2008-06-11T00:00:00.000Z,30.5,31.19,29.98,30.65,1350900,23.7791827228,24.3171380041,23.3737671485,23.8961295231,1350900,0.0,1.0
2879,2008-06-12T00:00:00.000Z,30.65,31.0,30.5,30.61,481600,23.8961295231,24.1690053904,23.7791827228,23.8649437097,481600,0.0,1.0
2880,2008-06-13T00:00:00.000Z,30.91,31.0,30.27,30.98,526900,24.0988373102,24.1690053904,23.5998642957,24.1534124837,526900,0.0,1.0
2881,2008-06-16T00:00:00.000Z,30.87,30.92,30.0,30.71,460400,24.0676514968,24.1066337636,23.3893600552,23.9429082432,460400,0.0,1.0
2882,2008-06-17T00:00:00.000Z,30.36,30.99,30.33,30.9,549800,23.6700323759,24.1612089371,23.6466430158,24.0910408569,549800,0.0,1.0
2883,2008-06-18T00:00:00.000Z,30.07,30.72,30.0,30.32,458800,23.4439352287,23.9507046966,23.3893600552,23.6388465625,458800,0.0,1.0
2884,2008-06-19T00:00:00.000Z,30.44,30.46,29.62,30.05,447700,23.7324040027,23.7479969094,23.0930948279,23.428342322,447700,0.0,1.0
2885,2008-06-20T00:00:00.000Z,29.53,30.33,29.37,30.32,1177700,23.0229267477,23.6466430158,22.8981834941,23.6388465625,1177700,0.0,1.0
2886,2008-06-23T00:00:00.000Z,29.53,30.32,29.48,29.63,390900,23.0229267477,23.6388465625,22.9839444809,23.1008912812,390900,0.0,1.0
2887,2008-06-24T00:00:00.000Z,29.05,29.45,28.81,29.33,420300,22.6486969868,22.9605551209,22.4615821064,22.8669976807,420300,0.0,1.0
2888,2008-06-25T00:00:00.000Z,29.77,29.94,28.92,29.1,396300,23.2100416281,23.3425813351,22.5473430933,22.6876792536,396300,0.0,1.0
2889,2008-06-26T00:00:00.000Z,29.18,29.57,29.06,29.47,451500,22.7500508804,23.0541125611,22.6564934402,22.9761480276,451500,0.0,1.0
2890,2008-06-27T00:00:00.000Z,29.45,29.57,28.63,29.27,1289400,22.9605551209,23.0541125611,22.3212459461,22.8202189606,1289400,0.0,1.0
2891,2008-06-30T00:00:00.000Z,28.76,29.17,28.58,29.17,713600,22.4225998396,22.742254427,22.2822636793,22.742254427,713600,0.0,1.0
2892,2008-07-01T00:00:00.000Z,28.86,28.94,28.21,28.25,522000,22.5005643731,22.562936,21.9937949053,22.0249807187,522000,0.0,1.0
2893,2008-07-02T00:00:00.000Z,28.67,29.06,28.37,28.9,913700,22.3524317595,22.6564934402,22.1185381589,22.5317501865,913700,0.0,1.0
2894,2008-07-03T00:00:00.000Z,28.99,29.33,28.43,28.68,267800,22.6019182667,22.8669976807,22.165316879,22.3602282128,267800,0.0,1.0
2895,2008-07-07T00:00:00.000Z,28.57,29.2,28.28,29.2,427300,22.2744672259,22.7656437871,22.0483700787,22.7656437871,427300,0.0,1.0
2896,2008-07-08T00:00:00.000Z,29.85,29.85,28.65,28.71,613100,23.272413255,23.272413255,22.3368388528,22.3836175729,613100,0.0,1.0
2897,2008-07-09T00:00:00.000Z,29.7,30.48,29.59,29.8,612500,23.1554664547,23.7635898161,23.0697054678,23.2334309882,612500,0.0,1.0
2898,2008-07-10T00:00:00.000Z,30.36,30.53,29.84,29.94,365900,23.6700323759,23.8025720829,23.2646168016,23.3425813351,365900,0.0,1.0
2899,2008-07-11T00:00:00.000Z,30.8,30.95,29.86,30.0,412800,24.0130763234,24.1300231237,23.2802097083,23.3893600552,412800,0.0,1.0
2900,2008-07-14T00:00:00.000Z,30.48,31.01,30.28,30.96,432900,23.7635898161,24.1768018438,23.6076607491,24.137819577,432900,0.0,1.0
2901,2008-07-15T00:00:00.000Z,30.85,31.23,29.88,30.25,667200,24.0520585901,24.3483238175,23.295802615,23.584271389,667200,0.0,1.0
2902,2008-07-16T00:00:00.000Z,31.31,31.53,30.85,31.0,362700,24.4106954443,24.5822174181,24.0520585901,24.1690053904,362700,0.0,1.0
2903,2008-07-17T00:00:00.000Z,31.65,31.91,30.99,31.42,412400,24.6757748583,24.8784826454,24.1612089371,24.4964564312,412400,0.0,1.0
2904,2008-07-18T00:00:00.000Z,31.55,31.8,30.87,31.66,390900,24.5978103248,24.7927216586,24.0676514968,24.6835713116,390900,0.0,1.0
2905,2008-07-21T00:00:00.000Z,31.43,31.71,31.15,31.63,195000,24.5042528845,24.7225535784,24.2859521907,24.6601819516,195000,0.0,1.0
2906,2008-07-22T00:00:00.000Z,31.83,31.88,31.25,31.34,539700,24.8161110186,24.8550932854,24.3639167242,24.4340848044,539700,0.0,1.0
2907,2008-07-23T00:00:00.000Z,31.77,31.98,31.49,31.79,362500,24.7693322985,24.9330578189,24.5510316047,24.7849252052,362500,0.0,1.0
2908,2008-07-24T00:00:00.000Z,32.88,32.9,31.75,31.85,597100,25.6347386205,25.6503315272,24.7537393918,24.8317039253,597100,0.0,1.0
2909,2008-07-25T00:00:00.000Z,33.08,33.25,32.63,32.99,543600,25.7906676876,25.9232073946,25.4398272867,25.7204996074,543600,0.0,1.0
2910,2008-07-28T00:00:00.000Z,31.64,33.04,30.84,32.86,839000,24.6679784049,25.7594818742,24.0442621368,25.6191457138,839000,0.0,1.0
2911,2008-07-29T00:00:00.000Z,31.75,32.28,31.53,31.53,519300,24.7537393918,25.1669514194,24.5822174181,24.5822174181,519300,0.0,1.0
2912,2008-07-30T00:00:00.000Z,35.07,36.34,33.83,34.09,2226400,27.3421619046,28.3323114802,26.375401689,26.5781094761,2226400,0.0,1.0
2913,2008-07-31T00:00:00.000Z,34.17,35.7,34.05,35.14,1157400,26.6404811029,27.8333384657,26.5469236627,27.396737078,1157400,0.0,1.0
2914,2008-08-01T00:00:00.000Z,35.29,35.38,34.1,34.1,841400,27.5136838783,27.5838519585,26.5859059295,26.5859059295,841400,0.0,1.0
2915,2008-08-04T00:00:00.000Z,35.72,36.12,35.27,35.27,732000,27.8489313724,28.1607895065,27.4980909716,27.4980909716,732000,0.0,1.0
2916,2008-08-05T00:00:00.000Z,37.47,37.55,35.65,35.87,1152900,29.213310709,29.2756823358,27.794356199,27.9658781727,1152900,0.0,1.0
2917,2008-08-06T00:00:00.000Z,36.48,37.51,36.36,37.41,678200,28.4414618272,29.2444965224,28.347904387,29.1665319889,678200,0.0,1.0
2918,2008-08-07T00:00:00.000Z,36.22,36.34,35.89,36.12,616900,28.23875404,28.3323114802,27.9814710794,28.1607895065,616900,0.0,1.0
2919,2008-08-08T00:00:00.000Z,36.65,36.72,35.83,36.13,657800,28.5740015342,28.6285767076,27.9346923593,28.1685859599,657800,0.0,1.0
2920,2008-08-11T00:00:00.000Z,37.51,37.97,36.8,36.8,534400,29.2444965224,29.6031333766,28.6909483344,28.6909483344,534400,0.0,1.0
2921,2008-08-12T00:00:00.000Z,36.96,37.77,36.62,37.77,383900,28.8780632149,29.510942847,28.6124100359,29.510942847,383900,0.08,1.0
2922,2008-08-13T00:00:00.000Z,37.58,37.67,36.97,36.97,371100,29.3624896,29.4328095591,28.8858765437,28.8858765437,371100,0.0,1.0
2923,2008-08-14T00:00:00.000Z,37.43,37.5,37.02,37.25,611000,29.2452896681,29.2999829696,28.9249431876,29.1046497498,611000,0.0,1.0
2924,2008-08-15T00:00:00.000Z,37.79,37.98,37.25,37.8,633400,29.5265695046,29.6750227516,29.1046497498,29.5343828334,633400,0.0,1.0
2925,2008-08-18T00:00:00.000Z,37.38,38.18,37.2,37.86,549500,29.2062230241,29.8312893275,29.0655831059,29.5812628061,549500,0.0,1.0
2926,2008-08-19T00:00:00.000Z,37.43,37.8,37.05,37.16,343800,29.2452896681,29.5343828334,28.948383174,29.0343297907,343800,0.0,1.0
2927,2008-08-20T00:00:00.000Z,37.48,38.0,37.05,37.5,382900,29.284356312,29.6906494092,28.948383174,29.2999829696,382900,0.0,1.0
2928,2008-08-21T00:00:00.000Z,36.54,37.17,36.24,37.16,437700,28.5499034056,29.0421431195,28.3155035419,29.0343297907,437700,0.0,1.0
2929,2008-08-22T00:00:00.000Z,37.85,37.96,36.48,36.6,367400,29.5734494773,29.6593960941,28.5030234329,28.5967833784,367400,0.0,1.0
2930,2008-08-25T00:00:00.000Z,36.37,37.57,36.18,37.52,492600,28.4170768161,29.3546762712,28.2686235691,29.3156096272,492600,0.0,1.0
2931,2008-08-26T00:00:00.000Z,35.99,36.69,35.73,36.33,513100,28.1201703221,28.6671033375,27.9170237735,28.385823501,513100,0.0,1.0
2932,2008-08-27T00:00:00.000Z,35.99,36.02,35.39,35.59,623400,28.1201703221,28.1436103084,27.6513705945,27.8076371704,623400,0.0,1.0
2933,2008-08-28T00:00:00.000Z,36.99,36.99,35.91,36.23,629900,28.9015032012,28.9015032012,28.0576636917,28.3076902131,629900,0.0,1.0
2934,2008-08-29T00:00:00.000Z,36.77,37.11,36.68,37.0,528100,28.7296099678,28.9952631467,28.6592900087,28.90931653,528100,0.0,1.0
2935,2008-09-02T00:00:00.000Z,37.09,38.0,36.71,37.11,524200,28.9796364892,29.6906494092,28.6827299951,28.9952631467,524200,0.0,1.0
2936,2008-09-03T00:00:00.000Z,37.94,38.0,36.69,36.94,585600,29.6437694365,29.6906494092,28.6671033375,28.8624365573,585600,0.0,1.0
2937,2008-09-04T00:00:00.000Z,36.9,37.91,36.89,37.52,559900,28.8311832421,29.6203294501,28.8233699133,29.3156096272,559900,0.0,1.0
2938,2008-09-05T00:00:00.000Z,36.77,37.03,36.27,36.81,384000,28.7296099678,28.9327565164,28.3389435282,28.760863283,384000,0.0,1.0
2939,2008-09-08T00:00:00.000Z,37.71,37.99,36.96,37.77,488500,29.4640628743,29.6828360804,28.8780632149,29.510942847,488500,0.0,1.0
2940,2008-09-09T00:00:00.000Z,38.21,38.9,37.83,37.86,1080900,29.8547293139,30.3938490005,29.5578228198,29.5812628061,1080900,0.0,1.0
2941,2008-09-10T00:00:00.000Z,37.82,38.93,37.66,38.66,458200,29.550009491,30.4172889869,29.4249962303,30.2063291095,458200,0.0,1.0
2942,2008-09-11T00:00:00.000Z,37.44,37.86,36.85,37.73,719900,29.2531029969,29.5812628061,28.7921165982,29.4796895318,719900,0.0,1.0
2943,2008-09-12T00:00:00.000Z,36.93,37.32,36.62,37.18,540700,28.8546232285,29.1593430514,28.6124100359,29.0499564483,540700,0.0,1.0
2944,2008-09-15T00:00:00.000Z,36.21,36.85,34.8,36.05,460400,28.2920635555,28.7921165982,27.1903841958,28.1670502948,460400,0.0,1.0
2945,2008-09-16T00:00:00.000Z,37.05,37.05,35.49,35.79,594200,28.948383174,28.948383174,27.7295038825,27.9639037462,594200,0.0,1.0
2946,2008-09-17T00:00:00.000Z,34.93,36.99,34.93,36.99,647300,27.2919574701,28.9015032012,27.2919574701,28.9015032012,647300,0.0,1.0
2947,2008-09-18T00:00:00.000Z,36.48,36.82,34.34,35.49,1021100,28.5030234329,28.7686766118,26.8309710714,27.7295038825,1021100,0.0,1.0
2948,2008-09-19T00:00:00.000Z,37.86,38.85,35.87,36.42,1381200,29.5812628061,30.3547823565,28.0264103766,28.4561434601,1381200,0.0,1.0
2949,2008-09-22T00:00:00.000Z,37.17,38.37,37.0,37.43,499800,29.0421431195,29.9797425745,28.90931653,29.2452896681,499800,0.0,1.0
2950,2008-09-23T00:00:00.000Z,37.43,38.3,37.19,37.3,649300,29.2452896681,29.925049273,29.0577697771,29.1437163938,649300,0.0,1.0
2951,2008-09-24T00:00:00.000Z,37.03,37.66,36.6,37.55,414700,28.9327565164,29.4249962303,28.5967833784,29.3390496136,414700,0.0,1.0
2952,2008-09-25T00:00:00.000Z,37.21,37.8,36.95,37.17,384800,29.0733964347,29.5343828334,28.8702498861,29.0421431195,384800,0.0,1.0
2953,2008-09-26T00:00:00.000Z,38.38,38.48,36.78,36.84,527000,29.9875559033,30.0656891912,28.7374232966,28.7843032694,527000,0.0,1.0
2954,2008-09-29T00:00:00.000Z,36.56,38.3,36.56,38.0,892900,28.5655300632,29.925049273,28.5655300632,29.6906494092,892900,0.0,1.0
2955,2008-09-30T00:00:00.000Z,37.58,37.77,35.69,37.2,811500,29.3624896,29.510942847,27.8857704583,29.0655831059,811500,0.0,1.0
2956,2008-10-01T00:00:00.000Z,36.11,37.57,35.69,37.37,458800,28.2139302676,29.3546762712,27.8857704583,29.1984096953,458800,0.0,1.0
2957,2008-10-02T00:00:00.000Z,35.63,36.56,35.39,35.93,467200,27.8388904855,28.5655300632,27.6513705945,28.0732903493,467200,0.0,1.0
2958,2008-10-03T00:00:00.000Z,34.1,36.14,34.08,35.88,579000,26.6434511804,28.2373702539,26.6278245228,28.0342237053,579000,0.0,1.0
2959,2008-10-06T00:00:00.000Z,33.15,34.0,31.33,34.0,935200,25.9011849452,26.5653178925,24.479159105,26.5653178925,935200,0.0,1.0
2960,2008-10-07T00:00:00.000Z,31.49,33.45,31.49,33.15,654400,24.6041723657,26.1355848089,24.6041723657,25.9011849452,654400,0.0,1.0
2961,2008-10-08T00:00:00.000Z,31.36,32.25,29.8,30.88,1110000,24.5025990914,25.1979853539,23.2837197999,24.1275593094,1110000,0.0,1.0
2962,2008-10-09T00:00:00.000Z,29.16,32.0,29.16,31.68,1112000,22.7836667572,25.0026521341,22.7836667572,24.7526256127,1112000,0.0,1.0
2963,2008-10-10T00:00:00.000Z,29.42,30.13,27.18,28.19,1436700,22.9868133058,23.54155965,21.2366276564,22.0257738644,1436700,0.0,1.0
2964,2008-10-13T00:00:00.000Z,32.6,32.6,29.59,29.85,1318100,25.4714518616,25.4714518616,23.1196398952,23.3227864438,1318100,0.0,1.0
2965,2008-10-14T00:00:00.000Z,32.51,34.14,31.94,33.35,1219300,25.4011319025,26.6747044956,24.9557721613,26.057451521,1219300,0.0,1.0
2966,2008-10-15T00:00:00.000Z,29.83,32.24,29.83,32.07,696500,23.3071597862,25.1901720251,23.3071597862,25.0573454356,696500,0.0,1.0
2967,2008-10-16T00:00:00.000Z,33.09,33.79,28.99,29.95,1685600,25.8543049724,26.4012379878,22.6508401677,23.4009197317,1685600,0.0,1.0
2968,2008-10-17T00:00:00.000Z,32.21,33.45,31.54,32.6,1089800,25.1667320387,26.1355848089,24.6432390097,25.4714518616,1089800,0.0,1.0
2969,2008-10-20T00:00:00.000Z,33.53,33.53,31.84,32.88,820000,26.1980914392,26.1980914392,24.8776388734,25.6902250678,820000,0.0,1.0
2970,2008-10-21T00:00:00.000Z,31.94,33.52,31.36,33.52,1174700,24.9557721613,26.1902781105,24.5025990914,26.1902781105,1174700,0.0,1.0
2971,2008-10-22T00:00:00.000Z,31.12,31.93,30.79,31.04,717800,24.3150792004,24.9479588325,24.0572393503,24.2525725701,717800,0.0,1.0
2972,2008-10-23T00:00:00.000Z,31.12,31.99,29.67,31.21,802200,24.3150792004,24.9948388053,23.1821465256,24.3853991595,802200,0.0,1.0
2973,2008-10-24T00:00:00.000Z,30.99,31.49,27.74,28.83,894700,24.2135059261,24.6041723657,21.6741740687,22.5258269071,894700,0.0,1.0
2974,2008-10-27T00:00:00.000Z,29.55,31.27,29.54,30.5,759000,23.0883865801,24.4322791323,23.0805732513,23.8306528153,759000,0.0,1.0
2975,2008-10-28T00:00:00.000Z,30.18,30.19,28.61,29.94,1358400,23.580626294,23.5884396228,22.3539336736,23.393106403,1358400,0.0,1.0
2976,2008-10-29T00:00:00.000Z,31.96,32.71,29.95,29.97,1106500,24.9713988189,25.5573984783,23.4009197317,23.4165463893,1106500,0.0,1.0
2977,2008-10-30T00:00:00.000Z,33.03,37.61,32.78,34.39,2431500,25.8074249997,29.3859295863,25.6120917799,26.8700377154,2431500,0.0,1.0
2978,2008-10-31T00:00:00.000Z,34.04,34.68,32.43,32.97,1070300,26.5965712076,27.0966242503,25.3386252721,25.7605450269,1070300,0.0,1.0
2979,2008-11-03T00:00:00.000Z,35.1,35.15,33.87,34.04,704300,27.4247840596,27.4638507035,26.4637446182,26.5965712076,704300,0.0,1.0
2980,2008-11-04T00:00:00.000Z,35.44,35.75,34.61,35.7,637600,27.6904372385,27.932650431,27.0419309488,27.8935837871,637600,0.0,1.0
2981,2008-11-05T00:00:00.000Z,34.51,35.71,34.15,35.15,1071000,26.9637976609,27.9013971159,26.6825178243,27.4638507035,1071000,0.0,1.0
2982,2008-11-06T00:00:00.000Z,33.3,35.07,33.13,34.4,897900,26.0808915074,27.467173128,25.947745815,26.9424224581,897900,0.08,1.0
2983,2008-11-07T00:00:00.000Z,33.24,34.29,31.72,32.86,574800,26.0338989101,26.856269363,24.8434197782,25.7362791271,574800,0.0,1.0
2984,2008-11-10T00:00:00.000Z,33.13,34.38,32.66,33.95,586800,25.947745815,26.926758259,25.5796371361,26.5899779782,586800,0.0,1.0
2985,2008-11-11T00:00:00.000Z,32.09,33.49,31.8,33.45,800500,25.1332074616,26.2297013989,24.9060765746,26.1983730006,800500,0.0,1.0
2986,2008-11-12T00:00:00.000Z,31.27,32.66,31.2,31.67,754100,24.4909752984,25.5796371361,24.4361506015,24.8042592804,754100,0.0,1.0
2987,2008-11-13T00:00:00.000Z,31.0,31.76,29.43,30.75,1545000,24.2795086105,24.8747481764,23.0498689808,24.0837061217,1545000,0.0,1.0
2988,2008-11-14T00:00:00.000Z,30.71,31.94,30.0,30.33,1019900,24.0523777235,25.0157259683,23.4962986553,23.7547579405,1019900,0.0,1.0
2989,2008-11-17T00:00:00.000Z,31.28,31.63,30.3,30.51,1044200,24.4988073979,24.7729308822,23.7312616418,23.8957357324,1044200,0.0,1.0
2990,2008-11-18T00:00:00.000Z,30.94,31.74,30.01,31.26,886900,24.2325160132,24.8590839773,23.5041307548,24.4831431988,886900,0.0,1.0
2991,2008-11-19T00:00:00.000Z,29.5,31.46,29.44,30.88,835300,23.1046936777,24.6397851898,23.0577010804,24.1855234158,835300,0.0,1.0
2992,2008-11-20T00:00:00.000Z,26.38,29.4,26.22,29.27,1330000,20.6610786175,23.0263726822,20.5357650247,22.924555388,1330000,0.0,1.0
2993,2008-11-21T00:00:00.000Z,27.37,27.63,26.05,27.11,1493000,21.4364564732,21.6400910615,20.4026193323,21.2328218848,1493000,0.0,1.0
2994,2008-11-24T00:00:00.000Z,27.1,27.62,26.04,27.62,1474500,21.2249897853,21.632258962,20.3947872328,21.632258962,1474500,0.0,1.0
2995,2008-11-25T00:00:00.000Z,27.24,27.73,26.82,27.41,1669200,21.334639179,21.718412057,21.0056909978,21.4677848714,1669200,0.0,1.0
2996,2008-11-26T00:00:00.000Z,27.81,27.9,26.28,26.28,539200,21.7810688535,21.8515577494,20.582757622,20.582757622,539200,0.0,1.0
2997,2008-11-28T00:00:00.000Z,27.65,27.81,27.02,27.23,237800,21.6557552606,21.7810688535,21.1623329889,21.3268070794,237800,0.0,1.0
2998,2008-12-01T00:00:00.000Z,25.62,27.22,25.49,27.22,743100,20.0658390516,21.3189749799,19.9640217574,21.3189749799,743100,0.0,1.0
2999,2008-12-02T00:00:00.000Z,26.5,27.22,25.59,26.06,1425500,20.7550638122,21.3189749799,20.042342753,20.4104514319,1425500,0.0,1.0
3000,2008-12-03T00:00:00.000Z,27.69,28.28,25.18,26.2,1694300,21.6870836588,22.1491775324,19.7212266713,20.5201008256,1694300,0.0,1.0
3001,2008-12-04T00:00:00.000Z,26.83,28.42,26.15,27.43,965000,21.0135230974,22.2588269261,20.4809403279,21.4834490705,965000,0.0,1.0
3002,2008-12-05T00:00:00.000Z,27.08,28.07,25.77,26.15,802400,21.2093255862,21.9847034418,20.1833205449,20.4809403279,802400,0.0,1.0
3003,2008-12-08T00:00:00.000Z,28.35,28.98,27.1,27.67,1160300,22.2040022292,22.697424501,21.2249897853,21.6714194597,1160300,0.0,1.0
3004,2008-12-09T00:00:00.000Z,26.79,28.37,26.54,28.07,839900,20.9821946992,22.2196664283,20.7863922104,21.9847034418,839900,0.0,1.0
3005,2008-12-10T00:00:00.000Z,26.19,27.23,25.75,27.08,1162600,20.5122687261,21.3268070794,20.1676563458,21.2093255862,1162600,0.0,1.0
3006,2008-12-11T00:00:00.000Z,26.06,26.85,25.75,26.38,601700,20.4104514319,21.0291872965,20.1676563458,20.6610786175,601700,0.0,1.0
3007,2008-12-12T00:00:00.000Z,26.53,27.01,25.51,25.95,788100,20.7785601108,21.1545008893,19.9796859565,20.3242983368,788100,0.0,1.0
3008,2008-12-15T00:00:00.000Z,25.25,26.69,25.01,26.54,842100,19.7760513682,20.9038737037,19.588080979,20.7863922104,842100,0.0,1.0
3009,2008-12-16T00:00:00.000Z,24.93,25.78,24.55,25.63,1648500,19.5254241825,20.1911526444,19.2278043996,20.0736711512,1648500,0.0,1.0
3010,2008-12-17T00:00:00.000Z,24.88,25.35,24.65,24.88,1707200,19.4862636848,19.8543723637,19.3061253951,19.4862636848,1707200,0.0,1.0
3011,2008-12-18T00:00:00.000Z,25.05,25.1,24.33,24.95,1691900,19.6194093772,19.6585698749,19.0554982094,19.5410883816,1691900,0.0,1.0
3012,2008-12-19T00:00:00.000Z,24.82,25.7,24.7,25.41,1815600,19.4392710875,20.128495848,19.3452858929,19.901364961,1815600,0.0,1.0
3013,2008-12-22T00:00:00.000Z,24.54,24.88,24.05,24.88,1395800,19.2199723,19.4862636848,18.836199422,19.4862636848,1395800,0.0,1.0
3014,2008-12-23T00:00:00.000Z,23.13,24.91,22.71,24.63,1504700,18.1156462632,19.5097599834,17.7866980821,19.290461196,1504700,0.0,1.0
3015,2008-12-24T00:00:00.000Z,23.31,23.49,22.89,23.29,827400,18.2566240552,18.3976018471,17.927675874,18.2409598561,827400,0.0,1.0
3016,2008-12-26T00:00:00.000Z,23.47,23.69,23.12,23.31,674800,18.381937648,18.5542438381,18.1078141637,18.2566240552,674800,0.0,1.0
3017,2008-12-29T00:00:00.000Z,22.29,23.58,21.75,23.54,1297300,17.4577499009,18.4680907431,17.0348165251,18.4367623448,1297300,0.0,1.0
3018,2008-12-30T00:00:00.000Z,23.17,23.2,22.31,22.39,668500,18.1469746614,18.1704709601,17.4734141,17.5360708964,668500,0.0,1.0
3019,2008-12-31T00:00:00.000Z,23.89,24.03,23.17,23.17,841500,18.7108858292,18.8205352229,18.1469746614,18.1469746614,841500,0.0,1.0
3020,2009-01-02T00:00:00.000Z,23.9,24.18,23.26,24.18,712100,18.7187179287,18.9380167162,18.2174635574,18.9380167162,712100,0.0,1.0
3021,2009-01-05T00:00:00.000Z,23.78,24.0,23.43,23.83,1288200,18.6247327341,18.7970389242,18.3506092498,18.6638932318,1288200,0.0,1.0
3022,2009-01-06T00:00:00.000Z,23.78,24.05,23.5,23.86,1216500,18.6247327341,18.836199422,18.4054339466,18.6873895305,1216500,0.0,1.0
3023,2009-01-07T00:00:00.000Z,23.79,24.07,23.3,23.54,1124600,18.6325648336,18.8518636211,18.2487919556,18.4367623448,1124600,0.0,1.0
3024,2009-01-08T00:00:00.000Z,23.02,23.62,22.69,23.49,2470400,18.0294931682,18.4994191413,17.7710338829,18.3976018471,2470400,0.0,1.0
3025,2009-01-09T00:00:00.000Z,22.79,23.18,22.5,23.01,1240800,17.8493548785,18.154806761,17.6222239915,18.0216610686,1240800,0.0,1.0
3026,2009-01-12T00:00:00.000Z,23.37,23.6,22.51,22.81,863800,18.3036166525,18.4837549422,17.630056091,17.8650190776,863800,0.0,1.0
3027,2009-01-13T00:00:00.000Z,24.2,25.14,22.91,23.41,1916400,18.9536809153,19.6898982731,17.9433400731,18.3349450507,1916400,0.0,1.0
3028,2009-01-14T00:00:00.000Z,23.54,24.11,23.47,23.71,1084100,18.4367623448,18.8831920193,18.381937648,18.5699080372,1084100,0.0,1.0
3029,2009-01-15T00:00:00.000Z,23.9,24.07,23.22,23.39,873100,18.7187179287,18.8518636211,18.1861351592,18.3192808516,873100,0.0,1.0
3030,2009-01-16T00:00:00.000Z,23.96,24.06,23.57,24.06,680900,18.765710526,18.8440315215,18.4602586435,18.8440315215,680900,0.0,1.0
3031,2009-01-20T00:00:00.000Z,23.29,23.91,23.11,23.91,1473200,18.2409598561,18.7265500283,18.0999820641,18.7265500283,1473200,0.0,1.0
3032,2009-01-21T00:00:00.000Z,23.54,23.79,23.27,23.5,1147900,18.4367623448,18.6325648336,18.225295657,18.4054339466,1147900,0.0,1.0
3033,2009-01-22T00:00:00.000Z,23.47,23.67,22.98,23.12,778700,18.381937648,18.538579639,17.9981647699,18.1078141637,778700,0.0,1.0
3034,2009-01-23T00:00:00.000Z,23.81,23.83,22.63,22.9,959400,18.6482290327,18.6638932318,17.7240412856,17.9355079735,959400,0.0,1.0
3035,2009-01-26T00:00:00.000Z,24.26,24.4,23.75,23.84,1464900,19.0006735126,19.1103229063,18.6012364354,18.6717253314,1464900,0.0,1.0
3036,2009-01-27T00:00:00.000Z,25.93,27.57,25.08,27.57,2687600,20.3086341377,21.5930984642,19.6429056758,21.5930984642,2687600,0.0,1.0
3037,2009-01-28T00:00:00.000Z,26.78,27.25,25.98,26.19,977800,20.9743625996,21.3424712786,20.3477946355,20.5122687261,977800,0.0,1.0
3038,2009-01-29T00:00:00.000Z,26.5,27.33,26.35,26.67,846000,20.7550638122,21.405128075,20.6375823189,20.8882095046,846000,0.0,1.0
3039,2009-01-30T00:00:00.000Z,26.6,27.08,26.26,26.28,1012100,20.8333848077,21.2093255862,20.5670934229,20.582757622,1012100,0.0,1.0
3040,2009-02-02T00:00:00.000Z,27.38,27.5,26.35,26.36,965100,21.4442885727,21.5382737673,20.6375823189,20.6454144184,965100,0.0,1.0
3041,2009-02-03T00:00:00.000Z,27.31,27.53,26.61,27.5,874700,21.3894638759,21.561770066,20.8412169072,21.5382737673,874700,0.0,1.0
3042,2009-02-04T00:00:00.000Z,27.1,27.98,27.05,27.53,468500,21.2249897853,21.9142145458,21.1858292875,21.561770066,468500,0.0,1.0
3043,2009-02-05T00:00:00.000Z,27.64,27.83,27.0,27.07,596300,21.6479231611,21.7967330526,21.1466687898,21.2014934866,596300,0.0,1.0
3044,2009-02-06T00:00:00.000Z,28.09,28.24,27.52,27.63,494300,22.0003676409,22.1178491342,21.5539379665,21.6400910615,494300,0.0,1.0
3045,2009-02-09T00:00:00.000Z,27.92,28.1,27.51,28.06,391000,21.9298787449,22.0712604847,21.6078425599,22.0398423203,391000,0.08,1.0
3046,2009-02-10T00:00:00.000Z,26.92,28.07,26.71,27.83,741200,21.1444246352,22.0476968614,20.9794792721,21.8591878751,741200,0.0,1.0
3047,2009-02-11T00:00:00.000Z,27.33,27.48,27.01,27.01,293900,21.4664608202,21.5842789366,21.215115505,21.215115505,293900,0.0,1.0
3048,2009-02-12T00:00:00.000Z,27.51,27.67,26.83,27.02,506600,21.6078425599,21.7335152175,21.0737337653,21.2229700461,506600,0.0,1.0
3049,2009-02-13T00:00:00.000Z,27.35,27.91,27.32,27.45,311700,21.4821699024,21.9220242038,21.4586062791,21.5607153133,311700,0.0,1.0
3050,2009-02-17T00:00:00.000Z,26.71,27.12,26.56,26.56,413500,20.9794792721,21.3015154571,20.8616611556,20.8616611556,413500,0.0,1.0
3051,2009-02-18T00:00:00.000Z,26.49,26.88,26.13,26.79,430900,20.806679368,21.1130064708,20.5239158884,21.0423156009,430900,0.0,1.0
3052,2009-02-19T00:00:00.000Z,26.5,26.87,26.48,26.7,471800,20.8145339091,21.1051519297,20.7988248269,20.971624731,471800,0.0,1.0
3053,2009-02-20T00:00:00.000Z,26.47,26.96,25.8,26.2,709200,20.7909702858,21.1758427996,20.2647160322,20.5788976761,709200,0.0,1.0
3054,2009-02-23T00:00:00.000Z,25.76,26.71,25.72,26.64,605600,20.2332978678,20.9794792721,20.2018797034,20.9244974844,605600,0.0,1.0
3055,2009-02-24T00:00:00.000Z,26.02,26.15,25.35,26.03,586800,20.4375159364,20.5396249706,19.9112616828,20.4453704775,586800,0.0,1.0
3056,2009-02-25T00:00:00.000Z,25.21,25.89,24.8,25.82,844200,19.8012981074,20.3354069021,19.4792619224,20.2804251144,844200,0.0,1.0
3057,2009-02-26T00:00:00.000Z,23.74,25.4,23.69,25.36,651100,18.6466805661,19.9505343883,18.6074078606,19.9191162239,651100,0.0,1.0
3058,2009-02-27T00:00:00.000Z,23.06,23.48,23.06,23.36,975500,18.1125717714,18.4424624975,18.1125717714,18.3482080044,975500,0.0,1.0
3059,2009-03-02T00:00:00.000Z,20.76,22.79,20.74,22.71,1142100,16.3060273189,17.9004991618,16.2903182367,17.837662833,1142100,0.0,1.0
3060,2009-03-03T00:00:00.000Z,20.65,21.07,20.17,20.79,1248000,16.2196273669,16.549518093,15.8426093942,16.3295909422,1248000,0.0,1.0
3061,2009-03-04T00:00:00.000Z,20.94,21.3,20.27,20.82,1103100,16.4474090587,16.7301725382,15.9211548052,16.3531545655,1103100,0.0,1.0
3062,2009-03-05T00:00:00.000Z,20.12,20.84,20.12,20.64,709000,15.8033366887,16.3688636477,15.8033366887,16.2117728258,709000,0.0,1.0
3063,2009-03-06T00:00:00.000Z,20.61,20.63,19.86,20.21,1018500,16.1882092025,16.2039182847,15.5991186201,15.8740275586,1018500,0.0,1.0
3064,2009-03-09T00:00:00.000Z,19.25,20.4,19.2,20.4,867000,15.1199916132,16.0232638394,15.0807189077,16.0232638394,867000,0.0,1.0
3065,2009-03-10T00:00:00.000Z,20.08,20.09,19.49,19.54,666500,15.7719185243,15.7797730654,15.3085005995,15.347773305,666500,0.0,1.0
3066,2009-03-11T00:00:00.000Z,19.81,20.5,19.52,20.13,458800,15.5598459147,16.1018092504,15.3320642228,15.8111912298,458800,0.0,1.0
3067,2009-03-12T00:00:00.000Z,20.72,20.89,19.31,19.59,623400,16.2746091546,16.4081363532,15.1671188598,15.3870460105,623400,0.0,1.0
3068,2009-03-13T00:00:00.000Z,21.14,21.36,20.5,20.72,358500,16.6044998807,16.7772997848,16.1018092504,16.2746091546,358500,0.0,1.0
3069,2009-03-16T00:00:00.000Z,21.07,21.51,21.0,21.35,403500,16.549518093,16.8951179013,16.4945363053,16.7694452437,403500,0.0,1.0
3070,2009-03-17T00:00:00.000Z,21.64,21.64,20.72,21.07,542300,16.9972269355,16.9972269355,16.2746091546,16.549518093,542300,0.0,1.0
3071,2009-03-18T00:00:00.000Z,22.19,22.63,21.39,21.39,679600,17.4292266959,17.7748265042,16.8008634081,16.8008634081,679600,0.0,1.0
3072,2009-03-19T00:00:00.000Z,21.81,22.42,21.69,22.42,612900,17.1307541342,17.6098811412,17.036499641,17.6098811412,612900,0.0,1.0
3073,2009-03-20T00:00:00.000Z,21.71,22.26,21.22,21.32,685000,17.0522087232,17.4842084836,16.6673362094,16.7458816204,685000,0.0,1.0
3074,2009-03-23T00:00:00.000Z,22.15,22.15,21.43,22.05,502400,17.3978085315,17.3978085315,16.8322815725,17.3192631206,502400,0.0,1.0
3075,2009-03-24T00:00:00.000Z,21.88,22.25,21.77,21.86,409700,17.1857359219,17.4763539425,17.0993359698,17.1700268397,409700,0.0,1.0
3076,2009-03-25T00:00:00.000Z,22.47,22.8,21.89,22.0,764800,17.6491538467,17.9083537029,17.193590463,17.2799904151,764800,0.0,1.0
3077,2009-03-26T00:00:00.000Z,23.87,23.89,22.46,22.55,989800,18.7487896003,18.7644986825,17.6412993056,17.7119901754,989800,0.0,1.0
3078,2009-03-27T00:00:00.000Z,23.51,24.06,23.36,23.96,537700,18.4660261208,18.8980258812,18.3482080044,18.8194804702,537700,0.0,1.0
3079,2009-03-30T00:00:00.000Z,22.77,23.17,22.3,22.9,515400,17.8847900796,18.1989717235,17.515626648,17.9868991139,515400,0.0,1.0
3080,2009-03-31T00:00:00.000Z,23.28,23.84,22.86,23.04,460700,18.2853716756,18.7252259771,17.9554809495,18.0968626892,460700,0.0,1.0
3081,2009-04-01T00:00:00.000Z,22.88,22.92,22.22,22.8,525800,17.9711900317,18.0026081961,17.4527903192,17.9083537029,525800,0.0,1.0
3082,2009-04-02T00:00:00.000Z,24.0,24.16,23.08,23.22,609500,18.8508986346,18.9765712922,18.1282808536,18.238244429,609500,0.0,1.0
3083,2009-04-03T00:00:00.000Z,24.05,24.24,23.6,24.11,549600,18.8901713401,19.039407621,18.5367169907,18.9372985867,549600,0.0,1.0
3084,2009-04-06T00:00:00.000Z,23.74,24.17,23.43,23.89,664900,18.6466805661,18.9844258333,18.403189792,18.7644986825,664900,0.0,1.0
3085,2009-04-07T00:00:00.000Z,23.89,24.31,23.55,23.67,530000,18.7644986825,19.0943894086,18.4974442852,18.5916987784,530000,0.0,1.0
3086,2009-04-08T00:00:00.000Z,24.66,24.84,23.98,24.07,596700,19.3692983471,19.5106800868,18.8351895524,18.9058804223,596700,0.0,1.0
3087,2009-04-09T00:00:00.000Z,25.22,25.35,24.84,25.05,467600,19.8091526485,19.9112616828,19.5106800868,19.6756254499,467600,0.0,1.0
3088,2009-04-13T00:00:00.000Z,25.01,25.25,24.74,24.96,624300,19.6442072855,19.8327162718,19.4321346758,19.60493458,624300,0.0,1.0
3089,2009-04-14T00:00:00.000Z,24.55,24.93,24.41,24.82,545900,19.282898395,19.5813709567,19.1729348196,19.4949710046,545900,0.0,1.0
3090,2009-04-15T00:00:00.000Z,24.9,25.09,24.44,24.49,656900,19.5578073334,19.7070436143,19.1964984429,19.2357711484,656900,0.0,1.0
3091,2009-04-16T00:00:00.000Z,25.31,25.56,24.97,25.14,625200,19.8798435184,20.0762070459,19.6127891211,19.7463163198,625200,0.0,1.0
3092,2009-04-17T00:00:00.000Z,25.83,25.91,25.24,25.37,523600,20.2882796555,20.3511159843,19.8248617307,19.926970765,523600,0.0,1.0
3093,2009-04-20T00:00:00.000Z,24.75,25.82,24.63,25.35,473500,19.4399892169,20.2804251144,19.3457347238,19.9112616828,473500,0.0,1.0
3094,2009-04-21T00:00:00.000Z,24.2,25.18,24.06,24.61,730400,19.0079894566,19.7777344841,18.8980258812,19.3300256416,730400,0.0,1.0
3095,2009-04-22T00:00:00.000Z,23.95,24.38,23.81,24.01,541400,18.8116259291,19.1493711963,18.7016623538,18.8587531757,541400,0.0,1.0
3096,2009-04-23T00:00:00.000Z,22.95,23.93,22.8,23.93,853500,18.0261718193,18.7959168469,17.9083537029,18.7959168469,853500,0.0,1.0
3097,2009-04-24T00:00:00.000Z,22.87,23.04,22.55,22.97,659900,17.9633354906,18.0968626892,17.7119901754,18.0418809015,659900,0.0,1.0
3098,2009-04-27T00:00:00.000Z,23.08,23.6,22.65,23.47,1076000,18.1282808536,18.5367169907,17.7905355864,18.4346079564,1076000,0.0,1.0
3099,2009-04-28T00:00:00.000Z,23.01,23.6,22.93,22.96,728400,18.0732990659,18.5367169907,18.0104627372,18.0340263604,728400,0.0,1.0
3100,2009-04-29T00:00:00.000Z,24.09,24.19,22.61,23.36,1163400,18.9215895045,19.0001349155,17.759117422,18.3482080044,1163400,0.0,1.0
3101,2009-04-30T00:00:00.000Z,24.1,24.58,23.95,24.36,600300,18.9294440456,19.3064620183,18.8116259291,19.1336621141,600300,0.0,1.0
3102,2009-05-01T00:00:00.000Z,24.07,24.32,23.74,23.9,501100,18.9058804223,19.1022439497,18.6466805661,18.7723532236,501100,0.0,1.0
3103,2009-05-04T00:00:00.000Z,24.51,24.53,23.68,24.12,651300,19.2514802306,19.2671893128,18.5995533195,18.9451531278,651300,0.0,1.0
3104,2009-05-05T00:00:00.000Z,23.76,24.46,23.57,24.25,1174700,18.6623896483,19.2122075251,18.5131533674,19.0472621621,1174700,0.0,1.0
3105,2009-05-06T00:00:00.000Z,23.4,24.21,22.94,24.02,1323800,18.3796261687,19.0158439977,18.0183172783,18.8666077168,1323800,0.0,1.0
3106,2009-05-07T00:00:00.000Z,26.02,27.02,24.18,24.18,1757300,20.4375159364,21.2229700461,18.9922803744,18.9922803744,1757300,0.0,1.0
3107,2009-05-08T00:00:00.000Z,26.29,26.81,25.94,26.2,857800,20.649588546,21.0580246831,20.3746796076,20.5788976761,857800,0.0,1.0
3108,2009-05-11T00:00:00.000Z,26.0,26.52,25.87,26.0,565000,20.4218068542,20.8302429912,20.3196978199,20.4218068542,565000,0.0,1.0
3109,2009-05-12T00:00:00.000Z,26.3,26.48,25.91,26.09,575200,20.6574430871,20.7988248269,20.3511159843,20.492497724,575200,0.0,1.0
3110,2009-05-13T00:00:00.000Z,25.53,26.43,25.46,25.99,549200,20.0526434226,20.7595521214,19.9976616349,20.4139523131,549200,0.0,1.0
3111,2009-05-14T00:00:00.000Z,25.51,25.92,25.46,25.67,548900,20.0369343404,20.3589705254,19.9976616349,20.1626069979,548900,0.0,1.0
3112,2009-05-15T00:00:00.000Z,25.14,25.53,24.96,25.43,532600,19.7463163198,20.0526434226,19.60493458,19.9740980116,532600,0.0,1.0
3113,2009-05-18T00:00:00.000Z,24.38,25.15,24.15,25.15,879600,19.1493711963,19.7541708609,18.9687167511,19.7541708609,879600,0.0,1.0
3114,2009-05-19T00:00:00.000Z,24.05,24.4,23.75,24.3,1050700,18.9765712922,19.2527376104,18.7398573052,19.173832948,1050700,0.11,1.0
3115,2009-05-20T00:00:00.000Z,23.73,24.34,23.7,24.13,688200,18.7240763727,19.205394813,18.700404974,19.039695022,688200,0.0,1.0
3116,2009-05-21T00:00:00.000Z,22.83,23.61,22.62,23.46,809900,18.0139344117,18.6293907779,17.8482346208,18.5110337844,809900,0.0,1.0
3117,2009-05-22T00:00:00.000Z,22.85,23.5,22.84,22.99,587600,18.0297153441,18.5425956493,18.0218248779,18.1401818714,587600,0.0,1.0
3118,2009-05-26T00:00:00.000Z,23.31,23.6,22.61,22.82,922700,18.3926767909,18.6215003117,17.8403441545,18.0060439454,922700,0.0,1.0
3119,2009-05-27T00:00:00.000Z,22.71,23.26,22.57,23.18,821800,17.9192488169,18.3532244597,17.8087822896,18.2901007298,821800,0.0,1.0
3120,2009-05-28T00:00:00.000Z,22.58,22.97,22.22,22.85,911900,17.8166727558,18.1244009389,17.5326159714,18.0297153441,911900,0.0,1.0
3121,2009-05-29T00:00:00.000Z,23.63,23.63,22.32,22.72,649900,18.6451717104,18.6451717104,17.6115206337,17.9271392831,649900,0.0,1.0
3122,2009-06-01T00:00:00.000Z,24.64,24.69,23.78,23.91,631400,19.4421088,19.4815611311,18.7635287039,18.8661047649,631400,0.0,1.0
3123,2009-06-02T00:00:00.000Z,25.41,25.68,24.37,24.46,731000,20.0496747,20.2627172883,19.2290662117,19.3000804078,731000,0.0,1.0
3124,2009-06-03T00:00:00.000Z,26.04,26.04,25.01,25.18,639200,20.5467740727,20.5467740727,19.7340560506,19.8681939766,639200,0.0,1.0
3125,2009-06-04T00:00:00.000Z,25.64,26.07,25.0,26.06,864100,20.2311554233,20.5704454714,19.7261655844,20.5625550052,864100,0.0,1.0
3126,2009-06-05T00:00:00.000Z,25.22,25.92,25.01,25.92,349900,19.8997558415,20.4520884779,19.7340560506,20.4520884779,349900,0.0,1.0
3127,2009-06-08T00:00:00.000Z,25.08,25.42,24.75,25.01,399400,19.7892893143,20.0575651662,19.5289039285,19.7340560506,399400,0.0,1.0
3128,2009-06-09T00:00:00.000Z,25.41,25.45,24.81,25.06,473400,20.0496747,20.0812365649,19.5762467259,19.7735083818,473400,0.0,1.0
3129,2009-06-10T00:00:00.000Z,25.16,25.52,24.83,25.48,502900,19.8524130441,20.1364698285,19.5920276584,20.1049079636,502900,0.0,1.0
3130,2009-06-11T00:00:00.000Z,25.51,25.76,25.17,25.17,492100,20.1285793623,20.3258410182,19.8603035104,19.8603035104,492100,0.0,1.0
3131,2009-06-12T00:00:00.000Z,25.18,25.43,24.99,25.35,346500,19.8681939766,20.0654556324,19.7182751182,20.0023319026,346500,0.0,1.0
3132,2009-06-15T00:00:00.000Z,24.53,25.0,24.09,24.94,643400,19.3553136714,19.7261655844,19.0081331571,19.678822787,643400,0.0,1.0
3133,2009-06-16T00:00:00.000Z,24.19,24.69,24.18,24.69,388000,19.0870378195,19.4815611311,19.0791473532,19.4815611311,388000,0.0,1.0
3134,2009-06-17T00:00:00.000Z,25.09,25.37,24.01,24.23,320400,19.7971797805,20.018112835,18.9450094272,19.1185996844,320400,0.0,1.0
3135,2009-06-18T00:00:00.000Z,25.87,26.01,24.89,25.04,420800,20.4126361467,20.523102674,19.6393704558,19.7577274493,420800,0.0,1.0
3136,2009-06-19T00:00:00.000Z,25.87,26.46,25.67,26.11,534400,20.4126361467,20.8781736545,20.254826822,20.6020073363,534400,0.0,1.0
3137,2009-06-22T00:00:00.000Z,25.42,25.81,25.3,25.73,400600,20.0575651662,20.3652933493,19.9628795714,20.3021696194,400600,0.0,1.0
3138,2009-06-23T00:00:00.000Z,25.2,25.75,25.18,25.58,268200,19.8839749091,20.3179505519,19.8681939766,20.1838126259,268200,0.0,1.0
3139,2009-06-24T00:00:00.000Z,25.07,25.59,24.9,25.48,446400,19.781398848,20.1917030922,19.647260922,20.1049079636,446400,0.0,1.0
3140,2009-06-25T00:00:00.000Z,25.23,25.26,24.9,25.1,580700,19.9076463078,19.9313177065,19.647260922,19.8050702467,580700,0.0,1.0
3141,2009-06-26T00:00:00.000Z,25.14,25.41,24.59,25.19,797600,19.8366321117,20.0496747,19.4026564688,19.8760844428,797600,0.0,1.0
3142,2009-06-29T00:00:00.000Z,26.0,26.08,25.12,25.25,478800,20.5152122078,20.5783359376,19.8208511792,19.9234272402,478800,0.0,1.0
3143,2009-06-30T00:00:00.000Z,26.08,26.21,25.73,25.94,413200,20.5783359376,20.6809119987,20.3021696194,20.4678694104,413200,0.0,1.0
3144,2009-07-01T00:00:00.000Z,26.19,26.3,25.78,26.3,484900,20.6651310662,20.7519261948,20.3416219506,20.7519261948,484900,0.0,1.0
3145,2009-07-02T00:00:00.000Z,25.72,26.01,25.28,25.75,547900,20.2942791532,20.523102674,19.9470986389,20.3179505519,547900,0.0,1.0
3146,2009-07-06T00:00:00.000Z,25.85,25.9,25.34,25.54,245200,20.3968552143,20.4363075454,19.9944414363,20.152250761,245200,0.0,1.0
3147,2009-07-07T00:00:00.000Z,25.25,26.0,25.23,26.0,282700,19.9234272402,20.5152122078,19.9076463078,20.5152122078,282700,0.0,1.0
3148,2009-07-08T00:00:00.000Z,25.15,25.46,24.8,25.4,542000,19.8445225779,20.0891270311,19.5683562597,20.0417842337,542000,0.0,1.0
3149,2009-07-09T00:00:00.000Z,24.87,25.2,24.8,25.2,331500,19.6235895233,19.8839749091,19.5683562597,19.8839749091,331500,0.0,1.0
3150,2009-07-10T00:00:00.000Z,25.0,25.27,24.68,24.8,173000,19.7261655844,19.9392081727,19.4736706649,19.5683562597,173000,0.0,1.0
3151,2009-07-13T00:00:00.000Z,25.64,25.66,24.76,25.01,262200,20.2311554233,20.2469363558,19.5367943948,19.7340560506,262200,0.0,1.0
3152,2009-07-14T00:00:00.000Z,25.04,25.64,24.87,25.56,558400,19.7577274493,20.2311554233,19.6235895233,20.1680316935,558400,0.0,1.0
3153,2009-07-15T00:00:00.000Z,26.4,26.4,25.26,25.41,479900,20.8308308571,20.8308308571,19.9313177065,20.0496747,479900,0.0,1.0
3154,2009-07-16T00:00:00.000Z,26.78,26.82,26.17,26.19,297200,21.130668574,21.1622304389,20.6493501337,20.6651310662,297200,0.0,1.0
3155,2009-07-17T00:00:00.000Z,27.06,27.26,26.54,26.71,641800,21.3516016285,21.5094109532,20.9412973844,21.0754353104,641800,0.0,1.0
3156,2009-07-20T00:00:00.000Z,27.06,27.2,26.5,27.2,276500,21.3516016285,21.4620681558,20.9097355194,21.4620681558,276500,0.0,1.0
3157,2009-07-21T00:00:00.000Z,27.31,27.4,26.92,27.11,238700,21.5488632844,21.6198774805,21.2411351013,21.3910539597,238700,0.0,1.0
3158,2009-07-22T00:00:00.000Z,27.99,28.36,27.29,27.33,613700,22.0854149883,22.3773622389,21.5330823519,21.5646442168,613700,0.0,1.0
3159,2009-07-23T00:00:00.000Z,29.08,29.08,27.82,27.86,675100,22.9454758078,22.9454758078,21.9512770623,21.9828389272,675100,0.0,1.0
3160,2009-07-24T00:00:00.000Z,29.27,29.28,28.77,28.84,561000,23.0953946662,23.1032851324,22.7008713545,22.7561046181,561000,0.0,1.0
3161,2009-07-27T00:00:00.000Z,29.15,29.25,29.02,29.16,400000,23.0007090714,23.0796137337,22.8981330104,23.0085995376,400000,0.0,1.0
3162,2009-07-28T00:00:00.000Z,29.5,29.59,28.95,29.01,469700,23.2768753896,23.3478895857,22.8428997467,22.8902425441,469700,0.0,1.0
3163,2009-07-29T00:00:00.000Z,29.41,29.86,29.2,29.5,310400,23.2058611935,23.560932174,23.0401614026,23.2768753896,310400,0.0,1.0
3164,2009-07-30T00:00:00.000Z,29.89,30.23,29.13,29.45,464500,23.5846035727,23.8528794246,22.9849281389,23.2374230584,464500,0.0,1.0
3165,2009-07-31T00:00:00.000Z,28.08,29.71,28.08,29.71,839800,22.1564291844,23.4425751805,22.1564291844,23.4425751805,839800,0.0,1.0
3166,2009-08-03T00:00:00.000Z,28.23,28.4,27.81,28.23,499900,22.2747861779,22.4089241039,21.9433865961,22.2747861779,499900,0.0,1.0
3167,2009-08-04T00:00:00.000Z,28.41,28.53,28.02,28.04,187200,22.4168145701,22.5115001649,22.109086387,22.1248673194,187200,0.0,1.0
3168,2009-08-05T00:00:00.000Z,27.8,28.68,27.59,28.33,302400,21.9354961298,22.6298571584,21.7697963389,22.3536908402,302400,0.0,1.0
3169,2009-08-06T00:00:00.000Z,27.6,28.26,27.02,27.93,268700,21.7776868052,22.2984575766,21.3200397636,22.0380721909,268700,0.0,1.0
3170,2009-08-07T00:00:00.000Z,28.41,28.6,27.78,27.88,462200,22.4168145701,22.5667334285,21.9197151974,21.9986198597,462200,0.0,1.0
3171,2009-08-10T00:00:00.000Z,28.94,29.22,28.31,28.31,303100,22.8350092805,23.055942335,22.3379099078,22.3379099078,303100,0.0,1.0
3172,2009-08-11T00:00:00.000Z,28.73,29.41,28.73,28.93,314500,22.6693094896,23.2058611935,22.6693094896,22.8271188143,314500,0.0,1.0
3173,2009-08-12T00:00:00.000Z,29.39,29.77,28.83,28.88,329400,23.190080261,23.4899179779,22.7482141519,22.7876664831,329400,0.0,1.0
3174,2009-08-13T00:00:00.000Z,29.06,29.45,28.61,29.44,190900,22.9296948753,23.2374230584,22.5746238948,23.2295325922,190900,0.0,1.0
3175,2009-08-14T00:00:00.000Z,28.46,29.23,28.17,29.12,268800,22.4562669013,23.0638328013,22.2274433805,22.9770376727,268800,0.0,1.0
3176,2009-08-17T00:00:00.000Z,28.32,28.63,27.9,27.95,294100,22.345800374,22.5904048272,22.0144007922,22.0538531233,294100,0.0,1.0
3177,2009-08-18T00:00:00.000Z,28.31,28.57,27.8,28.15,243400,22.4247050363,22.6306542878,22.0207276584,22.2979670354,243400,0.11,1.0
3178,2009-08-19T00:00:00.000Z,28.93,28.99,28.12,28.13,223400,22.9158147899,22.9633415402,22.2742036602,22.2821247853,223400,0.0,1.0
3179,2009-08-20T00:00:00.000Z,29.16,29.31,28.76,28.82,261400,23.0980006662,23.216817542,22.7811556639,22.8286824142,261400,0.0,1.0
3180,2009-08-21T00:00:00.000Z,29.42,29.76,29.0,29.3,269700,23.3039499177,23.5732681696,22.9712626653,23.208896417,269700,0.0,1.0
3181,2009-08-24T00:00:00.000Z,29.02,29.56,28.94,29.56,276600,22.9871049154,23.4148456685,22.9237359149,23.4148456685,276600,0.0,1.0
3182,2009-08-25T00:00:00.000Z,29.4,29.64,29.1,29.19,367100,23.2881076675,23.4782146689,23.0504739158,23.1217640413,367100,0.0,1.0
3183,2009-08-26T00:00:00.000Z,29.02,29.39,28.85,29.28,290800,22.9871049154,23.2801865425,22.8524457894,23.1930541669,290800,0.0,1.0
3184,2009-08-27T00:00:00.000Z,29.05,29.21,28.44,29.08,172900,23.0108682905,23.1376062915,22.5276796621,23.0346316657,172900,0.0,1.0
3185,2009-08-28T00:00:00.000Z,28.89,29.22,28.64,29.0,208000,22.8841302896,23.1455274165,22.6861021632,22.9712626653,208000,0.0,1.0
3186,2009-08-31T00:00:00.000Z,29.02,29.15,28.36,28.64,372200,22.9871049154,23.0900795411,22.4643106616,22.6861021632,372200,0.0,1.0
3187,2009-09-01T00:00:00.000Z,28.28,29.36,28.23,28.85,308600,22.4009416612,23.2564231673,22.3613360359,22.8524457894,308600,0.0,1.0
3188,2009-09-02T00:00:00.000Z,28.31,28.78,28.26,28.53,144700,22.4247050363,22.796997914,22.385099411,22.5989697876,144700,0.0,1.0
3189,2009-09-03T00:00:00.000Z,28.4,28.49,27.87,28.49,159900,22.4959951618,22.5672852874,22.0761755338,22.5672852874,159900,0.0,1.0
3190,2009-09-04T00:00:00.000Z,28.83,29.02,27.98,28.44,204900,22.8366035393,22.9871049154,22.1633079094,22.5276796621,204900,0.0,1.0
3191,2009-09-08T00:00:00.000Z,28.21,29.06,28.04,29.03,366000,22.3454937858,23.0187894156,22.2108346598,22.9950260404,366000,0.0,1.0
3192,2009-09-09T00:00:00.000Z,28.09,28.59,28.0,28.5,570400,22.2504402851,22.6464965379,22.1791501596,22.5752064124,570400,0.0,1.0
3193,2009-09-10T00:00:00.000Z,28.33,28.54,28.0,28.15,485300,22.4405472864,22.6068909126,22.1791501596,22.2979670354,485300,0.0,1.0
3194,2009-09-11T00:00:00.000Z,28.21,28.47,28.02,28.27,299900,22.3454937858,22.5514430372,22.1949924097,22.3930205361,299900,0.0,1.0
3195,2009-09-14T00:00:00.000Z,28.35,28.51,27.81,28.11,496900,22.4563895366,22.5831275375,22.0286487835,22.2662825352,496900,0.0,1.0
3196,2009-09-15T00:00:00.000Z,28.68,28.88,28.3,28.34,268700,22.7177866634,22.8762091646,22.4167839113,22.4484684115,268700,0.0,1.0
3197,2009-09-16T00:00:00.000Z,29.0,29.15,28.59,28.7,464300,22.9712626653,23.0900795411,22.6464965379,22.7336289136,464300,0.0,1.0
3198,2009-09-17T00:00:00.000Z,29.25,29.57,28.79,28.79,339900,23.1692907917,23.4227667935,22.8049190391,22.8049190391,339900,0.0,1.0
3199,2009-09-18T00:00:00.000Z,29.77,30.0,29.29,29.32,537400,23.5811892946,23.763375171,23.2009752919,23.2247386671,537400,0.0,1.0
3200,2009-09-21T00:00:00.000Z,29.91,29.98,29.6,29.72,366400,23.6920850454,23.7475329208,23.4465301687,23.5415836694,366400,0.0,1.0
3201,2009-09-22T00:00:00.000Z,30.04,30.19,29.53,29.95,319800,23.7950596712,23.913876547,23.3910822933,23.7237695457,319800,0.0,1.0
3202,2009-09-23T00:00:00.000Z,30.11,30.55,30.0,30.18,291000,23.8505075466,24.1990370491,23.763375171,23.905955422,291000,0.0,1.0
3203,2009-09-24T00:00:00.000Z,29.81,30.25,29.61,30.08,289200,23.6128737949,23.9614032974,23.4544512937,23.8267441714,289200,0.0,1.0
3204,2009-09-25T00:00:00.000Z,29.81,30.31,29.63,29.71,320000,23.6128737949,24.0089300477,23.4702935439,23.5336625443,320000,0.0,1.0
3205,2009-09-28T00:00:00.000Z,30.55,30.85,29.69,29.98,278500,24.1990370491,24.4366708008,23.5178202942,23.7475329208,278500,0.0,1.0
3206,2009-09-29T00:00:00.000Z,30.46,30.77,30.33,30.67,178200,24.1277469236,24.3733018003,24.0247722978,24.2940905498,178200,0.0,1.0
3207,2009-09-30T00:00:00.000Z,30.45,30.69,29.78,30.46,346700,24.1198257985,24.3099327999,23.5891104197,24.1277469236,346700,0.0,1.0
3208,2009-10-01T00:00:00.000Z,29.63,30.33,29.45,30.28,245800,23.4702935439,24.0247722978,23.3277132928,23.9851666726,245800,0.0,1.0
3209,2009-10-02T00:00:00.000Z,29.23,29.79,29.15,29.21,163900,23.1534485416,23.5970315448,23.0900795411,23.1376062915,163900,0.0,1.0
3210,2009-10-05T00:00:00.000Z,29.88,30.2,29.57,29.91,622600,23.6683216703,23.9217976721,23.4227667935,23.6920850454,622600,0.0,1.0
3211,2009-10-06T00:00:00.000Z,30.51,30.51,29.65,30.01,565700,24.1673525489,24.1673525489,23.486135794,23.771296296,565700,0.0,1.0
3212,2009-10-07T00:00:00.000Z,30.48,30.69,30.27,30.5,150600,24.1435891737,24.3099327999,23.9772455475,24.1594314238,150600,0.0,1.0
3213,2009-10-08T00:00:00.000Z,31.34,31.63,30.56,30.81,457600,24.8248059286,25.0545185552,24.2069581742,24.4049863006,457600,0.0,1.0
3214,2009-10-09T00:00:00.000Z,32.07,32.15,31.35,31.35,394200,25.4030480578,25.4664170582,24.8327270537,24.8327270537,394200,0.0,1.0
3215,2009-10-12T00:00:00.000Z,32.62,32.79,32.23,32.27,463000,25.8387099359,25.9733690619,25.5297860587,25.5614705589,463000,0.0,1.0
3216,2009-10-13T00:00:00.000Z,32.32,32.68,31.88,32.65,389900,25.6010761842,25.8862366862,25.2525466817,25.8624733111,389900,0.0,1.0
3217,2009-10-14T00:00:00.000Z,32.77,32.82,32.3,32.58,296100,25.9575268117,25.997132437,25.5852339341,25.8070254357,296100,0.0,1.0
3218,2009-10-15T00:00:00.000Z,32.55,32.8,32.36,32.72,308800,25.7832620605,25.9812901869,25.6327606844,25.9179211865,308800,0.0,1.0
3219,2009-10-16T00:00:00.000Z,32.75,32.9,32.33,32.51,281700,25.9416845616,26.0605014375,25.6089973092,25.7515775603,281700,0.0,1.0
3220,2009-10-19T00:00:00.000Z,32.76,33.04,32.19,32.87,466600,25.9496056867,26.1713971883,25.4981015584,26.0367380623,466600,0.0,1.0
3221,2009-10-20T00:00:00.000Z,32.23,32.67,31.67,32.67,485300,25.5297860587,25.8783155612,25.0862030555,25.8783155612,485300,0.0,1.0
3222,2009-10-21T00:00:00.000Z,31.16,32.33,31.13,32.13,561700,24.6822256776,25.6089973092,24.6584623024,25.4505748081,561700,0.0,1.0
3223,2009-10-22T00:00:00.000Z,32.08,32.18,30.8,31.21,482300,25.4109691828,25.4901804334,24.3970651755,24.7218313029,482300,0.0,1.0
3224,2009-10-23T00:00:00.000Z,31.46,32.25,31.22,32.25,380400,24.9198594293,25.5456283088,24.7297524279,25.5456283088,380400,0.0,1.0
3225,2009-10-26T00:00:00.000Z,31.3,32.05,30.99,31.4,383300,24.7931214284,25.3872058076,24.5475665516,24.8723326789,383300,0.0,1.0
3226,2009-10-27T00:00:00.000Z,31.19,31.86,31.05,31.45,413000,24.7059890527,25.2367044316,24.5950933019,24.9119383042,413000,0.0,1.0
3227,2009-10-28T00:00:00.000Z,30.1,31.13,30.07,31.11,490500,23.8425864215,24.6584623024,23.8188230464,24.6426200523,490500,0.0,1.0
3228,2009-10-29T00:00:00.000Z,29.58,30.38,29.41,30.27,722900,23.4306879186,24.0643779231,23.2960287926,23.9772455475,722900,0.0,1.0
3229,2009-10-30T00:00:00.000Z,29.26,29.85,29.25,29.4,550500,23.1772119167,23.6445582951,23.1692907917,23.2881076675,550500,0.0,1.0
3230,2009-11-02T00:00:00.000Z,29.79,29.86,29.01,29.3,415800,23.5970315448,23.6524794202,22.9791837903,23.208896417,415800,0.0,1.0
3231,2009-11-03T00:00:00.000Z,31.66,31.98,30.52,31.47,1242600,25.0782819304,25.3317579322,24.1752736739,24.9277805543,1242600,0.0,1.0
3232,2009-11-04T00:00:00.000Z,33.0,33.8,31.9,32.13,936700,26.1397126881,26.7734026926,25.2683889318,25.4505748081,936700,0.0,1.0
3233,2009-11-05T00:00:00.000Z,34.0,34.46,33.19,33.27,853800,26.9318251938,27.2961969464,26.2902140641,26.3535830646,853800,0.0,1.0
3234,2009-11-06T00:00:00.000Z,33.93,34.38,33.65,33.72,357800,26.8763773184,27.2328279459,26.6545858168,26.7100336922,357800,0.0,1.0
3235,2009-11-09T00:00:00.000Z,34.53,34.56,34.08,34.16,496100,27.3516448218,27.3754081969,26.9951941942,27.0585631947,496100,0.0,1.0
3236,2009-11-10T00:00:00.000Z,34.87,35.0,34.36,34.53,580200,27.6209630737,27.7239376995,27.2169856958,27.3516448218,580200,0.0,1.0
3237,2009-11-11T00:00:00.000Z,34.75,35.0,34.58,34.97,343900,27.525909573,27.7239376995,27.3912504471,27.7001743243,343900,0.0,1.0
3238,2009-11-12T00:00:00.000Z,34.23,34.99,34.11,34.67,294900,27.1140110701,27.7160165744,27.0189575694,27.4625405726,294900,0.0,1.0
3239,2009-11-13T00:00:00.000Z,34.73,34.82,33.99,34.36,410900,27.5100673229,27.5813574484,26.9239040687,27.2169856958,410900,0.0,1.0
3240,2009-11-16T00:00:00.000Z,35.03,35.33,34.78,34.8,515800,27.7477010746,27.9853348263,27.5496729482,27.5655151983,515800,0.0,1.0
3241,2009-11-17T00:00:00.000Z,35.25,35.42,34.84,35.0,358900,27.9219658259,28.0566249518,27.5971996985,27.7239376995,358900,0.0,1.0
3242,2009-11-18T00:00:00.000Z,34.84,35.15,34.63,35.02,255800,27.5971996985,27.8427545753,27.4308560723,27.7397799496,255800,0.0,1.0
3243,2009-11-19T00:00:00.000Z,34.22,34.69,34.0,34.61,400600,27.106089945,27.4783828227,26.9318251938,27.4150138222,400600,0.0,1.0
3244,2009-11-20T00:00:00.000Z,31.83,32.37,31.64,32.22,516100,26.8842984434,27.3403939872,26.7238203817,27.2137007806,516100,2.11,1.0
3245,2009-11-23T00:00:00.000Z,32.74,33.25,32.13,32.27,406500,27.6529038969,28.0836607994,27.1376848566,27.2559318495,406500,0.0,1.0
3246,2009-11-24T00:00:00.000Z,33.06,33.11,32.45,32.69,210000,27.9231827376,27.9654138065,27.4079636974,27.610672828,210000,0.0,1.0
3247,2009-11-25T00:00:00.000Z,32.87,33.26,32.79,33.06,184500,27.7627046759,28.0921070131,27.6951349657,27.9231827376,184500,0.0,1.0
3248,2009-11-27T00:00:00.000Z,32.48,32.82,32.15,32.39,144500,27.4333023387,27.7204736071,27.1545772842,27.3572864148,144500,0.0,1.0
3249,2009-11-30T00:00:00.000Z,32.31,32.43,31.6,32.41,735200,27.2897167046,27.3910712699,26.6900355266,27.3741788423,735200,0.0,1.0
3250,2009-12-01T00:00:00.000Z,32.9,33.03,32.48,32.55,435500,27.7880433173,27.8978440963,27.4333023387,27.4924258352,435500,0.0,1.0
3251,2009-12-02T00:00:00.000Z,33.39,33.54,32.69,33.0,340900,28.2019077922,28.3286009988,27.610672828,27.872505455,340900,0.0,1.0
3252,2009-12-03T00:00:00.000Z,33.31,33.65,33.27,33.5,333100,28.134338082,28.4215093503,28.1005532269,28.2948161437,333100,0.0,1.0
3253,2009-12-04T00:00:00.000Z,29.14,33.0,25.65,33.0,9046700,24.6122669381,27.872505455,21.6645383309,27.872505455,9046700,0.0,1.0
3254,2009-12-07T00:00:00.000Z,30.2,30.24,28.27,28.78,2533900,25.5075655982,25.5413504533,23.8774463398,24.3082032423,2533900,0.0,1.0
3255,2009-12-08T00:00:00.000Z,30.02,30.1,29.5,29.79,718000,25.3555337503,25.4231034605,24.916330634,25.1612708335,718000,0.0,1.0
3256,2009-12-09T00:00:00.000Z,29.68,30.04,29.34,29.91,825300,25.068362482,25.3724261778,24.7811912136,25.2626253988,825300,0.0,1.0
3257,2009-12-10T00:00:00.000Z,28.99,30.3,28.88,29.63,882500,24.4855737315,25.592027736,24.39266538,25.0261314131,882500,0.0,1.0
3258,2009-12-11T00:00:00.000Z,28.33,28.74,27.49,28.74,2762800,23.9281236224,24.2744183872,23.2186416654,24.2744183872,2762800,0.0,1.0
3259,2009-12-14T00:00:00.000Z,28.34,28.76,27.94,28.35,903500,23.9365698362,24.2913108147,23.5987212852,23.94501605,903500,0.0,1.0
3260,2009-12-15T00:00:00.000Z,28.03,28.48,27.78,28.32,1022100,23.6747372092,24.054816829,23.4635818648,23.9196774087,1022100,0.0,1.0
3261,2009-12-16T00:00:00.000Z,27.19,28.26,27.09,28.09,1012100,22.9652552522,23.869000126,22.8807931144,23.7254144918,1012100,0.0,1.0
3262,2009-12-17T00:00:00.000Z,27.47,27.67,26.93,27.0,1238900,23.2017492378,23.3706735133,22.745653694,22.8047771905,1238900,0.0,1.0
3263,2009-12-18T00:00:00.000Z,27.83,27.83,27.44,27.46,953900,23.5058129337,23.5058129337,23.1764105965,23.1933030241,953900,0.0,1.0
3264,2009-12-21T00:00:00.000Z,28.18,28.51,27.68,27.68,541900,23.8014304158,24.0801554704,23.3791197271,23.3791197271,541900,0.0,1.0
3265,2009-12-22T00:00:00.000Z,28.01,28.42,27.8,28.02,953500,23.6578447817,24.0041395464,23.4804742924,23.6662909954,953500,0.0,1.0
3266,2009-12-23T00:00:00.000Z,27.76,28.2,27.61,28.2,862100,23.4466894373,23.8183228434,23.3199962307,23.8183228434,862100,0.0,1.0
3267,2009-12-24T00:00:00.000Z,27.81,27.81,27.54,27.71,187500,23.4889205062,23.4889205062,23.2608727343,23.4044583684,187500,0.0,1.0
3268,2009-12-28T00:00:00.000Z,28.05,28.1,27.71,27.72,353600,23.6916296367,23.7338607056,23.4044583684,23.4129045822,353600,0.0,1.0
3269,2009-12-29T00:00:00.000Z,28.77,28.83,28.07,28.14,530900,24.2997570285,24.3504343111,23.7085220643,23.7676455607,530900,0.0,1.0
3270,2009-12-30T00:00:00.000Z,28.45,28.89,28.26,28.69,254900,24.0294781877,24.4011115938,23.869000126,24.2321873183,254900,0.0,1.0
3271,2009-12-31T00:00:00.000Z,27.97,28.68,27.96,28.41,292200,23.6240599266,24.2237411045,23.6156137128,23.9956933326,292200,0.0,1.0
3272,2010-01-04T00:00:00.000Z,28.29,28.48,27.88,27.97,435300,23.8943387673,24.054816829,23.5480440026,23.6240599266,435300,0.0,1.0
3273,2010-01-05T00:00:00.000Z,28.26,28.28,27.97,28.27,631500,23.869000126,23.8858925536,23.6240599266,23.8774463398,631500,0.0,1.0
3274,2010-01-06T00:00:00.000Z,28.23,28.48,28.1,28.4,570000,23.8436614847,24.054816829,23.7338607056,23.9872471188,570000,0.0,1.0
3275,2010-01-07T00:00:00.000Z,27.82,28.2,27.64,28.2,538300,23.4973667199,23.8183228434,23.345334872,23.8183228434,538300,0.0,1.0
3276,2010-01-08T00:00:00.000Z,27.68,27.99,27.55,27.9,325200,23.3791197271,23.6409523541,23.269318948,23.5649364301,325200,0.0,1.0
3277,2010-01-11T00:00:00.000Z,27.66,27.86,27.49,27.69,393100,23.3622272996,23.531151575,23.2186416654,23.3875659409,393100,0.0,1.0
3278,2010-01-12T00:00:00.000Z,27.35,27.59,27.25,27.4,506100,23.1003946726,23.3031038031,23.0159325348,23.1426257414,506100,0.0,1.0
3279,2010-01-13T00:00:00.000Z,27.78,27.86,27.34,27.34,346100,23.4635818648,23.531151575,23.0919484588,23.0919484588,346100,0.0,1.0
3280,2010-01-14T00:00:00.000Z,27.6,27.83,27.5,27.71,294700,23.3115500169,23.5058129337,23.2270878792,23.4044583684,294700,0.0,1.0
3281,2010-01-15T00:00:00.000Z,27.62,27.72,27.35,27.6,520500,23.3284424445,23.4129045822,23.1003946726,23.3115500169,520500,0.0,1.0
3282,2010-01-19T00:00:00.000Z,27.66,28.09,27.58,27.62,524600,23.3622272996,23.7254144918,23.2946575894,23.3284424445,524600,0.0,1.0
3283,2010-01-20T00:00:00.000Z,27.41,27.79,27.26,27.47,915000,23.1510719552,23.4720280786,23.0243787486,23.2017492378,915000,0.0,1.0
3284,2010-01-21T00:00:00.000Z,27.06,27.63,26.59,27.5,1271100,22.8554544731,23.3368886582,22.4584824257,23.2270878792,1271100,0.0,1.0
3285,2010-01-22T00:00:00.000Z,26.82,27.17,26.71,26.97,531300,22.6527453425,22.9483628246,22.559836991,22.7794385491,531300,0.0,1.0
3286,2010-01-25T00:00:00.000Z,26.96,27.21,26.63,27.0,342500,22.7709923354,22.9821476797,22.4922672808,22.8047771905,342500,0.0,1.0
3287,2010-01-26T00:00:00.000Z,26.75,26.89,26.55,26.82,516700,22.5936218461,22.7118688389,22.4246975706,22.6527453425,516700,0.0,1.0
3288,2010-01-27T00:00:00.000Z,26.44,26.75,26.1,26.75,946000,22.3317892191,22.5936218461,22.0446179508,22.5936218461,946000,0.0,1.0
3289,2010-01-28T00:00:00.000Z,26.12,26.55,25.65,26.52,771400,22.0615103783,22.4246975706,21.6645383309,22.3993589293,771400,0.0,1.0
3290,2010-01-29T00:00:00.000Z,26.08,26.67,26.01,26.17,692300,22.0277255232,22.5260521359,21.9686020268,22.1037414472,692300,0.0,1.0
3291,2010-02-01T00:00:00.000Z,26.08,26.21,25.73,26.11,1284700,22.0277255232,22.1375263023,21.7321080411,22.0530641645,1284700,0.0,1.0
3292,2010-02-02T00:00:00.000Z,29.53,29.95,26.29,27.29,3792000,24.9416692753,25.2964102539,22.2050960125,23.0497173899,3792000,0.0,1.0
3293,2010-02-03T00:00:00.000Z,29.98,30.25,28.89,29.38,1556100,25.3217488952,25.5497966671,24.4011115938,24.8149760687,1556100,0.0,1.0
3294,2010-02-04T00:00:00.000Z,29.73,30.47,29.72,29.89,1214300,25.1105935508,25.7356133701,25.102147337,25.2457329712,1214300,0.0,1.0
3295,2010-02-05T00:00:00.000Z,29.69,30.03,29.23,29.86,559700,25.0768086957,25.363979964,24.6882828621,25.2203943299,559700,0.0,1.0
3296,2010-02-08T00:00:00.000Z,30.26,30.4,29.49,29.6,586300,25.5582428809,25.6764898737,24.9078844202,25.0007927718,586300,0.0,1.0
3297,2010-02-09T00:00:00.000Z,30.29,30.48,29.82,30.45,587400,25.5835815222,25.7440595839,25.1866094748,25.7187209426,587400,0.0,1.0
3298,2010-02-10T00:00:00.000Z,30.22,30.4,29.59,30.14,400700,25.5244580258,25.6764898737,24.992346558,25.4568883156,400700,0.0,1.0
3299,2010-02-11T00:00:00.000Z,30.36,30.42,29.92,30.18,316400,25.6427050186,25.6933823012,25.2710716125,25.4906731707,316400,0.0,1.0
3300,2010-02-12T00:00:00.000Z,30.59,30.61,29.91,29.97,459100,25.8369679354,25.853860363,25.2626253988,25.3133026814,459100,0.0,1.0
3301,2010-02-16T00:00:00.000Z,30.84,30.92,30.28,30.79,340000,26.0481232798,26.11569299,25.5751353084,26.0058922109,340000,0.0,1.0
3302,2010-02-17T00:00:00.000Z,30.83,30.95,30.62,30.95,516400,26.039677066,26.1410316313,25.8623065767,26.1410316313,516400,0.0,1.0
3303,2010-02-18T00:00:00.000Z,31.41,31.41,30.68,30.75,551200,26.5295574649,26.5295574649,25.9129838594,25.9721073558,551200,0.0,1.0
3304,2010-02-19T00:00:00.000Z,31.61,31.82,31.12,31.36,669900,26.7913900919,26.9693778147,26.3760854052,26.5794999456,669900,0.11,1.0
3305,2010-02-22T00:00:00.000Z,31.24,31.71,31.18,31.71,344800,26.4777926754,26.8761461504,26.4269390403,26.8761461504,344800,0.0,1.0
3306,2010-02-23T00:00:00.000Z,31.05,31.3,31.0,31.1,523500,26.3167561643,26.5286463105,26.274378135,26.3591341935,523500,0.0,1.0
3307,2010-02-24T00:00:00.000Z,31.63,31.9,31.18,31.9,419800,26.8083413036,27.0371826615,26.4269390403,27.0371826615,419800,0.0,1.0
3308,2010-02-25T00:00:00.000Z,31.4,31.64,30.88,31.36,222600,26.613402369,26.8168169094,26.1726708648,26.5794999456,222600,0.0,1.0
3309,2010-02-26T00:00:00.000Z,31.61,31.75,31.35,31.35,325800,26.7913900919,26.9100485738,26.5710243398,26.5710243398,325800,0.0,1.0
3310,2010-03-01T00:00:00.000Z,32.17,32.36,31.53,31.53,312100,27.2660240195,27.4270605306,26.7235852451,26.7235852451,312100,0.0,1.0
3311,2010-03-02T00:00:00.000Z,32.45,32.81,32.14,32.14,584700,27.5033409833,27.8084627939,27.2405972019,27.2405972019,584700,0.0,1.0
3312,2010-03-03T00:00:00.000Z,31.88,32.44,31.78,32.12,595500,27.0202314498,27.4948653774,26.9354753913,27.2236459902,595500,0.0,1.0
3313,2010-03-04T00:00:00.000Z,31.6,31.99,31.5,31.99,220200,26.782914486,27.1134631142,26.6981584275,27.1134631142,220200,0.0,1.0
3314,2010-03-05T00:00:00.000Z,32.22,32.25,31.49,31.75,378400,27.3084020487,27.3338288663,26.6896828217,26.9100485738,378400,0.0,1.0
3315,2010-03-08T00:00:00.000Z,31.82,32.31,31.66,32.13,208200,26.9693778147,27.3846825014,26.8337681211,27.2321215961,208200,0.0,1.0
3316,2010-03-09T00:00:00.000Z,32.0,32.17,31.6,31.68,282500,27.12193872,27.2660240195,26.782914486,26.8507193328,282500,0.0,1.0
3317,2010-03-10T00:00:00.000Z,32.34,32.34,31.82,31.9,295700,27.4101093189,27.4101093189,26.9693778147,27.0371826615,295700,0.0,1.0
3318,2010-03-11T00:00:00.000Z,32.37,32.4,31.78,32.26,301600,27.4355361365,27.460962954,26.9354753913,27.3423044721,301600,0.0,1.0
3319,2010-03-12T00:00:00.000Z,32.34,32.53,31.84,32.53,245500,27.4101093189,27.5711458301,26.9863290264,27.5711458301,245500,0.0,1.0
3320,2010-03-15T00:00:00.000Z,32.4,32.49,32.17,32.3,210900,27.460962954,27.5372434067,27.2660240195,27.3762068955,210900,0.0,1.0
3321,2010-03-16T00:00:00.000Z,32.99,33.01,32.32,32.5,482700,27.9610236992,27.9779749109,27.3931581072,27.5457190125,482700,0.0,1.0
3322,2010-03-17T00:00:00.000Z,32.86,33.09,32.8,33.09,747200,27.8508408231,28.0457797577,27.799987188,28.0457797577,747200,0.0,1.0
3323,2010-03-18T00:00:00.000Z,33.32,33.46,32.8,32.89,333200,28.2407186922,28.3593771741,27.799987188,27.8762676407,333200,0.0,1.0
3324,2010-03-19T00:00:00.000Z,33.54,33.85,33.0,33.54,744900,28.4271820209,28.6899258023,27.969499305,28.4271820209,744900,0.0,1.0
3325,2010-03-22T00:00:00.000Z,33.8,34.06,33.08,33.35,696700,28.647547773,28.8679135251,28.0373041518,28.2661455098,696700,0.0,1.0
3326,2010-03-23T00:00:00.000Z,34.05,34.13,33.42,33.82,320000,28.8594379193,28.9272427661,28.3254747507,28.6644989847,320000,0.0,1.0
3327,2010-03-24T00:00:00.000Z,33.58,34.0,33.56,33.88,244000,28.4610844443,28.81705989,28.4441332326,28.7153526198,244000,0.0,1.0
3328,2010-03-25T00:00:00.000Z,34.23,34.58,33.56,33.8,482700,29.0119988246,29.3086450294,28.4441332326,28.647547773,482700,0.0,1.0
3329,2010-03-26T00:00:00.000Z,34.02,34.46,33.77,34.28,311500,28.8340111017,29.2069377591,28.6221209555,29.0543768538,311500,0.0,1.0
3330,2010-03-29T00:00:00.000Z,34.18,34.44,33.9,34.03,238100,28.9696207953,29.1899865474,28.7323038315,28.8424867076,238100,0.0,1.0
3331,2010-03-30T00:00:00.000Z,34.16,34.63,33.93,34.15,219800,28.9526695836,29.3510230586,28.7577306491,28.9441939778,219800,0.0,1.0
3332,2010-03-31T00:00:00.000Z,33.66,34.22,33.64,34.0,327000,28.5288892911,29.0035232187,28.5119380794,28.81705989,327000,0.0,1.0
3333,2010-04-01T00:00:00.000Z,34.12,34.29,33.68,33.77,257000,28.9187671602,29.0628524597,28.5458405028,28.6221209555,257000,0.0,1.0
3334,2010-04-05T00:00:00.000Z,34.29,34.55,33.65,34.25,255400,29.0628524597,29.2832182118,28.5204136853,29.0289500363,255400,0.0,1.0
3335,2010-04-06T00:00:00.000Z,33.96,34.25,33.94,34.09,251400,28.7831574666,29.0289500363,28.7662062549,28.8933403427,251400,0.0,1.0
3336,2010-04-07T00:00:00.000Z,35.78,38.16,35.38,36.05,3145000,30.3257177314,32.3429119237,29.9866934974,30.5545590893,3145000,0.0,1.0
3337,2010-04-08T00:00:00.000Z,34.67,35.58,34.51,35.58,975000,29.384925482,30.1562056144,29.2493157884,30.1562056144,975000,0.0,1.0
3338,2010-04-09T00:00:00.000Z,35.11,35.11,34.25,34.68,694300,29.7578521394,29.7578521394,29.0289500363,29.3934010879,694300,0.0,1.0
3339,2010-04-12T00:00:00.000Z,35.65,35.79,35.03,35.03,796000,30.2155348553,30.3341933372,29.6900472926,29.6900472926,796000,0.0,1.0
3340,2010-04-13T00:00:00.000Z,35.51,35.65,35.05,35.56,398900,30.0968763734,30.2155348553,29.7069985043,30.1392544027,398900,0.0,1.0
3341,2010-04-14T00:00:00.000Z,36.0,36.02,35.42,35.66,297200,30.5121810601,30.5291322718,30.0205959208,30.2240104612,297200,0.0,1.0
3342,2010-04-15T00:00:00.000Z,35.66,36.06,35.55,35.79,261600,30.2240104612,30.5630346952,30.1307787968,30.3341933372,261600,0.0,1.0
3343,2010-04-16T00:00:00.000Z,35.68,36.18,35.44,35.7,308100,30.2409616729,30.6647419654,30.0375471325,30.2579128846,308100,0.0,1.0
3344,2010-04-19T00:00:00.000Z,35.85,35.91,35.19,35.54,358600,30.3850469723,30.4359006074,29.8256569862,30.122303191,358600,0.0,1.0
3345,2010-04-20T00:00:00.000Z,36.21,36.6,35.49,35.88,703200,30.6901687829,31.0207174111,30.0799251617,30.4104737899,703200,0.0,1.0
3346,2010-04-21T00:00:00.000Z,35.46,36.23,35.15,36.14,463000,30.0544983442,30.7071199946,29.7917545628,30.630839542,463000,0.0,1.0
3347,2010-04-22T00:00:00.000Z,34.91,35.28,34.35,35.21,609100,29.5883400224,29.9019374389,29.1137060948,29.8426081979,609100,0.0,1.0
3348,2010-04-23T00:00:00.000Z,34.92,35.07,34.62,34.95,413200,29.5968156283,29.723949716,29.3425474528,29.6222424458,413200,0.0,1.0
3349,2010-04-26T00:00:00.000Z,34.48,35.01,34.45,34.83,357100,29.2238889708,29.6730960809,29.1984621533,29.5205351756,357100,0.0,1.0
3350,2010-04-27T00:00:00.000Z,34.02,34.78,33.83,34.46,484500,28.8340111017,29.4781571464,28.6729745906,29.2069377591,484500,0.0,1.0
3351,2010-04-28T00:00:00.000Z,33.99,34.23,33.89,34.03,292200,28.8085842842,29.0119988246,28.7238282257,28.8424867076,292200,0.0,1.0
3352,2010-04-29T00:00:00.000Z,34.24,34.46,33.95,34.15,319900,29.0204744304,29.2069377591,28.7746818608,28.9441939778,319900,0.0,1.0
3353,2010-04-30T00:00:00.000Z,33.28,34.39,33.28,34.18,565000,28.2068162688,29.1476085182,28.2068162688,28.9696207953,565000,0.0,1.0
3354,2010-05-03T00:00:00.000Z,33.87,34.02,33.04,33.37,447500,28.706877014,28.8340111017,28.0034017284,28.2830967215,447500,0.0,1.0
3355,2010-05-04T00:00:00.000Z,33.51,33.63,32.91,33.49,677100,28.4017552034,28.5034624736,27.8932188524,28.3848039917,677100,0.0,1.0
3356,2010-05-05T00:00:00.000Z,34.31,34.63,33.25,33.4,757900,29.0798036714,29.3510230586,28.1813894513,28.308523539,757900,0.0,1.0
3357,2010-05-06T00:00:00.000Z,32.97,34.35,31.02,32.27,1112500,27.9440724875,29.1137060948,26.2913293467,27.350780078,1112500,0.0,1.0
3358,2010-05-07T00:00:00.000Z,32.06,32.91,31.6,32.62,1214900,27.1727923551,27.8932188524,26.782914486,27.6474262827,1214900,0.0,1.0
3359,2010-05-10T00:00:00.000Z,32.86,33.3,32.4,33.0,703200,27.8508408231,28.2237674805,27.460962954,27.969499305,703200,0.0,1.0
3360,2010-05-11T00:00:00.000Z,33.37,33.98,32.33,32.42,523800,28.2830967215,28.8001086783,27.4016337131,27.4779141657,523800,0.0,1.0
3361,2010-05-12T00:00:00.000Z,33.37,33.73,33.15,33.43,813000,28.2830967215,28.5882185321,28.0966333928,28.3339503566,813000,0.0,1.0
3362,2010-05-13T00:00:00.000Z,33.32,33.81,32.99,33.41,402700,28.2407186922,28.6560233789,27.9610236992,28.3169991449,402700,0.0,1.0
3363,2010-05-14T00:00:00.000Z,33.04,33.4,32.74,33.17,615800,28.0034017284,28.308523539,27.7491335529,28.1135846045,615800,0.0,1.0
3364,2010-05-17T00:00:00.000Z,33.58,33.86,32.72,33.24,513700,28.4610844443,28.6984014081,27.7321823412,28.1729138454,513700,0.0,1.0
3365,2010-05-18T00:00:00.000Z,33.43,34.3,33.36,33.95,372400,28.3339503566,29.0713280655,28.2746211156,28.7746818608,372400,0.0,1.0
3366,2010-05-19T00:00:00.000Z,32.97,33.44,32.79,33.31,561400,27.9440724875,28.3424259624,27.7915115822,28.2322430864,561400,0.0,1.0
3367,2010-05-20T00:00:00.000Z,31.87,32.5,31.7,32.37,684200,27.011755844,27.5457190125,26.8676705445,27.4355361365,684200,0.0,1.0
3368,2010-05-21T00:00:00.000Z,31.9,32.32,31.08,31.62,549000,27.0371826615,27.3931581072,26.3421829818,26.7998656977,549000,0.0,1.0
3369,2010-05-24T00:00:00.000Z,31.85,32.36,31.42,31.72,311200,26.9948046323,27.4270605306,26.6303535807,26.8846217562,311200,0.0,1.0
3370,2010-05-25T00:00:00.000Z,31.34,31.48,30.5,31.27,385700,26.6557803983,26.7748553586,25.9413306365,26.5962429181,385700,0.11,1.0
3371,2010-05-26T00:00:00.000Z,31.28,32.15,31.13,31.41,387300,26.6047482725,27.3447140972,26.4771679578,26.7153178784,387300,0.0,1.0
3372,2010-05-27T00:00:00.000Z,32.06,32.06,31.6,31.83,340900,27.2681659084,27.2681659084,26.8769196103,27.0725427593,340900,0.0,1.0
3373,2010-05-28T00:00:00.000Z,31.83,32.38,31.7,31.92,352900,27.0725427593,27.5403372462,26.9619731533,27.1490909481,352900,0.0,1.0
3374,2010-06-01T00:00:00.000Z,30.96,31.86,30.93,31.67,345000,26.3325769346,27.0980588223,26.3070608717,26.9364570904,345000,0.0,1.0
3375,2010-06-02T00:00:00.000Z,31.41,31.56,30.57,30.98,889700,26.7153178784,26.8428981931,26.0008681167,26.3495876432,889700,0.0,1.0
3376,2010-06-03T00:00:00.000Z,31.55,31.63,31.1,31.4,762900,26.8343928387,26.9024356732,26.4516518949,26.7068125241,762900,0.0,1.0
3377,2010-06-04T00:00:00.000Z,30.4,31.25,30.32,31.25,419100,25.8562770934,26.5792322095,25.788234259,26.5792322095,419100,0.0,1.0
3378,2010-06-07T00:00:00.000Z,30.11,30.62,30.09,30.48,561500,25.6096218185,26.0433948882,25.5926111099,25.9243199279,561500,0.0,1.0
3379,2010-06-08T00:00:00.000Z,30.09,30.35,29.84,30.12,616400,25.5926111099,25.8137503219,25.3799772522,25.6181271728,616400,0.0,1.0
3380,2010-06-09T00:00:00.000Z,30.18,30.68,30.04,30.2,853400,25.6691592987,26.094427014,25.5500843384,25.6861700073,853400,0.0,1.0
3381,2010-06-10T00:00:00.000Z,30.43,30.7,30.13,30.56,482800,25.8817931564,26.1114377226,25.6266325271,25.9923627623,482800,0.0,1.0
3382,2010-06-11T00:00:00.000Z,31.42,31.46,30.03,30.12,422800,26.7238232328,26.75784465,25.5415789841,25.6181271728,422800,0.0,1.0
3383,2010-06-14T00:00:00.000Z,32.15,32.41,31.59,31.59,498500,27.3447140972,27.5658533091,26.868414256,26.868414256,498500,0.0,1.0
3384,2010-06-15T00:00:00.000Z,32.45,32.5,31.84,32.24,377600,27.5998747264,27.6424014979,27.0810481136,27.4212622859,377600,0.0,1.0
3385,2010-06-16T00:00:00.000Z,32.29,32.46,32.03,32.23,297600,27.4637890575,27.6083800807,27.2426498455,27.4127569316,297600,0.0,1.0
3386,2010-06-17T00:00:00.000Z,32.6,32.64,31.88,32.36,283100,27.727455041,27.7614764582,27.1150695309,27.5233265376,283100,0.0,1.0
3387,2010-06-18T00:00:00.000Z,32.59,32.83,32.09,32.5,505700,27.7189496867,27.92307819,27.2936819713,27.6424014979,505700,0.0,1.0
3388,2010-06-21T00:00:00.000Z,32.59,33.12,32.41,32.92,338200,27.7189496867,28.169733465,27.5658533091,27.9996263788,338200,0.0,1.0
3389,2010-06-22T00:00:00.000Z,32.26,33.1,32.21,32.56,283800,27.4382729945,28.1527227563,27.395746223,27.6934336238,283800,0.0,1.0
3390,2010-06-23T00:00:00.000Z,31.8,32.17,31.66,32.16,256300,27.0470266964,27.3617248058,26.9279517361,27.3532194515,256300,0.0,1.0
3391,2010-06-24T00:00:00.000Z,31.68,31.96,31.44,31.6,412200,26.9449624447,27.1831123653,26.7408339414,26.8769196103,412200,0.0,1.0
3392,2010-06-25T00:00:00.000Z,31.69,32.12,31.15,31.78,539600,26.953467799,27.3191980342,26.4941786665,27.0300159878,539600,0.0,1.0
3393,2010-06-28T00:00:00.000Z,32.05,32.27,31.43,31.85,188600,27.2596605541,27.4467783489,26.7323285871,27.089553468,188600,0.0,1.0
3394,2010-06-29T00:00:00.000Z,31.49,31.77,31.31,31.77,364300,26.7833607129,27.0215106335,26.6302643354,27.0215106335,364300,0.0,1.0
3395,2010-06-30T00:00:00.000Z,31.08,31.92,30.99,31.6,319300,26.4346411863,27.1490909481,26.3580929975,26.8769196103,319300,0.0,1.0
3396,2010-07-01T00:00:00.000Z,30.7,31.19,29.95,31.19,382900,26.1114377226,26.5282000837,25.4735361496,26.5282000837,382900,0.0,1.0
3397,2010-07-02T00:00:00.000Z,30.62,30.91,30.54,30.91,193200,26.0433948882,26.2900501631,25.9753520537,26.2900501631,193200,0.0,1.0
3398,2010-07-06T00:00:00.000Z,30.41,31.32,30.26,31.0,309300,25.8647824477,26.6387696897,25.7372021331,26.3665983519,309300,0.0,1.0
3399,2010-07-07T00:00:00.000Z,31.23,31.25,30.29,30.54,520300,26.5622215009,26.5792322095,25.7627181961,25.9753520537,520300,0.0,1.0
3400,2010-07-08T00:00:00.000Z,31.32,31.65,31.05,31.48,335300,26.6387696897,26.9194463818,26.4091251234,26.7748553586,335300,0.0,1.0
3401,2010-07-09T00:00:00.000Z,31.31,31.49,31.09,31.21,373600,26.6302643354,26.7833607129,26.4431465406,26.5452107923,373600,0.0,1.0
3402,2010-07-12T00:00:00.000Z,31.05,31.4,30.66,31.17,286400,26.4091251234,26.7068125241,26.0774163054,26.5111893751,286400,0.0,1.0
3403,2010-07-13T00:00:00.000Z,31.9,31.99,31.34,31.34,436200,27.1320802395,27.2086284283,26.6557803983,26.6557803983,436200,0.0,1.0
3404,2010-07-14T00:00:00.000Z,31.79,31.98,31.55,31.75,222200,27.0385213421,27.2001230739,26.8343928387,27.0044999249,222200,0.0,1.0
3405,2010-07-15T00:00:00.000Z,31.19,31.92,31.06,31.85,374100,26.5282000837,27.1490909481,26.4176304777,27.089553468,374100,0.0,1.0
3406,2010-07-16T00:00:00.000Z,30.13,31.09,30.1,31.01,398300,25.6266325271,26.4431465406,25.6011164642,26.3751037062,398300,0.0,1.0
3407,2010-07-19T00:00:00.000Z,29.98,30.3,29.91,30.27,355300,25.4990522125,25.7712235504,25.4395147324,25.7457074874,355300,0.0,1.0
3408,2010-07-20T00:00:00.000Z,30.46,30.48,28.68,28.68,354800,25.9073092193,25.9243199279,24.3933561526,24.3933561526,354800,0.0,1.0
3409,2010-07-21T00:00:00.000Z,29.82,30.64,29.81,30.64,362300,25.3629665436,26.0604055968,25.3544611893,26.0604055968,362300,0.0,1.0
3410,2010-07-22T00:00:00.000Z,30.64,31.16,30.19,30.2,506100,26.0604055968,26.5026840208,25.677664653,25.6861700073,506100,0.0,1.0
3411,2010-07-23T00:00:00.000Z,30.87,30.99,30.28,30.49,299600,26.2560287459,26.3580929975,25.7542128417,25.9328252822,299600,0.0,1.0
3412,2010-07-26T00:00:00.000Z,31.5,31.74,30.75,30.75,314000,26.7918660672,26.9959945706,26.1539644942,26.1539644942,314000,0.0,1.0
3413,2010-07-27T00:00:00.000Z,31.91,32.31,31.67,31.74,341100,27.1405855938,27.4807997661,26.9364570904,26.9959945706,341100,0.0,1.0
3414,2010-07-28T00:00:00.000Z,30.94,32.18,30.91,31.91,312800,26.315566226,27.3702301601,26.2900501631,27.1405855938,312800,0.0,1.0
3415,2010-07-29T00:00:00.000Z,31.34,31.51,30.56,31.14,356400,26.6557803983,26.8003714215,25.9923627623,26.4856733122,356400,0.0,1.0
3416,2010-07-30T00:00:00.000Z,31.79,31.89,30.93,30.98,358100,27.0385213421,27.1235748852,26.3070608717,26.3495876432,358100,0.0,1.0
3417,2010-08-02T00:00:00.000Z,32.12,32.38,31.56,32.28,354600,27.3191980342,27.5403372462,26.8428981931,27.4552837032,354600,0.0,1.0
3418,2010-08-03T00:00:00.000Z,31.99,32.93,31.79,31.96,287800,27.2086284283,28.0081317331,27.0385213421,27.1831123653,287800,0.0,1.0
3419,2010-08-04T00:00:00.000Z,32.34,32.44,31.94,31.98,293800,27.506315829,27.5913693721,27.1661016567,27.2001230739,293800,0.0,1.0
3420,2010-08-05T00:00:00.000Z,32.23,32.41,31.88,32.11,200600,27.4127569316,27.5658533091,27.1150695309,27.3106926799,200600,0.0,1.0
3421,2010-08-06T00:00:00.000Z,32.06,32.58,31.81,31.91,399100,27.2681659084,27.7104443324,27.0555320507,27.1405855938,399100,0.0,1.0
3422,2010-08-09T00:00:00.000Z,32.5,32.54,31.76,32.27,317900,27.6424014979,27.6764229151,27.0130052792,27.4467783489,317900,0.0,1.0
3423,2010-08-10T00:00:00.000Z,32.21,32.46,31.77,32.24,269000,27.395746223,27.6083800807,27.0215106335,27.4212622859,269000,0.0,1.0
3424,2010-08-11T00:00:00.000Z,30.9,31.74,30.84,31.74,444400,26.2815448088,26.9959945706,26.2305126829,26.9959945706,444400,0.0,1.0
3425,2010-08-12T00:00:00.000Z,30.71,30.89,30.27,30.61,313900,26.119943077,26.2730394545,25.7457074874,26.0348895339,313900,0.0,1.0
3426,2010-08-13T00:00:00.000Z,30.17,30.56,30.04,30.56,307600,25.6606539444,25.9923627623,25.5500843384,25.9923627623,307600,0.0,1.0
3427,2010-08-16T00:00:00.000Z,30.17,30.39,29.58,30.04,220400,25.6606539444,25.8477717391,25.1588380403,25.5500843384,220400,0.0,1.0
3428,2010-08-17T00:00:00.000Z,30.81,30.92,30.26,30.4,291100,26.20499662,26.2985555174,25.7372021331,25.8562770934,291100,0.0,1.0
3429,2010-08-18T00:00:00.000Z,30.96,31.36,30.53,30.81,225500,26.3325769346,26.6727911069,25.9668466994,26.20499662,225500,0.0,1.0
3430,2010-08-19T00:00:00.000Z,29.95,30.94,29.7,30.8,433300,25.4735361496,26.315566226,25.2609022919,26.1964912657,433300,0.0,1.0
3431,2010-08-20T00:00:00.000Z,29.42,29.67,28.83,29.51,416800,25.1503326859,25.3640506727,24.6459582371,25.2272711612,416800,0.15,1.0
3432,2010-08-23T00:00:00.000Z,29.04,29.83,28.89,29.55,226800,24.825481346,25.5008301843,24.6972505539,25.2614660391,226800,0.0,1.0
3433,2010-08-24T00:00:00.000Z,28.35,28.74,28.07,28.7,274100,24.2356197025,24.5690197619,23.9962555573,24.534824884,274100,0.0,1.0
3434,2010-08-25T00:00:00.000Z,28.73,28.87,28.11,28.13,288500,24.5604710424,24.680153115,24.0304504351,24.0475478741,288500,0.0,1.0
3435,2010-08-26T00:00:00.000Z,28.93,29.17,28.87,28.88,367900,24.7314454318,24.9366146992,24.680153115,24.6887018345,367900,0.0,1.0
3436,2010-08-27T00:00:00.000Z,29.49,29.57,28.73,29.09,231900,25.2101737223,25.278563478,24.5604710424,24.8682249434,231900,0.0,1.0
3437,2010-08-30T00:00:00.000Z,28.99,29.49,28.97,29.42,366300,24.7827377487,25.2101737223,24.7656403097,25.1503326859,366300,0.0,1.0
3438,2010-08-31T00:00:00.000Z,28.77,29.23,28.73,28.91,578400,24.5946659203,24.987907016,24.5604710424,24.7143479929,578400,0.0,1.0
3439,2010-09-01T00:00:00.000Z,29.22,29.48,28.98,29.1,399800,24.9793582965,25.2016250028,24.7741890292,24.8767736629,399800,0.0,1.0
3440,2010-09-02T00:00:00.000Z,29.9,29.97,29.08,29.2,232000,25.5606712206,25.6205122569,24.8596762239,24.9622608576,232000,0.0,1.0
3441,2010-09-03T00:00:00.000Z,30.54,30.59,30.16,30.25,237600,26.1077892668,26.1505328641,25.7829379269,25.8598764021,237600,0.0,1.0
3442,2010-09-07T00:00:00.000Z,30.24,30.61,30.11,30.39,343300,25.8513276826,26.1676303031,25.7401943295,25.9795584747,343300,0.0,1.0
3443,2010-09-08T00:00:00.000Z,30.57,30.8,30.19,30.27,307600,26.1334354252,26.3300559731,25.8085840853,25.876973841,307600,0.0,1.0
3444,2010-09-09T00:00:00.000Z,30.62,31.03,30.58,30.81,179200,26.1761790226,26.5266765209,26.1419841447,26.3386046925,179200,0.0,1.0
3445,2010-09-10T00:00:00.000Z,30.79,30.96,30.63,30.71,183300,26.3215072536,26.4668354846,26.184727742,26.2531174978,183300,0.0,1.0
3446,2010-09-13T00:00:00.000Z,31.58,31.66,31.01,31.09,309200,26.9968560918,27.0652458476,26.509579082,26.5779688377,309200,0.0,1.0
3447,2010-09-14T00:00:00.000Z,31.95,32.2,31.52,31.62,323800,27.3131587123,27.5268766991,26.945563775,27.0310509697,323800,0.0,1.0
3448,2010-09-15T00:00:00.000Z,32.36,32.48,31.87,31.98,292100,27.6636562106,27.7662408443,27.2447689565,27.3388048707,292100,0.0,1.0
3449,2010-09-16T00:00:00.000Z,31.87,32.27,31.61,32.22,353900,27.2447689565,27.5867177354,27.0225022503,27.543974138,353900,0.0,1.0
3450,2010-09-17T00:00:00.000Z,32.57,32.7,31.97,32.38,381200,27.8431793196,27.9543126727,27.3302561512,27.6807536496,381200,0.0,1.0
3451,2010-09-20T00:00:00.000Z,33.27,33.31,32.28,32.56,275700,28.4415896826,28.4757845605,27.5952664549,27.8346306001,275700,0.0,1.0
3452,2010-09-21T00:00:00.000Z,33.15,33.38,33.06,33.3,227200,28.3390050489,28.5356255968,28.2620665737,28.467235841,227200,0.0,1.0
3453,2010-09-22T00:00:00.000Z,32.99,33.61,32.89,33.18,314200,28.2022255374,28.7322461446,28.1167383427,28.3646512073,314200,0.0,1.0
3454,2010-09-23T00:00:00.000Z,32.5,33.25,32.45,32.74,283500,27.7833382833,28.4244922436,27.7405946859,27.9885075506,283500,0.0,1.0
3455,2010-09-24T00:00:00.000Z,33.31,33.34,32.69,32.9,284700,28.4757845605,28.5014307189,27.9457639532,28.1252870621,284700,0.0,1.0
3456,2010-09-27T00:00:00.000Z,33.11,33.36,32.8,33.28,228600,28.304810171,28.5185281578,28.0397998674,28.4501384021,228600,0.0,1.0
3457,2010-09-28T00:00:00.000Z,33.28,33.39,32.81,33.29,306400,28.4501384021,28.5441743162,28.0483485869,28.4586871215,306400,0.0,1.0
3458,2010-09-29T00:00:00.000Z,33.16,33.54,32.81,33.26,302300,28.3475537684,28.6724051083,28.0483485869,28.4330409631,302300,0.0,1.0
3459,2010-09-30T00:00:00.000Z,33.22,33.65,32.98,33.49,406700,28.3988460852,28.7664410225,28.1936768179,28.629661511,406700,0.0,1.0
3460,2010-10-01T00:00:00.000Z,33.43,33.52,32.66,33.52,321500,28.5783691941,28.6553076694,27.9201177948,28.6553076694,321500,0.0,1.0
3461,2010-10-04T00:00:00.000Z,32.82,33.72,32.71,33.44,272700,28.0568973063,28.8262820588,27.9628613922,28.5869179136,272700,0.0,1.0
3462,2010-10-05T00:00:00.000Z,33.83,33.9,33.11,33.22,420900,28.920317973,28.9801590093,28.304810171,28.3988460852,420900,0.0,1.0
3463,2010-10-06T00:00:00.000Z,33.99,34.07,33.74,33.74,204800,29.0570974845,29.1254872403,28.8433794978,28.8433794978,204800,0.0,1.0
3464,2010-10-07T00:00:00.000Z,34.13,34.35,33.97,34.13,254800,29.1767795572,29.3648513855,29.0400000456,29.1767795572,254800,0.0,1.0
3465,2010-10-08T00:00:00.000Z,34.18,34.4,33.92,34.02,262800,29.2195231545,29.4075949829,28.9972564482,29.082743643,262800,0.0,1.0
3466,2010-10-11T00:00:00.000Z,34.16,34.36,33.86,34.1,135300,29.2024257156,29.373400105,28.9459641314,29.1511333987,135300,0.0,1.0
3467,2010-10-12T00:00:00.000Z,34.11,34.27,33.62,34.03,336000,29.1596821182,29.2964616298,28.7407948641,29.0912923624,336000,0.0,1.0
3468,2010-10-13T00:00:00.000Z,34.37,34.56,33.99,34.19,400100,29.3819488245,29.5443744944,29.0570974845,29.228071874,400100,0.0,1.0
3469,2010-10-14T00:00:00.000Z,34.54,34.64,34.24,34.42,291400,29.5272770555,29.6127642502,29.2708154713,29.4246924218,291400,0.0,1.0
3470,2010-10-15T00:00:00.000Z,34.23,34.87,34.16,34.85,309600,29.2622667519,29.8093847981,29.2024257156,29.7922873591,309600,0.0,1.0
3471,2010-10-18T00:00:00.000Z,34.3,34.66,34.13,34.15,232000,29.3221077882,29.6298616892,29.1767795572,29.1938769961,232000,0.0,1.0
3472,2010-10-19T00:00:00.000Z,33.35,34.14,33.23,33.88,301100,28.5099794384,29.1853282766,28.4073948047,28.9630615704,301100,0.0,1.0
3473,2010-10-20T00:00:00.000Z,33.71,33.96,33.47,33.48,205200,28.8177333393,29.0314513261,28.612564072,28.6211127915,205200,0.0,1.0
3474,2010-10-21T00:00:00.000Z,33.71,34.23,33.39,33.81,305900,28.8177333393,29.2622667519,28.5441743162,28.9032205341,305900,0.0,1.0
3475,2010-10-22T00:00:00.000Z,33.94,34.02,33.62,33.72,127900,29.0143538872,29.082743643,28.7407948641,28.8262820588,127900,0.0,1.0
3476,2010-10-25T00:00:00.000Z,34.27,34.71,34.15,34.15,125700,29.2964616298,29.6726052865,29.1938769961,29.1938769961,125700,0.0,1.0
3477,2010-10-26T00:00:00.000Z,34.27,34.55,33.91,34.06,163600,29.2964616298,29.535825775,28.9887077288,29.1169385208,163600,0.0,1.0
3478,2010-10-27T00:00:00.000Z,33.93,34.26,33.66,34.05,222300,29.0058051677,29.2879129103,28.774989742,29.1083898014,222300,0.0,1.0
3479,2010-10-28T00:00:00.000Z,34.04,34.5,33.68,34.16,160400,29.0998410819,29.4930821776,28.7920871809,29.2024257156,160400,0.0,1.0
3480,2010-10-29T00:00:00.000Z,34.22,34.4,33.8,33.9,203400,29.2537180324,29.4075949829,28.8946718146,28.9801590093,203400,0.0,1.0
3481,2010-11-01T00:00:00.000Z,34.3,34.5,34.15,34.39,377300,29.3221077882,29.4930821776,29.1938769961,29.3990462634,377300,0.0,1.0
3482,2010-11-02T00:00:00.000Z,35.25,35.41,34.62,34.74,372600,30.134236138,30.2710156495,29.5956668113,29.6982514449,372600,0.0,1.0
3483,2010-11-03T00:00:00.000Z,34.67,35.15,34.01,34.45,804000,29.6384104086,30.0487489433,29.0741949235,29.4503385802,804000,0.0,1.0
3484,2010-11-04T00:00:00.000Z,34.91,35.84,34.41,35.12,622100,29.8435796759,30.6386105868,29.4161437024,30.0231027849,622100,0.0,1.0
3485,2010-11-05T00:00:00.000Z,34.77,35.01,34.59,34.86,282300,29.7238976033,29.9290668707,29.5700206529,29.8008360786,282300,0.0,1.0
3486,2010-11-08T00:00:00.000Z,34.62,34.69,34.26,34.62,218000,29.5956668113,29.6555078476,29.2879129103,29.5956668113,218000,0.0,1.0
3487,2010-11-09T00:00:00.000Z,34.3,34.81,34.18,34.74,240200,29.3221077882,29.7580924812,29.2195231545,29.6982514449,240200,0.0,1.0
3488,2010-11-10T00:00:00.000Z,34.63,34.74,34.01,34.38,279200,29.6042155307,29.6982514449,29.0741949235,29.3904975439,279200,0.0,1.0
3489,2010-11-11T00:00:00.000Z,34.49,34.7,34.08,34.3,213100,29.4845334581,29.664056567,29.1340359598,29.3221077882,213100,0.0,1.0
3490,2010-11-12T00:00:00.000Z,34.6,34.71,34.2,34.2,393900,29.5785693723,29.6726052865,29.2366205935,29.2366205935,393900,0.0,1.0
3491,2010-11-15T00:00:00.000Z,34.71,35.05,34.7,34.74,215600,29.6726052865,29.9632617486,29.664056567,29.6982514449,215600,0.0,1.0
3492,2010-11-16T00:00:00.000Z,34.23,34.51,33.98,34.45,443100,29.2622667519,29.5016308971,29.0485487651,29.4503385802,443100,0.0,1.0
3493,2010-11-17T00:00:00.000Z,33.77,34.4,33.69,34.25,287000,28.8690256562,29.4075949829,28.8006359004,29.2793641908,287000,0.0,1.0
3494,2010-11-18T00:00:00.000Z,34.22,34.54,33.92,34.06,169300,29.2537180324,29.5272770555,28.9972564482,29.1169385208,169300,0.0,1.0
3495,2010-11-19T00:00:00.000Z,34.28,34.55,34.04,34.04,238400,29.3050103492,29.535825775,29.0998410819,29.0998410819,238400,0.0,1.0
3496,2010-11-22T00:00:00.000Z,34.48,34.48,33.87,33.99,212900,29.6042155307,29.6042155307,29.0804750588,29.1835059713,212900,0.15,1.0
3497,2010-11-23T00:00:00.000Z,34.33,34.37,33.88,34.08,275000,29.4754268901,29.5097705276,29.0890609681,29.2607791557,275000,0.0,1.0
3498,2010-11-24T00:00:00.000Z,34.98,34.98,34.46,34.59,192400,30.0335109996,30.0335109996,29.587043712,29.6986605339,192400,0.0,1.0
3499,2010-11-26T00:00:00.000Z,34.87,35.0,34.62,34.79,58400,29.9390659964,30.0506828183,29.724418262,29.8703787214,58400,0.0,1.0
3500,2010-11-29T00:00:00.000Z,34.6,34.73,34.09,34.61,206800,29.7072464433,29.8188632652,29.269365065,29.7158323526,206800,0.0,1.0
3501,2010-11-30T00:00:00.000Z,34.41,34.58,34.06,34.32,343200,29.5441141651,29.6900746245,29.2436073369,29.4668409807,343200,0.0,1.0
3502,2010-12-01T00:00:00.000Z,35.38,35.61,34.79,34.79,293500,30.3769473746,30.5744232903,29.8703787214,29.8703787214,293500,0.0,1.0
3503,2010-12-02T00:00:00.000Z,35.95,35.99,35.36,35.46,210500,30.8663442091,30.9006878466,30.3597755559,30.4456346497,210500,0.0,1.0
3504,2010-12-03T00:00:00.000Z,36.17,36.22,35.61,35.87,170300,31.0552342154,31.0981637623,30.5744232903,30.7976569341,170300,0.0,1.0
3505,2010-12-06T00:00:00.000Z,36.08,36.12,35.72,36.04,199700,30.977961031,31.0123046685,30.6688682934,30.9436173935,199700,0.0,1.0
3506,2010-12-07T00:00:00.000Z,35.83,36.39,35.32,36.25,518100,30.7633132966,31.2441242217,30.3254319184,31.1239214904,518100,0.0,1.0
3507,2010-12-08T00:00:00.000Z,36.01,36.37,35.74,35.85,241500,30.9178596654,31.2269524029,30.6860401122,30.7804851153,241500,0.0,1.0
3508,2010-12-09T00:00:00.000Z,36.24,36.42,35.94,36.25,255200,31.115335581,31.2698819498,30.8577582997,31.1239214904,255200,0.0,1.0
3509,2010-12-10T00:00:00.000Z,37.11,37.19,36.26,36.34,196200,31.8623096968,31.9309969718,31.1325073998,31.2011946748,196200,0.0,1.0
3510,2010-12-13T00:00:00.000Z,36.76,37.2,36.73,37.2,163900,31.5618028686,31.9395828812,31.5360451405,31.9395828812,163900,0.0,1.0
3511,2010-12-14T00:00:00.000Z,37.31,37.38,36.88,36.88,195700,32.0340278843,32.09412925,31.6648337811,31.6648337811,195700,0.0,1.0
3512,2010-12-15T00:00:00.000Z,37.26,37.69,37.25,37.3,227200,31.9910983375,32.3602924406,31.9825124281,32.025441975,227200,0.0,1.0
3513,2010-12-16T00:00:00.000Z,37.78,37.83,37.12,37.34,227800,32.437565625,32.4804951719,31.8708956062,32.0597856125,227800,0.0,1.0
3514,2010-12-17T00:00:00.000Z,37.83,38.0,37.14,37.84,412100,32.4804951719,32.6264556313,31.8880674249,32.4890810813,412100,0.0,1.0
3515,2010-12-20T00:00:00.000Z,37.52,38.0,37.47,38.0,230800,32.2143319812,32.6264556313,32.1714024344,32.6264556313,230800,0.0,1.0
3516,2010-12-21T00:00:00.000Z,37.33,37.55,37.04,37.55,209000,32.0511997031,32.2400897094,31.8022083312,32.2400897094,209000,0.0,1.0
3517,2010-12-22T00:00:00.000Z,37.12,37.54,37.01,37.24,243300,31.8708956062,32.2315038,31.776450603,31.9739265187,243300,0.0,1.0
3518,2010-12-23T00:00:00.000Z,37.03,37.34,36.8,37.18,114100,31.7936224218,32.0597856125,31.5961465061,31.9224110624,114100,0.0,1.0
3519,2010-12-27T00:00:00.000Z,37.24,37.39,36.81,36.93,102000,31.9739265187,32.1027151593,31.6047324155,31.707763328,102000,0.0,1.0
3520,2010-12-28T00:00:00.000Z,37.45,37.51,36.99,37.32,131800,32.1542306156,32.2057460719,31.7592787843,32.0426137937,131800,0.0,1.0
3521,2010-12-29T00:00:00.000Z,37.23,37.65,37.14,37.58,93400,31.9653406093,32.3259488031,31.8880674249,32.2658474375,93400,0.0,1.0
3522,2010-12-30T00:00:00.000Z,37.01,37.37,36.87,37.15,79000,31.776450603,32.0855433406,31.6562478718,31.8966533343,79000,0.0,1.0
3523,2010-12-31T00:00:00.000Z,36.46,37.21,36.4,37.0,174500,31.3042255873,31.9481687906,31.2527101311,31.7678646937,174500,0.0,1.0
3524,2011-01-03T00:00:00.000Z,37.1,37.38,36.51,36.7,213900,31.8537237874,32.09412925,31.3471551342,31.5102874124,213900,0.0,1.0
3525,2011-01-04T00:00:00.000Z,36.52,37.22,36.14,37.22,205600,31.3557410436,31.9567546999,31.0294764873,31.9567546999,205600,0.0,1.0
3526,2011-01-05T00:00:00.000Z,36.72,36.86,36.41,36.49,129500,31.5274592311,31.6476619624,31.2612960404,31.3299833154,129500,0.0,1.0
3527,2011-01-06T00:00:00.000Z,36.17,36.72,36.08,36.67,184400,31.0552342154,31.5274592311,30.977961031,31.4845296842,184400,0.0,1.0
3528,2011-01-07T00:00:00.000Z,36.04,36.32,35.57,36.3,150600,30.9436173935,31.184022856,30.5400796528,31.1668510373,150600,0.0,1.0
3529,2011-01-10T00:00:00.000Z,35.97,36.12,35.67,35.82,433300,30.8835160279,31.0123046685,30.6259387466,30.7547273872,433300,0.0,1.0
3530,2011-01-11T00:00:00.000Z,36.11,36.31,35.84,36.04,146000,31.0037187591,31.1754369467,30.771899206,30.9436173935,146000,0.0,1.0
3531,2011-01-12T00:00:00.000Z,36.19,36.49,36.0,36.45,245100,31.0724060341,31.3299833154,30.909273756,31.2956396779,245100,0.0,1.0
3532,2011-01-13T00:00:00.000Z,36.04,36.2,35.73,36.11,134900,30.9436173935,31.0809919435,30.6774542028,31.0037187591,134900,0.0,1.0
3533,2011-01-14T00:00:00.000Z,36.15,36.23,35.81,36.06,221500,31.0380623966,31.1067496717,30.7461414778,30.9607892123,221500,0.0,1.0
3534,2011-01-18T00:00:00.000Z,36.47,36.47,35.83,36.0,319900,31.3128114967,31.3128114967,30.7633132966,30.909273756,319900,0.0,1.0
3535,2011-01-19T00:00:00.000Z,35.78,36.83,35.68,36.39,203500,30.7203837497,31.6219042343,30.6345246559,31.2441242217,203500,0.0,1.0
3536,2011-01-20T00:00:00.000Z,35.47,35.92,35.24,35.59,299100,30.454220559,30.840586481,30.2567446434,30.5572514715,299100,0.0,1.0
3537,2011-01-21T00:00:00.000Z,35.39,35.68,35.37,35.64,229300,30.385533284,30.6345246559,30.3683614653,30.6001810184,229300,0.0,1.0
3538,2011-01-24T00:00:00.000Z,35.83,36.04,35.39,35.39,141200,30.7633132966,30.9436173935,30.385533284,30.385533284,141200,0.0,1.0
3539,2011-01-25T00:00:00.000Z,35.81,35.81,35.35,35.63,175700,30.7461414778,30.7461414778,30.3511896465,30.5915951091,175700,0.0,1.0
3540,2011-01-26T00:00:00.000Z,36.32,36.47,35.65,35.89,299000,31.184022856,31.3128114967,30.6087669278,30.8148287528,299000,0.0,1.0
3541,2011-01-27T00:00:00.000Z,36.54,36.64,35.94,36.26,197800,31.3729128623,31.4587719561,30.8577582997,31.1325073998,197800,0.0,1.0
3542,2011-01-28T00:00:00.000Z,34.92,36.38,34.91,36.38,630600,29.9819955433,31.2355383123,29.9734096339,31.2355383123,630600,0.0,1.0
3543,2011-01-31T00:00:00.000Z,34.82,35.23,34.56,35.1,281600,29.8961364495,30.248158734,29.6729028058,30.1365419121,281600,0.0,1.0
3544,2011-02-01T00:00:00.000Z,35.34,35.5,34.85,35.08,212900,30.3426037371,30.4799782872,29.9218941777,30.1193700933,212900,0.0,1.0
3545,2011-02-02T00:00:00.000Z,35.06,35.5,35.01,35.19,185100,30.1021982746,30.4799782872,30.0592687277,30.2138150965,185100,0.0,1.0
3546,2011-02-03T00:00:00.000Z,35.58,35.7,34.73,35.1,209800,30.5486655622,30.6516964747,29.8188632652,30.1365419121,209800,0.0,1.0
3547,2011-02-04T00:00:00.000Z,35.3,35.78,35.24,35.52,206800,30.3082600996,30.7203837497,30.2567446434,30.4971501059,206800,0.0,1.0
3548,2011-02-07T00:00:00.000Z,35.75,35.84,35.22,35.3,420700,30.6946260216,30.771899206,30.2395728246,30.3082600996,420700,0.0,1.0
3549,2011-02-08T00:00:00.000Z,34.03,34.15,32.7,33.84,1356000,29.2178496088,29.3208805213,28.0759236617,29.0547173306,1356000,0.0,1.0
3550,2011-02-09T00:00:00.000Z,33.72,33.89,33.25,33.33,885300,28.9516864181,29.0976468775,28.5481486774,28.6168359524,885300,0.0,1.0
3551,2011-02-10T00:00:00.000Z,34.1,34.1,33.45,33.64,771000,29.2779509744,29.2779509744,28.7198668649,28.8829991431,771000,0.0,1.0
3552,2011-02-11T00:00:00.000Z,34.24,34.34,33.87,33.87,228300,29.3981537057,29.4840127995,29.0804750588,29.0804750588,228300,0.0,1.0
3553,2011-02-14T00:00:00.000Z,34.69,34.71,34.04,34.15,274600,29.7845196276,29.8016914464,29.2264355182,29.3208805213,274600,0.0,1.0
3554,2011-02-15T00:00:00.000Z,34.19,34.4,33.83,34.29,350200,29.3552241588,29.5355282557,29.0461314213,29.4410832526,350200,0.0,1.0
3555,2011-02-16T00:00:00.000Z,34.56,34.79,34.11,34.23,277400,29.6729028058,29.8703787214,29.2865368838,29.3895677963,277400,0.0,1.0
3556,2011-02-17T00:00:00.000Z,34.68,34.78,34.05,34.41,349700,29.7759337183,29.861792812,29.2350214275,29.5441141651,349700,0.0,1.0
3557,2011-02-18T00:00:00.000Z,35.16,35.44,34.73,34.93,320200,30.1880573684,30.4284628309,29.8188632652,29.9905814527,320200,0.0,1.0
3558,2011-02-22T00:00:00.000Z,34.7,35.24,34.66,34.89,302600,29.793105537,30.2567446434,29.7587618995,29.9562378152,302600,0.0,1.0
3559,2011-02-23T00:00:00.000Z,33.64,34.79,33.61,34.62,277400,28.8829991431,29.8703787214,28.857241415,29.724418262,277400,0.0,1.0
3560,2011-02-24T00:00:00.000Z,33.77,34.08,33.35,33.6,356800,28.994615965,29.2607791557,28.6340077712,28.8486555056,356800,0.0,1.0
3561,2011-02-25T00:00:00.000Z,34.14,34.18,33.6,33.63,227600,29.4410832526,29.4755777848,28.9754070676,29.0012779667,227600,0.15,1.0
3562,2011-02-28T00:00:00.000Z,33.85,34.45,33.76,34.22,256200,29.190997894,29.7084158773,29.1133851965,29.510072317,256200,0.0,1.0
3563,2011-03-01T00:00:00.000Z,33.53,34.16,33.36,33.98,367400,28.9150416362,29.4583305187,28.7684398742,29.3031051237,367400,0.0,1.0
3564,2011-03-02T00:00:00.000Z,33.72,33.92,33.3,33.42,176600,29.0788906642,29.2513633254,28.7166980759,28.8201816726,176600,0.0,1.0
3565,2011-03-03T00:00:00.000Z,34.8,35.02,34.02,34.03,324500,30.0102430343,30.1999629615,29.3375996559,29.346223289,324500,0.0,1.0
3566,2011-03-04T00:00:00.000Z,34.54,34.85,34.12,34.85,128500,29.7860285748,30.0533611995,29.4238359865,30.0533611995,128500,0.0,1.0
3567,2011-03-07T00:00:00.000Z,34.12,34.89,33.6,34.71,241200,29.4238359865,30.0878557318,28.9754070676,29.9326303368,241200,0.0,1.0
3568,2011-03-08T00:00:00.000Z,34.81,34.92,33.94,34.22,229500,30.0188666673,30.1137266309,29.2686105915,29.510072317,229500,0.0,1.0
3569,2011-03-09T00:00:00.000Z,34.83,35.05,34.66,34.73,209700,30.0361139334,30.2258338607,29.8895121715,29.9498776029,209700,0.0,1.0
3570,2011-03-10T00:00:00.000Z,33.62,34.27,33.54,34.2,422200,28.9926543337,29.5531904823,28.9236652692,29.4928250509,422200,0.0,1.0
3571,2011-03-11T00:00:00.000Z,33.32,33.5,32.89,33.5,245200,28.733945342,28.889170737,28.3631291206,28.889170737,245200,0.0,1.0
3572,2011-03-14T00:00:00.000Z,32.62,33.46,32.49,33.04,387500,28.1302910281,28.8546762048,28.0181837984,28.4924836164,387500,0.0,1.0
3573,2011-03-15T00:00:00.000Z,32.65,32.9,31.86,31.89,468100,28.1561619273,28.3717527537,27.4748949159,27.500765815,468100,0.0,1.0
3574,2011-03-16T00:00:00.000Z,32.17,32.57,32.06,32.46,416500,27.7422275406,28.0871728628,27.647367577,27.9923128992,416500,0.0,1.0
3575,2011-03-17T00:00:00.000Z,32.19,32.83,32.14,32.66,180900,27.7594748067,28.3113873223,27.7163566414,28.1647855603,180900,0.0,1.0
3576,2011-03-18T00:00:00.000Z,32.61,32.75,32.36,32.53,377800,28.121667395,28.2423982578,27.9060765686,28.0526783306,377800,0.0,1.0
3577,2011-03-21T00:00:00.000Z,33.4,33.77,32.75,32.89,323000,28.8029344065,29.1220088295,28.2423982578,28.3631291206,323000,0.0,1.0
3578,2011-03-22T00:00:00.000Z,34.45,34.47,33.82,34.0,612400,29.7084158773,29.7256631434,29.1651269948,29.3203523898,612400,0.0,1.0
3579,2011-03-23T00:00:00.000Z,34.2,34.37,34.09,34.33,323800,29.4928250509,29.6394268129,29.3979650873,29.6049322806,323800,0.0,1.0
3580,2011-03-24T00:00:00.000Z,34.39,34.41,34.0,34.4,194600,29.656674079,29.6739213451,29.3203523898,29.665297712,194600,0.0,1.0
3581,2011-03-25T00:00:00.000Z,34.72,35.18,34.2,34.48,210300,29.9412539698,30.3379410904,29.4928250509,29.7342867765,210300,0.0,1.0
3582,2011-03-28T00:00:00.000Z,34.51,34.91,34.48,34.71,197300,29.7601576756,30.1051029979,29.7342867765,29.9326303368,197300,0.0,1.0
3583,2011-03-29T00:00:00.000Z,34.46,34.83,34.35,34.47,239800,29.7170395104,30.0361139334,29.6221795468,29.7256631434,239800,0.0,1.0
3584,2011-03-30T00:00:00.000Z,34.5,34.655,34.31,34.58,205502,29.7515340426,29.885200355,29.5876850145,29.820523107,205502,0.0,1.0
3585,2011-03-31T00:00:00.000Z,34.54,34.78,34.36,34.36,208489,29.7860285748,29.9929957682,29.6308031798,29.6308031798,208489,0.0,1.0
3586,2011-04-01T00:00:00.000Z,34.61,34.92,34.29,34.82,270800,29.8463940062,30.1137266309,29.5704377484,30.0274903004,270800,0.0,1.0
3587,2011-04-04T00:00:00.000Z,34.71,34.85,34.51,34.62,193900,29.9326303368,30.0533611995,29.7601576756,29.8550176393,193900,0.0,1.0
3588,2011-04-05T00:00:00.000Z,34.5,34.85,34.41,34.59,461400,29.7515340426,30.0533611995,29.6739213451,29.8291467401,461400,0.0,1.0
3589,2011-04-06T00:00:00.000Z,34.87,35.09,34.66,34.66,325200,30.0706084657,30.2603283929,29.8895121715,29.8895121715,325200,0.0,1.0
3590,2011-04-07T00:00:00.000Z,34.5,35.09,34.47,34.98,232100,29.7515340426,30.2603283929,29.7256631434,30.1654684293,232100,0.0,1.0
3591,2011-04-08T00:00:00.000Z,34.08,34.78,33.89,34.71,184400,29.3893414542,29.9929957682,29.2254924262,29.9326303368,184400,0.0,1.0
3592,2011-04-11T00:00:00.000Z,33.89,34.33,33.82,34.17,145300,29.2254924262,29.6049322806,29.1651269948,29.4669541518,145300,0.0,1.0
3593,2011-04-12T00:00:00.000Z,33.55,33.81,33.25,33.75,254500,28.9322889023,29.1565033617,28.6735799106,29.1047615634,254500,0.0,1.0
3594,2011-04-13T00:00:00.000Z,33.66,33.79,33.4,33.64,299200,29.0271488659,29.1392560956,28.8029344065,29.0099015998,299200,0.0,1.0
3595,2011-04-14T00:00:00.000Z,33.7,33.78,33.23,33.34,160300,29.0616433981,29.1306324626,28.6563326445,28.7511926081,160300,0.0,1.0
3596,2011-04-15T00:00:00.000Z,34.07,34.16,33.45,33.59,306000,29.3807178212,29.4583305187,28.8460525717,28.9667834345,306000,0.0,1.0
3597,2011-04-18T00:00:00.000Z,33.65,33.87,33.38,33.57,395900,29.0185252328,29.2082451601,28.7856871403,28.9495361684,395900,0.0,1.0
3598,2011-04-19T00:00:00.000Z,33.83,33.87,33.71,33.81,223800,29.1737506279,29.2082451601,29.0702670312,29.1565033617,223800,0.0,1.0
3599,2011-04-20T00:00:00.000Z,34.07,34.29,33.86,34.29,210700,29.3807178212,29.5704377484,29.199621527,29.5704377484,210700,0.0,1.0
3600,2011-04-21T00:00:00.000Z,34.34,34.42,34.1,34.31,146800,29.6135559137,29.6825449781,29.4065887204,29.5876850145,146800,0.0,1.0
3601,2011-04-25T00:00:00.000Z,34.47,34.54,34.06,34.23,263800,29.7256631434,29.7860285748,29.3720941881,29.5186959501,263800,0.0,1.0
3602,2011-04-26T00:00:00.000Z,35.25,35.47,34.5,34.59,234200,30.3983065218,30.588026449,29.7515340426,29.8291467401,234200,0.0,1.0
3603,2011-04-27T00:00:00.000Z,35.74,35.76,35.2,35.2,200400,30.8208645415,30.8381118076,30.3551883565,30.3551883565,200400,0.0,1.0
3604,2011-04-28T00:00:00.000Z,35.87,35.89,35.55,35.63,125600,30.9329717712,30.9502190374,30.6570155135,30.7260045779,125600,0.0,1.0
3605,2011-04-29T00:00:00.000Z,36.04,36.12,35.63,35.79,167000,31.0795735332,31.1485625976,30.7260045779,30.8639827068,167000,0.0,1.0
3606,2011-05-02T00:00:00.000Z,35.9,36.31,35.89,36.3,251000,30.9588426704,31.3124116257,30.9502190374,31.3037879926,251000,0.0,1.0
3607,2011-05-03T00:00:00.000Z,35.88,36.28,35.77,35.82,153000,30.9415954043,31.2865407265,30.8467354407,30.889853606,153000,0.0,1.0
3608,2011-05-04T00:00:00.000Z,35.55,35.9,35.25,35.87,181000,30.6570155135,30.9588426704,30.3983065218,30.9329717712,181000,0.0,1.0
3609,2011-05-05T00:00:00.000Z,35.83,36.06,35.25,35.38,311200,30.898477239,31.0968207993,30.3983065218,30.5104137515,311200,0.0,1.0
3610,2011-05-06T00:00:00.000Z,36.33,36.57,35.88,36.22,382000,31.3296588918,31.5366260851,30.9415954043,31.2347989282,382000,0.0,1.0
3611,2011-05-09T00:00:00.000Z,36.16,36.19,35.07,35.85,451800,31.1830571299,31.208928029,30.2430811268,30.9157245051,451800,0.0,1.0
3612,2011-05-10T00:00:00.000Z,36.06,36.42,35.4,36.42,684900,31.0968207993,31.4072715893,30.5276610176,31.4072715893,684900,0.0,1.0
3613,2011-05-11T00:00:00.000Z,35.8,36.26,35.44,36.0,261100,30.8726063398,31.2692934604,30.5621555498,31.045079001,261100,0.0,1.0
3614,2011-05-12T00:00:00.000Z,36.35,36.48,35.37,35.68,175000,31.3469061579,31.4590133876,30.5017901184,30.7691227432,175000,0.0,1.0
3615,2011-05-13T00:00:00.000Z,36.18,36.47,35.87,36.4,207800,31.200304396,31.4503897546,30.9329717712,31.3900243232,207800,0.0,1.0
3616,2011-05-16T00:00:00.000Z,35.62,36.09,35.61,35.95,204900,30.7173809448,31.1226916985,30.7087573118,31.0019608357,204900,0.0,1.0
3617,2011-05-17T00:00:00.000Z,35.44,35.59,35.09,35.52,194000,30.5621555498,30.6915100457,30.2603283929,30.6311446143,194000,0.0,1.0
3618,2011-05-18T00:00:00.000Z,35.94,35.98,35.27,35.51,272800,30.9933372026,31.0278317349,30.4155537879,30.6225209812,272800,0.0,1.0
3619,2011-05-19T00:00:00.000Z,36.08,36.47,35.81,36.03,175100,31.1140680654,31.4503897546,30.8812299729,31.0709499001,175100,0.0,1.0
3620,2011-05-20T00:00:00.000Z,35.88,36.02,35.43,35.89,258300,30.9415954043,31.0623262671,30.5535319168,30.9502190374,258300,0.0,1.0
3621,2011-05-23T00:00:00.000Z,34.78,35.39,34.69,35.39,298600,29.9929957682,30.5190373846,29.9153830707,30.5190373846,298600,0.0,1.0
3622,2011-05-24T00:00:00.000Z,34.38,34.81,34.27,34.81,386800,29.6480504459,30.0188666673,29.5531904823,30.0188666673,386800,0.0,1.0
3623,2011-05-25T00:00:00.000Z,34.62,34.65,34.2,34.24,176400,29.8550176393,29.8808885384,29.4928250509,29.5273195831,176400,0.0,1.0
3624,2011-05-26T00:00:00.000Z,35.18,35.19,34.3,34.48,206700,30.3379410904,30.3465647234,29.5790613815,29.7342867765,206700,0.0,1.0
3625,2011-05-27T00:00:00.000Z,35.29,35.36,35.11,35.25,80400,30.432801054,30.4931664854,30.277575659,30.3983065218,80400,0.0,1.0
3626,2011-05-31T00:00:00.000Z,36.09,36.14,35.41,35.62,418000,31.1226916985,31.1658098637,30.5362846507,30.7173809448,418000,0.0,1.0
3627,2011-06-01T00:00:00.000Z,35.39,36.12,35.36,35.98,331500,30.5190373846,31.1485625976,30.4931664854,31.0278317349,331500,0.0,1.0
3628,2011-06-02T00:00:00.000Z,35.05,35.47,34.59,35.37,264500,30.2258338607,30.588026449,29.8291467401,30.5017901184,264500,0.0,1.0
3629,2011-06-03T00:00:00.000Z,34.45,34.74,34.36,34.46,323600,29.8377703732,30.0889446375,29.7598197394,29.8464315547,323600,0.15,1.0
3630,2011-06-06T00:00:00.000Z,34.12,34.54,34.07,34.39,252700,29.5519513826,29.9157210069,29.508645475,29.785803284,252700,0.0,1.0
3631,2011-06-07T00:00:00.000Z,34.41,34.62,33.87,34.35,211000,29.803125647,29.9850104592,29.3354218444,29.7511585578,211000,0.0,1.0
3632,2011-06-08T00:00:00.000Z,34.54,34.65,34.1,34.22,296500,29.9157210069,30.0109940038,29.5346290196,29.6385631979,296500,0.0,1.0
3633,2011-06-09T00:00:00.000Z,34.65,34.79,34.35,34.66,238200,30.0109940038,30.1322505452,29.7511585578,30.0196551853,238200,0.0,1.0
3634,2011-06-10T00:00:00.000Z,34.51,34.83,34.12,34.42,404000,29.8897374623,30.1668952713,29.5519513826,29.8117868286,404000,0.0,1.0
3635,2011-06-13T00:00:00.000Z,34.33,34.59,34.21,34.45,186700,29.7338361948,29.9590269146,29.6299020164,29.8377703732,186700,0.0,1.0
3636,2011-06-14T00:00:00.000Z,34.46,34.96,34.39,34.63,278300,29.8464315547,30.2794906312,29.785803284,29.9936716407,278300,0.0,1.0
3637,2011-06-15T00:00:00.000Z,33.68,34.37,33.6,34.21,395500,29.1708593953,29.7684809209,29.101569943,29.6299020164,395500,0.0,1.0
3638,2011-06-16T00:00:00.000Z,33.95,34.15,33.55,33.79,312200,29.4047112966,29.5779349272,29.0582640354,29.2661323921,312200,0.0,1.0
3639,2011-06-17T00:00:00.000Z,33.78,34.24,33.39,34.13,650400,29.2574712106,29.655885561,28.9196851309,29.5606125642,650400,0.0,1.0
3640,2011-06-20T00:00:00.000Z,33.88,34.06,33.64,33.74,334100,29.3440830259,29.4999842935,29.1362146692,29.2228264845,334100,0.0,1.0
3641,2011-06-21T00:00:00.000Z,34.19,34.24,33.87,34.05,255900,29.6125796534,29.655885561,29.3354218444,29.4913231119,255900,0.0,1.0
3642,2011-06-22T00:00:00.000Z,33.86,34.14,33.79,33.98,369500,29.3267606628,29.5692737457,29.2661323921,29.4306948412,369500,0.0,1.0
3643,2011-06-23T00:00:00.000Z,34.11,34.25,33.14,33.56,335800,29.5432902011,29.6645467425,28.7031555926,29.0669252169,335800,0.0,1.0
3644,2011-06-24T00:00:00.000Z,34.0,34.29,33.86,34.29,458400,29.4480172043,29.6991914687,29.3267606628,29.6991914687,458400,0.0,1.0
3645,2011-06-27T00:00:00.000Z,34.48,34.67,33.99,34.08,188700,29.8637539177,30.0283163668,29.4393560227,29.5173066565,188700,0.0,1.0
3646,2011-06-28T00:00:00.000Z,34.81,34.87,34.48,34.63,149300,30.1495729083,30.2015399974,29.8637539177,29.9936716407,149300,0.0,1.0
3647,2011-06-29T00:00:00.000Z,34.76,35.02,34.65,34.84,145900,30.1062670006,30.3314577204,30.0109940038,30.1755564528,145900,0.0,1.0
3648,2011-06-30T00:00:00.000Z,34.98,35.17,34.73,34.8,243600,30.2968129943,30.4613754434,30.080283456,30.1409117267,243600,0.0,1.0
3649,2011-07-01T00:00:00.000Z,35.8,35.89,35.04,35.07,277500,31.0070298798,31.0849805136,30.3487800835,30.3747636281,277500,0.0,1.0
3650,2011-07-05T00:00:00.000Z,35.68,35.84,35.48,35.8,210300,30.9030957014,31.0416746059,30.7298720708,31.0070298798,210300,0.0,1.0
3651,2011-07-06T00:00:00.000Z,36.18,36.18,35.52,35.69,249800,31.336154778,31.336154778,30.7645167969,30.911756883,249800,0.0,1.0
3652,2011-07-07T00:00:00.000Z,36.35,36.56,36.04,36.42,307500,31.483394864,31.6652796761,31.2148982365,31.5440231347,307500,0.0,1.0
3653,2011-07-08T00:00:00.000Z,36.09,36.24,35.87,36.0,95900,31.2582041442,31.3881218671,31.0676581505,31.1802535104,95900,0.0,1.0
3654,2011-07-11T00:00:00.000Z,35.49,35.93,35.39,35.63,208800,30.7385332523,31.1196252397,30.651921437,30.8597897938,208800,0.0,1.0
3655,2011-07-12T00:00:00.000Z,35.86,36.29,35.35,35.36,202000,31.058996969,31.4314277748,30.6172767109,30.6259378924,202000,0.0,1.0
3656,2011-07-13T00:00:00.000Z,35.81,36.48,35.73,36.01,359100,31.0156910613,31.5959902239,30.9464016091,31.1889146919,359100,0.0,1.0
3657,2011-07-14T00:00:00.000Z,36.01,36.45,35.82,35.9,311700,31.1889146919,31.5700066793,31.0243522429,31.0936416951,311700,0.0,1.0
3658,2011-07-15T00:00:00.000Z,36.03,36.24,35.68,36.13,267800,31.206237055,31.3881218671,30.9030957014,31.2928488703,267800,0.0,1.0
3659,2011-07-18T00:00:00.000Z,35.4,36.04,35.09,35.92,193200,30.6605826186,31.2148982365,30.3920859911,31.1109640582,193200,0.0,1.0
3660,2011-07-19T00:00:00.000Z,36.57,36.65,35.7,35.7,217000,31.6739408577,31.7432303099,30.9204180645,30.9204180645,217000,0.0,1.0
3661,2011-07-20T00:00:00.000Z,35.95,36.53,35.81,36.5,184200,31.1369476028,31.6392961315,31.0156910613,31.6133125869,184200,0.0,1.0
3662,2011-07-21T00:00:00.000Z,36.6,36.64,35.93,36.14,172800,31.6999244022,31.7345691284,31.1196252397,31.3015100518,172800,0.0,1.0
3663,2011-07-22T00:00:00.000Z,36.72,36.76,36.24,36.52,168000,31.8038585806,31.8385033067,31.3881218671,31.63063495,168000,0.0,1.0
3664,2011-07-25T00:00:00.000Z,36.3,36.59,36.12,36.33,178300,31.4400889563,31.6912632207,31.2841876888,31.4660725009,178300,0.0,1.0
3665,2011-07-26T00:00:00.000Z,36.26,36.41,35.84,36.3,236100,31.4054442302,31.5353619532,31.0416746059,31.4400889563,236100,0.0,1.0
3666,2011-07-27T00:00:00.000Z,35.02,36.04,34.87,36.04,536800,30.3314577204,31.2148982365,30.2015399974,31.2148982365,536800,0.0,1.0
3667,2011-07-28T00:00:00.000Z,34.57,35.24,34.51,35.05,415100,29.9417045515,30.5220037141,29.8897374623,30.357441265,415100,0.0,1.0
3668,2011-07-29T00:00:00.000Z,34.99,35.07,34.05,34.19,408000,30.3054741758,30.3747636281,29.4913231119,29.6125796534,408000,0.0,1.0
3669,2011-08-01T00:00:00.000Z,34.03,35.3,33.57,35.3,736400,29.4740007489,30.5739708033,29.0755863985,30.5739708033,736400,0.0,1.0
3670,2011-08-02T00:00:00.000Z,32.31,34.37,32.21,33.55,981100,27.9842775256,29.7684809209,27.8976657103,29.0582640354,981100,0.0,1.0
3671,2011-08-03T00:00:00.000Z,31.61,32.47,31.43,32.34,697400,27.3779948184,28.1228564301,27.2220935509,28.0102610702,697400,0.0,1.0
3672,2011-08-04T00:00:00.000Z,30.53,31.76,30.48,31.17,871300,26.4425872131,27.5079125414,26.3992813055,26.9969028311,871300,0.0,1.0
3673,2011-08-05T00:00:00.000Z,30.86,31.32,30.0,30.86,953900,26.7284062036,27.1268205541,25.983544592,26.7284062036,953900,0.0,1.0
3674,2011-08-08T00:00:00.000Z,28.97,30.64,28.97,29.84,913600,25.0914428943,26.53786021,25.0914428943,25.8449656875,913600,0.0,1.0
3675,2011-08-09T00:00:00.000Z,30.06,30.06,27.76,29.56,806800,26.0355116812,26.0355116812,24.0434399291,25.6024526047,806800,0.0,1.0
3676,2011-08-10T00:00:00.000Z,28.39,29.52,28.29,29.26,754700,24.5890943656,25.5678078785,24.5024825503,25.3426171587,754700,0.0,1.0
3677,2011-08-11T00:00:00.000Z,29.89,30.38,28.31,28.4,696700,25.8882715952,26.3126694902,24.5198049133,24.5977555471,696700,0.0,1.0
3678,2011-08-12T00:00:00.000Z,30.13,30.55,29.5,30.08,325700,26.0961399519,26.4599095762,25.5504855155,26.0528340442,325700,0.0,1.0
3679,2011-08-15T00:00:00.000Z,30.88,30.88,30.15,30.39,317700,26.7457285667,26.7457285667,26.113462315,26.3213306717,317700,0.0,1.0
3680,2011-08-16T00:00:00.000Z,30.71,30.95,30.19,30.51,334800,26.5984884807,26.8063568374,26.1481070411,26.4252648501,334800,0.0,1.0
3681,2011-08-17T00:00:00.000Z,30.56,31.2,30.34,30.89,322500,26.4685707577,27.0228863757,26.278024764,26.7543897482,322500,0.0,1.0
3682,2011-08-18T00:00:00.000Z,28.8,29.83,28.6,29.63,384200,24.9442028083,25.836304506,24.7709791777,25.6630808754,384200,0.0,1.0
3683,2011-08-19T00:00:00.000Z,28.61,29.5,27.95,28.33,478700,24.9268804453,25.7023059467,24.3518458037,24.6829263549,478700,0.17,1.0
3684,2011-08-22T00:00:00.000Z,28.68,29.36,28.52,29.36,217100,24.9878689678,25.5803289015,24.8484666305,25.5803289015,217100,0.0,1.0
3685,2011-08-23T00:00:00.000Z,30.04,30.15,28.62,28.83,393100,26.1727888352,26.2686279421,24.9355930913,25.1185586591,393100,0.0,1.0
3686,2011-08-24T00:00:00.000Z,30.17,30.53,29.52,29.96,414000,26.2860532343,26.5997084933,25.7197312389,26.1030876666,414000,0.0,1.0
3687,2011-08-25T00:00:00.000Z,29.76,30.71,29.4,30.45,332700,25.9288347449,26.7565361228,25.6151794859,26.5300073247,332700,0.0,1.0
3688,2011-08-26T00:00:00.000Z,30.18,30.24,29.17,29.58,437800,26.2947658804,26.3470417569,25.4147886259,25.7720071154,437800,0.0,1.0
3689,2011-08-29T00:00:00.000Z,31.69,31.74,30.36,30.5,354800,27.610375439,27.6539386694,26.4515935099,26.5735705551,354800,0.0,1.0
3690,2011-08-30T00:00:00.000Z,31.92,32.17,31.37,31.54,402500,27.8107662989,28.028582451,27.3315707643,27.4796857478,402500,0.0,1.0
3691,2011-08-31T00:00:00.000Z,32.18,32.53,31.87,32.05,307500,28.0372950971,28.34223771,27.7672030685,27.924030698,307500,0.0,1.0
3692,2011-09-01T00:00:00.000Z,31.47,32.6,31.33,32.12,248100,27.4186972252,28.4032262326,27.29672018,27.9850192206,248100,0.0,1.0
3693,2011-09-02T00:00:00.000Z,30.07,31.11,30.0,30.85,331600,26.1989267735,27.1050419662,26.1379382509,26.878513168,331600,0.0,1.0
3694,2011-09-06T00:00:00.000Z,29.92,30.09,29.25,29.52,282800,26.0682370822,26.2163520656,25.4844897946,25.7197312389,282800,0.0,1.0
3695,2011-09-07T00:00:00.000Z,30.89,30.91,30.22,30.38,297800,26.9133637523,26.9307890445,26.3296164647,26.4690188021,297800,0.0,1.0
3696,2011-09-08T00:00:00.000Z,30.49,31.01,30.36,30.81,318700,26.564857909,27.0179155053,26.4515935099,26.8436625837,318700,0.0,1.0
3697,2011-09-09T00:00:00.000Z,29.57,30.17,29.34,30.12,477600,25.7632944693,26.2860532343,25.5629036094,26.2424900039,477600,0.0,1.0
3698,2011-09-12T00:00:00.000Z,29.82,29.87,29.16,29.16,376500,25.9811106214,26.0246738518,25.4060759799,25.4060759799,376500,0.0,1.0
3699,2011-09-13T00:00:00.000Z,30.35,30.47,29.83,29.97,228900,26.4428808638,26.5474326168,25.9898232675,26.1118003126,228900,0.0,1.0
3700,2011-09-14T00:00:00.000Z,30.75,31.19,29.86,30.66,347100,26.7913867072,27.1747431348,26.0159612057,26.7129728924,347100,0.0,1.0
3701,2011-09-15T00:00:00.000Z,31.03,31.14,30.42,31.05,228200,27.0353407975,27.1311799044,26.5038693864,27.0527660897,228200,0.0,1.0
3702,2011-09-16T00:00:00.000Z,30.69,31.35,30.45,31.17,512800,26.7391108307,27.3141454722,26.5300073247,27.1573178427,512800,0.0,1.0
3703,2011-09-19T00:00:00.000Z,29.9,30.11,29.56,30.07,359800,26.0508117901,26.2337773578,25.7545818232,26.1989267735,359800,0.0,1.0
3704,2011-09-20T00:00:00.000Z,29.7,30.82,29.7,30.19,419800,25.8765588684,26.8523752297,25.8765588684,26.3034785265,419800,0.0,1.0
3705,2011-09-21T00:00:00.000Z,28.53,29.87,28.49,29.74,327100,24.8571792766,26.0246738518,24.8223286923,25.9114094527,327100,0.0,1.0
3706,2011-09-22T00:00:00.000Z,27.95,28.36,27.68,27.77,921100,24.3518458037,24.7090642932,24.1166043595,24.1950181742,921100,0.0,1.0
3707,2011-09-23T00:00:00.000Z,28.49,28.58,27.66,27.92,312400,24.8223286923,24.900742507,24.0991790673,24.3257078655,312400,0.0,1.0
3708,2011-09-26T00:00:00.000Z,29.46,29.53,28.21,28.8,237600,25.6674553624,25.728443885,24.5783746019,25.0924207209,237600,0.0,1.0
3709,2011-09-27T00:00:00.000Z,30.48,31.27,29.99,30.14,394900,26.5561452629,27.2444443035,26.1292256048,26.2599152961,394900,0.0,1.0
3710,2011-09-28T00:00:00.000Z,28.85,30.73,28.72,30.55,606200,25.1359839513,26.773961415,25.0227195522,26.6171337855,606200,0.0,1.0
3711,2011-09-29T00:00:00.000Z,29.06,29.5,28.36,29.35,328300,25.318949519,25.7023059467,24.7090642932,25.5716162555,328300,0.0,1.0
3712,2011-09-30T00:00:00.000Z,29.27,30.39,28.58,28.61,567200,25.5019150868,26.4777314481,24.900742507,24.9268804453,567200,0.0,1.0
3713,2011-10-03T00:00:00.000Z,27.77,29.56,27.76,29.0,522700,24.1950181742,25.7545818232,24.1863055282,25.2666736425,522700,0.0,1.0
3714,2011-10-04T00:00:00.000Z,29.48,29.53,27.49,27.49,521000,25.6848806545,25.728443885,23.9510640839,23.9510640839,521000,0.0,1.0
3715,2011-10-05T00:00:00.000Z,29.34,30.35,29.26,29.62,601400,25.5629036094,26.4428808638,25.4932024407,25.8068576997,601400,0.0,1.0
3716,2011-10-06T00:00:00.000Z,29.16,29.42,28.7,29.21,458000,25.4060759799,25.632604778,25.00529426,25.4496392103,458000,0.0,1.0
3717,2011-10-07T00:00:00.000Z,28.56,29.25,28.33,29.25,389900,24.8833172148,25.4844897946,24.6829263549,25.4844897946,389900,0.0,1.0
3718,2011-10-10T00:00:00.000Z,29.22,29.28,28.7,29.08,282300,25.4583518564,25.5106277329,25.00529426,25.3363748112,282300,0.0,1.0
3719,2011-10-11T00:00:00.000Z,29.35,29.5,28.93,29.0,367900,25.5716162555,25.7023059467,25.2056851199,25.2666736425,367900,0.0,1.0
3720,2011-10-12T00:00:00.000Z,29.54,29.88,29.41,29.64,313300,25.737156531,26.0333864979,25.623892132,25.8242829919,313300,0.0,1.0
3721,2011-10-13T00:00:00.000Z,29.25,29.4,28.77,29.4,205600,25.4844897946,25.6151794859,25.0662827826,25.6151794859,205600,0.0,1.0
3722,2011-10-14T00:00:00.000Z,30.12,30.6,29.35,29.63,442900,26.2424900039,26.6606970159,25.5716162555,25.8155703458,442900,0.0,1.0
3723,2011-10-17T00:00:00.000Z,29.08,30.11,29.0,30.1,360400,25.3363748112,26.2337773578,25.2666736425,26.2250647117,360400,0.0,1.0
3724,2011-10-18T00:00:00.000Z,29.49,29.64,28.5,29.33,549100,25.6935933006,25.8242829919,24.8310413383,25.5541909633,549100,0.0,1.0
3725,2011-10-19T00:00:00.000Z,28.85,29.76,28.7,29.64,367600,25.1359839513,25.9288347449,25.00529426,25.8242829919,367600,0.0,1.0
3726,2011-10-20T00:00:00.000Z,28.71,28.98,28.15,28.97,332400,25.0140069061,25.2492483504,24.5260987254,25.2405357043,332400,0.0,1.0
3727,2011-10-21T00:00:00.000Z,29.72,29.91,29.02,29.19,410100,25.8939841605,26.0595244361,25.2840989347,25.4322139181,410100,0.0,1.0
3728,2011-10-24T00:00:00.000Z,30.76,31.27,29.88,29.9,480900,26.8000993532,27.2444443035,26.0333864979,26.0508117901,480900,0.0,1.0
3729,2011-10-25T00:00:00.000Z,30.24,30.99,30.1,30.53,415100,26.3470417569,27.0004902132,26.2250647117,26.5997084933,415100,0.0,1.0
3730,2011-10-26T00:00:00.000Z,30.59,30.77,29.75,30.71,320500,26.6519843698,26.8088119993,25.9201220988,26.7565361228,320500,0.0,1.0
3731,2011-10-27T00:00:00.000Z,32.26,32.39,31.26,31.42,666600,28.1069962658,28.2202606649,27.2357316574,27.3751339948,666600,0.0,1.0
3732,2011-10-28T00:00:00.000Z,32.42,32.68,32.09,32.23,336400,28.2463986031,28.4729274013,27.9588812824,28.0808583275,336400,0.0,1.0
3733,2011-10-31T00:00:00.000Z,30.98,32.24,30.96,32.05,353900,26.9917775671,28.0895709736,26.9743522749,27.924030698,353900,0.0,1.0
3734,2011-11-01T00:00:00.000Z,29.82,30.28,29.43,30.0,536500,25.9811106214,26.3818923412,25.6413174241,26.1379382509,536500,0.0,1.0
3735,2011-11-02T00:00:00.000Z,28.55,30.01,28.13,30.01,1257000,24.8746045688,26.146650897,24.5086734332,26.146650897,1257000,0.0,1.0
3736,2011-11-03T00:00:00.000Z,28.88,29.02,28.06,28.64,785900,25.1621218895,25.2840989347,24.4476849107,24.9530183835,785900,0.0,1.0
3737,2011-11-04T00:00:00.000Z,28.98,29.04,28.26,28.68,396300,25.2492483504,25.3015242269,24.6219378323,24.9878689678,396300,0.0,1.0
3738,2011-11-07T00:00:00.000Z,29.17,29.18,28.51,28.93,455000,25.4147886259,25.423501272,24.8397539844,25.2056851199,455000,0.0,1.0
3739,2011-11-08T00:00:00.000Z,29.57,29.7,28.7,29.33,546700,25.7632944693,25.8765588684,25.00529426,25.5541909633,546700,0.0,1.0
3740,2011-11-09T00:00:00.000Z,28.42,29.0,28.22,28.74,575900,24.7613401697,25.2666736425,24.587087248,25.0401448443,575900,0.0,1.0
3741,2011-11-10T00:00:00.000Z,28.76,29.09,28.36,28.81,415500,25.0575701365,25.3450874573,24.7090642932,25.1011333669,415500,0.0,1.0
3742,2011-11-11T00:00:00.000Z,29.7,29.91,28.96,29.07,448000,25.8765588684,26.0595244361,25.2318230582,25.3276621651,448000,0.0,1.0
3743,2011-11-14T00:00:00.000Z,29.4,29.78,29.29,29.57,279600,25.6151794859,25.946260037,25.5193403789,25.7632944693,279600,0.0,1.0
3744,2011-11-15T00:00:00.000Z,29.68,29.93,29.11,29.34,378600,25.8591335762,26.0769497283,25.3625127494,25.5629036094,378600,0.0,1.0
3745,2011-11-16T00:00:00.000Z,29.16,29.95,29.13,29.35,477500,25.4060759799,26.0943750205,25.3799380416,25.5716162555,477500,0.0,1.0
3746,2011-11-17T00:00:00.000Z,28.8,29.35,28.65,29.07,539300,25.0924207209,25.5716162555,24.9617310296,25.3276621651,539300,0.0,1.0
3747,2011-11-18T00:00:00.000Z,28.58,29.03,28.52,28.9,213800,24.900742507,25.2928115808,24.8484666305,25.1795471817,213800,0.0,1.0
3748,2011-11-21T00:00:00.000Z,27.97,28.36,27.83,28.02,288400,24.5173860793,24.8592445195,24.3946676649,24.5612140845,288400,0.17,1.0
3749,2011-11-22T00:00:00.000Z,27.8,28.21,27.52,27.97,298200,24.3683708618,24.727760504,24.122934033,24.5173860793,298200,0.0,1.0
3750,2011-11-23T00:00:00.000Z,27.38,27.72,27.08,27.61,527500,24.0002156186,24.2982460536,23.7372475877,24.2018244423,527500,0.0,1.0
3751,2011-11-25T00:00:00.000Z,27.46,27.75,27.29,27.3,170400,24.0703404268,24.3245428567,23.9213252093,23.9300908104,170400,0.0,1.0
3752,2011-11-28T00:00:00.000Z,28.76,28.96,28.18,28.38,458000,25.2098685607,25.3851805812,24.7014637009,24.8767757215,458000,0.0,1.0
3753,2011-11-29T00:00:00.000Z,28.45,29.0,28.41,28.9,364800,24.9381349287,25.4202429854,24.9030725246,25.3325869751,364800,0.0,1.0
3754,2011-11-30T00:00:00.000Z,30.07,30.2,29.46,29.67,606400,26.3581622955,26.4721151089,25.8234606327,26.0075382543,606400,0.0,1.0
3755,2011-12-01T00:00:00.000Z,29.77,30.44,29.75,30.05,352400,26.0951942646,26.6824895336,26.0776630626,26.3406310935,352400,0.0,1.0
3756,2011-12-02T00:00:00.000Z,29.73,30.57,29.64,30.21,258400,26.0601318605,26.796442347,25.9812414512,26.4808807099,258400,0.0,1.0
3757,2011-12-05T00:00:00.000Z,30.36,30.69,30.05,30.25,365200,26.6123647254,26.9016295593,26.3406310935,26.515943114,365200,0.0,1.0
3758,2011-12-06T00:00:00.000Z,30.44,30.62,30.1,30.43,307100,26.6824895336,26.8402703521,26.3844590986,26.6737239326,307100,0.0,1.0
3759,2011-12-07T00:00:00.000Z,30.21,30.31,29.51,30.18,393600,26.4808807099,26.5685367202,25.8672886379,26.4545839068,393600,0.0,1.0
3760,2011-12-08T00:00:00.000Z,29.02,30.01,28.95,30.0,383300,25.4377741874,26.3055686893,25.3764149802,26.2968030883,383300,0.0,1.0
3761,2011-12-09T00:00:00.000Z,29.76,29.99,29.11,29.11,318700,26.0864286636,26.2880374873,25.5166645967,25.5166645967,318700,0.0,1.0
3762,2011-12-12T00:00:00.000Z,28.95,29.46,28.72,29.46,231200,25.3764149802,25.8234606327,25.1748061565,25.8234606327,231200,0.0,1.0
3763,2011-12-13T00:00:00.000Z,28.6,29.49,28.47,29.2,320000,25.0696189442,25.8497574358,24.9556661308,25.595555006,320000,0.0,1.0
3764,2011-12-14T00:00:00.000Z,28.27,28.56,27.9,28.39,426900,24.7803541102,25.0345565401,24.4560268721,24.8855413226,426900,0.0,1.0
3765,2011-12-15T00:00:00.000Z,28.52,28.8,28.12,28.56,528100,24.999494136,25.2449309648,24.6488700948,25.0345565401,528100,0.0,1.0
3766,2011-12-16T00:00:00.000Z,28.12,29.07,27.97,28.6,720400,24.6488700948,25.4816021926,24.5173860793,25.0696189442,720400,0.0,1.0
3767,2011-12-19T00:00:00.000Z,27.84,28.6,27.82,28.31,336400,24.4034332659,25.0696189442,24.3859020639,24.8154165143,336400,0.0,1.0
3768,2011-12-20T00:00:00.000Z,28.91,28.94,28.34,28.41,335300,25.3413525761,25.3676493792,24.8417133174,24.9030725246,335300,0.0,1.0
3769,2011-12-21T00:00:00.000Z,29.19,29.24,28.51,28.78,177300,25.5867894049,25.6306174101,24.9907285349,25.2273997627,177300,0.0,1.0
3770,2011-12-22T00:00:00.000Z,29.45,29.61,29.09,29.27,277800,25.8146950317,25.9549446482,25.4991333946,25.6569142132,277800,0.0,1.0
3771,2011-12-23T00:00:00.000Z,29.79,29.89,29.47,29.59,113600,26.1127254667,26.200381477,25.8322262337,25.9374134461,113600,0.0,1.0
3772,2011-12-27T00:00:00.000Z,29.97,30.01,29.71,29.74,234300,26.2705062852,26.3055686893,26.0426006585,26.0688974615,234300,0.0,1.0
3773,2011-12-28T00:00:00.000Z,29.35,30.0,29.31,29.95,279000,25.7270390214,26.2968030883,25.6919766173,26.2529750832,279000,0.0,1.0
3774,2011-12-29T00:00:00.000Z,29.85,29.96,29.36,29.41,267800,26.1653190729,26.2617406842,25.7358046224,25.7796326276,267800,0.0,1.0
3775,2011-12-30T00:00:00.000Z,29.82,30.16,29.75,29.75,227500,26.1390222698,26.4370527048,26.0776630626,26.0776630626,227500,0.0,1.0
3776,2012-01-03T00:00:00.000Z,30.07,30.87,30.0,30.45,555500,26.3581622955,27.0594103779,26.2968030883,26.6912551346,555500,0.0,1.0
3777,2012-01-04T00:00:00.000Z,29.89,30.11,29.7,29.98,428500,26.200381477,26.3932246996,26.0338350574,26.2792718862,428500,0.0,1.0
3778,2012-01-05T00:00:00.000Z,29.9,29.94,29.41,29.77,395700,26.209147078,26.2442094821,25.7796326276,26.0951942646,395700,0.0,1.0
3779,2012-01-06T00:00:00.000Z,30.04,30.15,29.72,29.91,495100,26.3318654924,26.4282871037,26.0513662595,26.217912679,495100,0.0,1.0
3780,2012-01-09T00:00:00.000Z,28.56,29.95,28.48,29.41,893900,25.0345565401,26.2529750832,24.9644317318,25.7796326276,893900,0.0,1.0
3781,2012-01-10T00:00:00.000Z,28.33,28.97,28.32,28.9,642300,24.8329477164,25.3939461823,24.8241821154,25.3325869751,642300,0.0,1.0
3782,2012-01-11T00:00:00.000Z,28.23,28.48,28.06,28.22,516500,24.7452917061,24.9644317318,24.5962764886,24.7365261051,516500,0.0,1.0
3783,2012-01-12T00:00:00.000Z,28.1,28.35,27.7,28.25,773400,24.6313388927,24.8504789185,24.2807148515,24.7628229082,773400,0.0,1.0
3784,2012-01-13T00:00:00.000Z,28.17,28.42,27.71,27.73,452800,24.6926980999,24.9118381257,24.2894804526,24.3070116546,452800,0.0,1.0
3785,2012-01-17T00:00:00.000Z,28.85,28.9,28.28,28.44,468300,25.2887589699,25.3325869751,24.7891197112,24.9293693277,468300,0.0,1.0
3786,2012-01-18T00:00:00.000Z,29.09,29.1,28.76,28.85,453900,25.4991333946,25.5078989957,25.2098685607,25.2887589699,453900,0.0,1.0
3787,2012-01-19T00:00:00.000Z,29.23,29.24,28.93,29.11,431400,25.621851809,25.6306174101,25.3588837782,25.5166645967,431400,0.0,1.0
3788,2012-01-20T00:00:00.000Z,29.59,29.65,29.15,29.17,303700,25.9374134461,25.9900070523,25.5517270008,25.5692582029,303700,0.0,1.0
3789,2012-01-23T00:00:00.000Z,29.41,30.04,29.36,29.66,402800,25.7796326276,26.3318654924,25.7358046224,25.9987726533,402800,0.0,1.0
3790,2012-01-24T00:00:00.000Z,29.35,29.37,29.15,29.26,465900,25.7270390214,25.7445702235,25.5517270008,25.6481486121,465900,0.0,1.0
3791,2012-01-25T00:00:00.000Z,29.56,29.85,29.28,29.28,512500,25.911116643,26.1653190729,25.6656798142,25.6656798142,512500,0.0,1.0
3792,2012-01-26T00:00:00.000Z,29.62,29.72,29.18,29.72,496300,25.9637102492,26.0513662595,25.5780238039,26.0513662595,496300,0.0,1.0
3793,2012-01-27T00:00:00.000Z,30.06,30.08,29.41,29.46,404800,26.3493966945,26.3669278965,25.7796326276,25.8234606327,404800,0.0,1.0
3794,2012-01-30T00:00:00.000Z,30.08,30.23,29.57,29.76,474400,26.3669278965,26.498411912,25.919882244,26.0864286636,474400,0.0,1.0
3795,2012-01-31T00:00:00.000Z,30.08,30.53,30.01,30.31,508800,26.3669278965,26.7613799429,26.3055686893,26.5685367202,508800,0.0,1.0
3796,2012-02-01T00:00:00.000Z,30.12,30.35,29.99,30.26,631700,26.4019903007,26.6035991243,26.2880374873,26.5247087151,631700,0.0,1.0
3797,2012-02-02T00:00:00.000Z,30.08,30.33,30.04,30.09,379500,26.3669278965,26.5860679223,26.3318654924,26.3756934976,379500,0.0,1.0
3798,2012-02-03T00:00:00.000Z,30.2,30.43,30.12,30.32,622500,26.4721151089,26.6737239326,26.4019903007,26.5773023212,622500,0.0,1.0
3799,2012-02-06T00:00:00.000Z,30.64,30.64,30.12,30.15,430000,26.8578015542,26.8578015542,26.4019903007,26.4282871037,430000,0.0,1.0
3800,2012-02-07T00:00:00.000Z,30.59,30.96,29.35,29.98,1405500,26.813973549,27.1383007871,25.7270390214,26.2792718862,1405500,0.0,1.0
3801,2012-02-08T00:00:00.000Z,31.28,31.58,30.12,30.29,1254800,27.4188000201,27.681768051,26.4019903007,26.5510055182,1254800,0.0,1.0
3802,2012-02-09T00:00:00.000Z,30.96,31.47,30.88,31.27,481000,27.1383007871,27.5853464396,27.0681759789,27.410034419,481000,0.0,1.0
3803,2012-02-10T00:00:00.000Z,31.35,31.44,30.58,30.58,480000,27.4801592273,27.5590496365,26.805207948,26.805207948,480000,0.0,1.0
3804,2012-02-13T00:00:00.000Z,31.99,32.02,31.6,31.69,411500,28.0411576932,28.0674544963,27.699299253,27.7781896623,411500,0.0,1.0
3805,2012-02-14T00:00:00.000Z,31.53,31.95,31.27,31.85,322000,27.6379400458,28.006095289,27.410034419,27.9184392788,322000,0.0,1.0
3806,2012-02-15T00:00:00.000Z,31.28,31.77,31.14,31.69,351200,27.4188000201,27.8483144705,27.2960816057,27.7781896623,351200,0.0,1.0
3807,2012-02-16T00:00:00.000Z,31.83,31.87,31.24,31.31,407400,27.9009080767,27.9359704808,27.383737616,27.4450968232,407400,0.0,1.0
3808,2012-02-17T00:00:00.000Z,31.95,32.03,31.85,31.96,694400,28.006095289,28.0762200973,27.9184392788,28.0148608901,694400,0.0,1.0
3809,2012-02-21T00:00:00.000Z,31.63,32.1,31.43,32.1,449900,27.7255960561,28.1375793045,27.5502840355,28.1375793045,449900,0.0,1.0
3810,2012-02-22T00:00:00.000Z,31.74,31.79,31.51,31.69,509900,27.8220176674,27.8658456726,27.6204088438,27.7781896623,509900,0.0,1.0
3811,2012-02-23T00:00:00.000Z,32.27,32.33,31.54,31.75,429800,28.286594522,28.3391881282,27.6467056468,27.8307832685,429800,0.0,1.0
3812,2012-02-24T00:00:00.000Z,32.13,32.26,31.78,32.11,211400,28.3128913251,28.4274470634,28.0044720296,28.2952673653,211400,0.17,1.0
3813,2012-02-27T00:00:00.000Z,32.15,32.3,31.47,31.85,290800,28.3305152848,28.4626949829,27.7313006536,28.0661558887,290800,0.0,1.0
3814,2012-02-28T00:00:00.000Z,31.96,32.27,31.77,32.07,277200,28.1630876673,28.4362590433,27.9956600497,28.2600194459,277200,0.0,1.0
3815,2012-02-29T00:00:00.000Z,31.38,32.08,31.38,32.04,358100,27.6519928348,28.2688314257,27.6519928348,28.2335835062,358100,0.0,1.0
3816,2012-03-01T00:00:00.000Z,31.48,31.76,31.41,31.56,282000,27.7401126335,27.9868480699,27.6784287744,27.8106084724,282000,0.0,1.0
3817,2012-03-02T00:00:00.000Z,31.0,31.58,30.76,31.47,359200,27.3171375997,27.8282324322,27.1056500828,27.7313006536,359200,0.0,1.0
3818,2012-03-05T00:00:00.000Z,31.05,31.07,30.67,30.9,274400,27.361197499,27.3788214588,27.0263422639,27.229017801,274400,0.0,1.0
3819,2012-03-06T00:00:00.000Z,30.54,30.94,30.33,30.57,473300,26.9117865256,27.2642657204,26.7267349483,26.9382224652,473300,0.0,1.0
3820,2012-03-07T00:00:00.000Z,30.69,30.81,30.37,30.54,432500,27.0439662237,27.1497099821,26.7619828678,26.9117865256,432500,0.0,1.0
3821,2012-03-08T00:00:00.000Z,30.84,30.95,30.55,30.93,285400,27.1761459217,27.2730777003,26.9205985055,27.2554537406,285400,0.0,1.0
3822,2012-03-09T00:00:00.000Z,31.36,31.85,30.86,30.86,302500,27.634368875,28.0661558887,27.1937698815,27.1937698815,302500,0.0,1.0
3823,2012-03-12T00:00:00.000Z,30.99,31.47,30.88,31.42,194900,27.3083256198,27.7313006536,27.2113938412,27.6872407542,194900,0.0,1.0
3824,2012-03-13T00:00:00.000Z,31.88,31.89,30.98,31.37,389200,28.0925918283,28.1014038082,27.2995136399,27.6431808549,389200,0.0,1.0
3825,2012-03-14T00:00:00.000Z,31.82,32.0,31.71,31.92,190400,28.0397199491,28.1983355868,27.9427881705,28.1278397478,190400,0.0,1.0
3826,2012-03-15T00:00:00.000Z,32.17,32.17,31.6,31.86,196400,28.3481392446,28.3481392446,27.8458563919,28.0749678686,196400,0.0,1.0
3827,2012-03-16T00:00:00.000Z,32.11,32.38,32.04,32.24,446400,28.2952673653,28.5331908218,28.2335835062,28.4098231037,446400,0.0,1.0
3828,2012-03-19T00:00:00.000Z,32.0,32.3,31.97,32.2,229100,28.1983355868,28.4626949829,28.1718996471,28.3745751842,229100,0.0,1.0
3829,2012-03-20T00:00:00.000Z,31.91,32.01,31.69,31.87,254300,28.1190277679,28.2071475666,27.9251642108,28.0837798484,254300,0.0,1.0
3830,2012-03-21T00:00:00.000Z,31.64,32.04,31.64,31.93,363600,27.8811043114,28.2335835062,27.8811043114,28.1366517277,363600,0.0,1.0
3831,2012-03-22T00:00:00.000Z,31.35,31.69,31.2,31.48,391000,27.6255568952,27.9251642108,27.4933771971,27.7401126335,391000,0.0,1.0
3832,2012-03-23T00:00:00.000Z,31.2,31.49,31.07,31.43,553400,27.4933771971,27.7489246133,27.3788214588,27.6960527341,553400,0.0,1.0
3833,2012-03-26T00:00:00.000Z,32.02,32.22,31.45,31.53,488300,28.2159595465,28.3921991439,27.7136766939,27.7841725328,488300,0.0,1.0
3834,2012-03-27T00:00:00.000Z,31.9,32.21,31.8,32.01,361900,28.110215788,28.383387164,28.0220959893,28.2071475666,361900,0.0,1.0
3835,2012-03-28T00:00:00.000Z,31.5,32.06,31.19,31.97,440700,27.7577365932,28.251207466,27.4845652172,28.1718996471,440700,0.0,1.0
3836,2012-03-29T00:00:00.000Z,31.6,31.71,31.22,31.36,321100,27.8458563919,27.9427881705,27.5110011568,27.634368875,321100,0.0,1.0
3837,2012-03-30T00:00:00.000Z,31.62,31.93,31.58,31.8,190000,27.8634803517,28.1366517277,27.8282324322,28.0220959893,190000,0.0,1.0
3838,2012-04-02T00:00:00.000Z,31.52,31.71,31.41,31.58,323800,27.775360553,27.9427881705,27.6784287744,27.8282324322,323800,0.0,1.0
3839,2012-04-03T00:00:00.000Z,31.17,31.65,30.95,31.56,344600,27.4669412575,27.8899162913,27.2730777003,27.8106084724,344600,0.0,1.0
3840,2012-04-04T00:00:00.000Z,30.81,30.96,30.28,30.86,574400,27.1497099821,27.2818896802,26.682675049,27.1937698815,574400,0.0,1.0
3841,2012-04-05T00:00:00.000Z,30.67,31.0,30.49,30.72,389300,27.0263422639,27.3171375997,26.8677266263,27.0704021633,389300,0.0,1.0
3842,2012-04-09T00:00:00.000Z,30.36,30.39,29.95,30.17,287300,26.7531708879,26.7796068275,26.3918797132,26.5857432704,287300,0.0,1.0
3843,2012-04-10T00:00:00.000Z,30.15,30.34,29.96,30.31,513000,26.5681193106,26.7355469282,26.4006916931,26.7091109886,513000,0.0,1.0
3844,2012-04-11T00:00:00.000Z,30.61,30.61,30.31,30.42,295600,26.9734703847,26.9734703847,26.7091109886,26.8060427672,295600,0.0,1.0
3845,2012-04-12T00:00:00.000Z,31.04,31.24,30.54,30.61,368200,27.3523855192,27.5286251166,26.9117865256,26.9734703847,368200,0.0,1.0
3846,2012-04-13T00:00:00.000Z,30.33,31.02,30.31,30.98,339300,26.7267349483,27.3347615594,26.7091109886,27.2995136399,339300,0.0,1.0
3847,2012-04-16T00:00:00.000Z,30.32,30.6,30.02,30.36,267600,26.7179229685,26.9646584048,26.4535635723,26.7531708879,267600,0.0,1.0
3848,2012-04-17T00:00:00.000Z,30.81,31.16,30.43,30.48,502500,27.1497099821,27.4581292776,26.814854747,26.8589146464,502500,0.0,1.0
3849,2012-04-18T00:00:00.000Z,30.53,30.83,30.35,30.75,195000,26.9029745457,27.1673339419,26.7443589081,27.0968381029,195000,0.0,1.0
3850,2012-04-19T00:00:00.000Z,30.4,30.75,30.3,30.64,263500,26.7884188074,27.0968381029,26.7002990087,26.9999063243,263500,0.0,1.0
3851,2012-04-20T00:00:00.000Z,30.48,30.77,30.4,30.62,394200,26.8589146464,27.1144620626,26.7884188074,26.9822823646,394200,0.0,1.0
3852,2012-04-23T00:00:00.000Z,30.26,30.32,29.82,30.06,259400,26.6650510892,26.7179229685,26.2773239749,26.4888114918,259400,0.0,1.0
3853,2012-04-24T00:00:00.000Z,30.68,30.79,30.15,30.3,196400,27.0351542438,27.1320860224,26.5681193106,26.7002990087,196400,0.0,1.0
3854,2012-04-25T00:00:00.000Z,31.07,31.44,30.83,31.0,349500,27.3788214588,27.704864714,27.1673339419,27.3171375997,349500,0.0,1.0
3855,2012-04-26T00:00:00.000Z,31.22,31.35,30.9,31.03,204900,27.5110011568,27.6255568952,27.229017801,27.3435735393,204900,0.0,1.0
3856,2012-04-27T00:00:00.000Z,31.52,31.83,31.18,31.28,562100,27.775360553,28.048531929,27.4757532373,27.5638730361,562100,0.0,1.0
3857,2012-04-30T00:00:00.000Z,31.41,31.63,31.16,31.57,393000,27.6784287744,27.8722923315,27.4581292776,27.8194204523,393000,0.0,1.0
3858,2012-05-01T00:00:00.000Z,31.33,31.78,31.23,31.36,371100,27.6079329354,28.0044720296,27.5198131367,27.634368875,371100,0.0,1.0
3859,2012-05-02T00:00:00.000Z,31.35,31.36,30.73,31.05,328400,27.6255568952,27.634368875,27.0792141432,27.361197499,328400,0.0,1.0
3860,2012-05-03T00:00:00.000Z,30.8,31.4,30.59,31.28,412000,27.1408980023,27.6696167945,26.955846425,27.5638730361,412000,0.0,1.0
3861,2012-05-04T00:00:00.000Z,29.98,30.68,29.94,30.56,814200,26.4183156528,27.0351542438,26.3830677334,26.9294104854,814200,0.0,1.0
3862,2012-05-07T00:00:00.000Z,30.83,30.87,29.69,29.9,727800,27.1673339419,27.2025818613,26.1627682366,26.3478198139,727800,0.0,1.0
3863,2012-05-08T00:00:00.000Z,31.14,31.16,29.64,30.38,1083100,27.4405053179,27.4581292776,26.1187083372,26.7707948477,1083100,0.0,1.0
3864,2012-05-09T00:00:00.000Z,30.01,30.88,30.01,30.71,543900,26.4447515925,27.2113938412,26.4447515925,27.0615901834,543900,0.0,1.0
3865,2012-05-10T00:00:00.000Z,30.12,30.28,29.87,30.28,425700,26.541683371,26.682675049,26.3213838743,26.682675049,425700,0.0,1.0
3866,2012-05-11T00:00:00.000Z,30.1,30.26,29.88,29.91,311800,26.5240594113,26.6650510892,26.3301958541,26.3566317937,311800,0.0,1.0
3867,2012-05-14T00:00:00.000Z,30.0,30.1,29.6799,29.8,332669,26.4359396126,26.5240594113,26.1538681369,26.2597000152,332669,0.0,1.0
3868,2012-05-15T00:00:00.000Z,29.74,30.1,29.67,30.07,292289,26.2068281359,26.5240594113,26.1451442768,26.4976234717,292289,0.0,1.0
3869,2012-05-16T00:00:00.000Z,29.72,29.91,29.66,29.73,249100,26.1892041762,26.3566317937,26.136332297,26.1980161561,249100,0.0,1.0
3870,2012-05-17T00:00:00.000Z,29.49,29.78,29.45,29.67,421800,25.9865286392,26.2420760554,25.9512807197,26.1451442768,421800,0.0,1.0
3871,2012-05-18T00:00:00.000Z,29.26,29.53,29.09,29.41,521400,25.7838531021,26.0217765587,25.6340494443,25.9160328002,521400,0.0,1.0
3872,2012-05-21T00:00:00.000Z,29.59,29.65,29.08,29.22,401900,26.0746484379,26.1275203171,25.6252374645,25.7486051827,401900,0.0,1.0
3873,2012-05-22T00:00:00.000Z,29.2,29.63,29.08,29.55,498900,25.7309812229,26.1098963574,25.6252374645,26.0394005184,498900,0.0,1.0
3874,2012-05-23T00:00:00.000Z,29.8,29.83,28.89,29.0,582000,26.2597000152,26.2861359548,25.4578098469,25.5547416255,582000,0.0,1.0
3875,2012-05-24T00:00:00.000Z,30.18,30.19,29.59,29.82,249800,26.5945552503,26.6033672301,26.0746484379,26.2773239749,249800,0.0,1.0
3876,2012-05-25T00:00:00.000Z,30.19,30.44,30.06,30.23,160300,26.6033672301,26.8236667269,26.4888114918,26.6386151496,160300,0.0,1.0
3877,2012-05-29T00:00:00.000Z,30.71,30.9,30.35,30.4,325400,27.0615901834,27.229017801,26.7443589081,26.7884188074,325400,0.0,1.0
3878,2012-05-30T00:00:00.000Z,29.94,30.62,29.87,30.45,199600,26.3830677334,26.9822823646,26.3213838743,26.8324787068,199600,0.0,1.0
3879,2012-05-31T00:00:00.000Z,29.86,30.11,29.51,29.97,431700,26.3125718944,26.5328713912,26.0041525989,26.409503673,431700,0.0,1.0
3880,2012-06-01T00:00:00.000Z,29.01,29.28,28.94,29.19,473000,25.7133572632,25.9526749626,25.6513119337,25.8729023961,473000,0.17,1.0
3881,2012-06-04T00:00:00.000Z,29.07,29.29,28.96,29.04,290900,25.7665389742,25.9615385811,25.6690391707,25.7399481187,290900,0.0,1.0
3882,2012-06-05T00:00:00.000Z,29.56,29.63,28.77,28.89,295300,26.2008562806,26.2629016101,25.5006304192,25.6069938412,295300,0.0,1.0
3883,2012-06-06T00:00:00.000Z,30.33,30.34,29.69,29.81,283900,26.8833549049,26.8922185234,26.316083321,26.422446743,283900,0.0,1.0
3884,2012-06-07T00:00:00.000Z,30.38,30.83,30.37,30.74,317400,26.9276729974,27.3265358298,26.9188093789,27.2467632634,317400,0.0,1.0
3885,2012-06-08T00:00:00.000Z,30.89,30.97,30.25,30.33,271000,27.3797175408,27.4506264888,26.8124459569,26.8833549049,271000,0.0,1.0
3886,2012-06-11T00:00:00.000Z,30.57,31.2,30.56,31.1,613000,27.0960817489,27.6544897143,27.0872181304,27.5658535293,613000,0.0,1.0
3887,2012-06-12T00:00:00.000Z,30.8,30.97,30.49,30.72,298100,27.2999449743,27.4506264888,27.0251728009,27.2290360264,298100,0.0,1.0
3888,2012-06-13T00:00:00.000Z,30.56,30.87,30.43,30.75,426400,27.0872181304,27.3619903038,26.9719910899,27.2556268819,426400,0.0,1.0
3889,2012-06-14T00:00:00.000Z,30.81,30.92,30.6,30.65,530900,27.3088085928,27.4063083963,27.1226726044,27.1669906969,530900,0.0,1.0
3890,2012-06-15T00:00:00.000Z,31.2,31.39,30.72,30.93,544400,27.6544897143,27.8228984657,27.2290360264,27.4151720148,544400,0.0,1.0
3891,2012-06-18T00:00:00.000Z,31.45,31.48,31.02,31.08,307300,27.8760801767,27.9026710322,27.4949445813,27.5481262923,307300,0.0,1.0
3892,2012-06-19T00:00:00.000Z,31.53,31.78,31.5,31.52,469300,27.9469891247,28.1685795872,27.9203982692,27.9381255062,469300,0.0,1.0
3893,2012-06-20T00:00:00.000Z,31.29,31.54,31.13,31.52,172100,27.7342622808,27.9558527432,27.5924443848,27.9381255062,172100,0.0,1.0
3894,2012-06-21T00:00:00.000Z,30.5,31.48,30.46,31.33,254500,27.0340364194,27.9026710322,26.9985819454,27.7697167547,254500,0.0,1.0
3895,2012-06-22T00:00:00.000Z,30.76,30.82,30.47,30.7,647400,27.2644905004,27.3176722113,27.0074455639,27.2113087894,647400,0.0,1.0
3896,2012-06-25T00:00:00.000Z,30.08,30.6,30.06,30.34,337900,26.6617644425,27.1226726044,26.6440372055,26.8922185234,337900,0.0,1.0
3897,2012-06-26T00:00:00.000Z,30.16,30.24,29.84,30.1,234000,26.7326733905,26.8035823384,26.4490375985,26.6794916795,234000,0.0,1.0
3898,2012-06-27T00:00:00.000Z,30.78,30.83,30.23,30.3,149200,27.2822177373,27.3265358298,26.7947187199,26.8567640494,149200,0.0,1.0
3899,2012-06-28T00:00:00.000Z,30.47,30.72,29.62,30.5,630200,27.0074455639,27.2290360264,26.2540379916,27.0340364194,630200,0.0,1.0
3900,2012-06-29T00:00:00.000Z,31.37,31.47,30.85,31.07,444900,27.8051712287,27.8938074137,27.3442630668,27.5392626738,444900,0.0,1.0
3901,2012-07-02T00:00:00.000Z,31.65,31.65,31.34,31.54,558100,28.0533525467,28.0533525467,27.7785803732,27.9558527432,558100,0.0,1.0
3902,2012-07-03T00:00:00.000Z,32.16,32.16,31.53,31.76,229500,28.5053970901,28.5053970901,27.9469891247,28.1508523502,229500,0.0,1.0
3903,2012-07-05T00:00:00.000Z,31.86,32.32,31.84,32.08,162700,28.2394885352,28.6472149861,28.2217612982,28.4344881421,162700,0.0,1.0
3904,2012-07-06T00:00:00.000Z,31.39,31.7,31.3,31.55,140200,27.8228984657,28.0976706392,27.7431258993,27.9647163617,140200,0.0,1.0
3905,2012-07-09T00:00:00.000Z,31.54,31.56,31.16,31.39,191700,27.9558527432,27.9735799802,27.6190352403,27.8228984657,191700,0.0,1.0
3906,2012-07-10T00:00:00.000Z,31.23,31.77,31.15,31.67,124000,27.6810805698,28.1597159687,27.6101716218,28.0710797837,124000,0.0,1.0
3907,2012-07-11T00:00:00.000Z,31.48,31.56,31.16,31.23,187200,27.9026710322,27.9735799802,27.6190352403,27.6810805698,187200,0.0,1.0
3908,2012-07-12T00:00:00.000Z,31.36,31.46,31.0,31.33,178400,27.7963076102,27.8849437952,27.4772173443,27.7697167547,178400,0.0,1.0
3909,2012-07-13T00:00:00.000Z,31.68,31.86,31.24,31.42,161400,28.0799434022,28.2394885352,27.6899441883,27.8494893212,161400,0.0,1.0
3910,2012-07-16T00:00:00.000Z,31.6,31.78,31.43,31.61,239000,28.0090344542,28.1685795872,27.8583529397,28.0178980727,239000,0.0,1.0
3911,2012-07-17T00:00:00.000Z,31.67,31.92,31.36,31.83,379200,28.0710797837,28.2926702461,27.7963076102,28.2128976797,379200,0.0,1.0
3912,2012-07-18T00:00:00.000Z,31.6,31.84,31.29,31.51,371400,28.0090344542,28.2217612982,27.7342622808,27.9292618877,371400,0.0,1.0
3913,2012-07-19T00:00:00.000Z,31.62,31.76,31.33,31.65,242200,28.0267616912,28.1508523502,27.7697167547,28.0533525467,242200,0.0,1.0
3914,2012-07-20T00:00:00.000Z,31.2,31.5,31.13,31.5,265200,27.6544897143,27.9203982692,27.5924443848,27.9203982692,265200,0.0,1.0
3915,2012-07-23T00:00:00.000Z,30.99,31.18,30.68,30.78,333900,27.4683537258,27.6367624773,27.1935815524,27.2822177373,333900,0.0,1.0
3916,2012-07-24T00:00:00.000Z,30.6,31.1,30.43,31.09,396000,27.1226726044,27.5658535293,26.9719910899,27.5569899108,396000,0.0,1.0
3917,2012-07-25T00:00:00.000Z,30.48,30.94,30.33,30.75,218400,27.0163091824,27.4240356333,26.8833549049,27.2556268819,218400,0.0,1.0
3918,2012-07-26T00:00:00.000Z,29.96,30.91,29.91,30.91,369500,26.5554010205,27.3974447778,26.511082928,27.3974447778,369500,0.0,1.0
3919,2012-07-27T00:00:00.000Z,30.77,30.84,29.93,30.19,597600,27.2733541189,27.3353994483,26.528810165,26.759264246,597600,0.0,1.0
3920,2012-07-30T00:00:00.000Z,30.47,30.82,30.4,30.73,203000,27.0074455639,27.3176722113,26.9454002344,27.2378996449,203000,0.0,1.0
3921,2012-07-31T00:00:00.000Z,30.13,30.59,30.11,30.42,314800,26.706082535,27.1138089859,26.688355298,26.9631274714,314800,0.0,1.0
3922,2012-08-01T00:00:00.000Z,30.0,30.48,29.91,30.29,540500,26.5908554945,27.0163091824,26.511082928,26.8479004309,540500,0.0,1.0
3923,2012-08-02T00:00:00.000Z,31.55,31.99,30.82,30.98,1225700,27.9647163617,28.3547155756,27.3176722113,27.4594901073,1225700,0.0,1.0
3924,2012-08-03T00:00:00.000Z,32.36,32.83,31.65,32.0,916400,28.6826694601,29.0992595295,28.0533525467,28.3635791941,916400,0.0,1.0
3925,2012-08-06T00:00:00.000Z,33.57,33.97,32.38,32.38,974900,29.7551672983,30.1097120383,28.7003966971,28.7003966971,974900,0.0,1.0
3926,2012-08-07T00:00:00.000Z,34.25,34.59,33.6,33.79,1039100,30.3578933562,30.6592563851,29.7817581538,29.9501669053,1039100,0.0,1.0
3927,2012-08-08T00:00:00.000Z,34.39,34.41,33.84,34.15,401100,30.4819840152,30.4997112522,29.9944849978,30.2692571712,401100,0.0,1.0
3928,2012-08-09T00:00:00.000Z,34.07,34.48,34.0,34.45,270500,30.1983482232,30.5617565817,30.1363028938,30.5351657262,270500,0.0,1.0
3929,2012-08-10T00:00:00.000Z,34.0,34.38,33.87,34.0,299500,30.1363028938,30.4731203967,30.0210758533,30.1363028938,299500,0.0,1.0
3930,2012-08-13T00:00:00.000Z,33.9,34.08,33.56,34.02,359700,30.0476667088,30.2072118417,29.7463036798,30.1540301308,359700,0.0,1.0
3931,2012-08-14T00:00:00.000Z,33.66,34.14,33.6,34.05,210800,29.8349398648,30.2603935527,29.7817581538,30.1806209862,210800,0.0,1.0
3932,2012-08-15T00:00:00.000Z,33.93,34.08,33.51,33.66,247900,30.0742575643,30.2072118417,29.7019855873,29.8349398648,247900,0.0,1.0
3933,2012-08-16T00:00:00.000Z,33.8,33.99,33.66,33.88,282100,29.9590305238,30.1274392753,29.8349398648,30.0299394718,282100,0.0,1.0
3934,2012-08-17T00:00:00.000Z,34.37,34.37,33.94,33.99,300400,30.4642567782,30.4642567782,30.0831211828,30.1274392753,300400,0.0,1.0
3935,2012-08-20T00:00:00.000Z,34.5,34.57,34.35,34.41,280500,30.5794838187,30.6415291482,30.4465295412,30.4997112522,280500,0.0,1.0
3936,2012-08-21T00:00:00.000Z,34.3,34.55,34.09,34.34,306900,30.5706202002,30.7934381317,30.3834531377,30.6062710692,306900,0.19,1.0
3937,2012-08-22T00:00:00.000Z,34.0,34.33,33.92,34.16,179500,30.3032386824,30.5973583519,30.2319369443,30.4458421585,179500,0.0,1.0
3938,2012-08-23T00:00:00.000Z,34.22,34.27,33.89,34.02,294700,30.4993184621,30.5438820484,30.2051987925,30.3210641169,294700,0.0,1.0
3939,2012-08-24T00:00:00.000Z,34.33,34.45,34.0,34.04,252100,30.5973583519,30.7043109591,30.3032386824,30.3388895514,252100,0.0,1.0
3940,2012-08-27T00:00:00.000Z,34.27,34.61,34.18,34.49,319000,30.5438820484,30.8469144352,30.4636675931,30.7399618281,319000,0.0,1.0
3941,2012-08-28T00:00:00.000Z,34.37,34.53,34.15,34.2,200000,30.633009221,30.7756126971,30.4369294413,30.4814930276,200000,0.0,1.0
3942,2012-08-29T00:00:00.000Z,34.33,34.56,34.3,34.33,168900,30.5973583519,30.8023508489,30.5706202002,30.5973583519,168900,0.0,1.0
3943,2012-08-30T00:00:00.000Z,34.22,34.39,34.04,34.24,118500,30.4993184621,30.6508346555,30.3388895514,30.5171438966,118500,0.0,1.0
3944,2012-08-31T00:00:00.000Z,34.24,34.5,34.02,34.49,138100,30.5171438966,30.7488745454,30.3210641169,30.7399618281,138100,0.0,1.0
3945,2012-09-04T00:00:00.000Z,34.75,34.84,34.18,34.21,312200,30.9716924768,31.0519069322,30.4636675931,30.4904057448,312200,0.0,1.0
3946,2012-09-05T00:00:00.000Z,34.62,34.74,34.48,34.66,255500,30.8558271525,30.9627797596,30.7310491108,30.8914780215,255500,0.0,1.0
3947,2012-09-06T00:00:00.000Z,35.08,35.12,34.75,34.75,297500,31.2658121464,31.3014630154,30.9716924768,30.9716924768,297500,0.0,1.0
3948,2012-09-07T00:00:00.000Z,35.04,35.12,34.82,35.1,131800,31.2301612774,31.3014630154,31.0340814977,31.2836375809,131800,0.0,1.0
3949,2012-09-10T00:00:00.000Z,34.84,35.18,34.78,35.08,190700,31.0519069322,31.354939319,30.9984306286,31.2658121464,190700,0.0,1.0
3950,2012-09-11T00:00:00.000Z,34.78,35.0,34.68,34.7,193000,30.9984306286,31.1945104083,30.909303456,30.9271288905,193000,0.0,1.0
3951,2012-09-12T00:00:00.000Z,34.76,35.02,34.58,34.89,161300,30.9806051941,31.2123358429,30.8201762834,31.0964705185,161300,0.0,1.0
3952,2012-09-13T00:00:00.000Z,35.23,35.26,34.68,34.82,233300,31.3995029053,31.4262410571,30.909303456,31.0340814977,233300,0.0,1.0
3953,2012-09-14T00:00:00.000Z,35.43,35.5,35.16,35.29,202300,31.5777572505,31.6401462713,31.3371138845,31.4529792089,202300,0.0,1.0
3954,2012-09-17T00:00:00.000Z,35.13,35.43,34.98,35.29,177400,31.3103757327,31.5777572505,31.1766849738,31.4529792089,177400,0.0,1.0
3955,2012-09-18T00:00:00.000Z,35.46,35.52,35.01,35.12,313100,31.6044954023,31.6579717058,31.2034231256,31.3014630154,313100,0.0,1.0
3956,2012-09-19T00:00:00.000Z,35.45,35.54,35.29,35.49,233900,31.595582685,31.6757971403,31.4529792089,31.6312335541,233900,0.0,1.0
3957,2012-09-20T00:00:00.000Z,35.51,35.63,35.19,35.63,263400,31.6490589886,31.7560115957,31.3638520363,31.7560115957,263400,0.0,1.0
3958,2012-09-21T00:00:00.000Z,36.02,36.02,35.4,35.61,898200,32.1036075688,32.1036075688,31.5510190987,31.7381861612,898200,0.0,1.0
3959,2012-09-24T00:00:00.000Z,36.04,36.33,35.87,36.01,274700,32.1214330033,32.3799018039,31.9699168099,32.0946948515,274700,0.0,1.0
3960,2012-09-25T00:00:00.000Z,35.63,36.28,35.59,36.23,299000,31.7560115957,32.3353382176,31.7203607266,32.2907746313,299000,0.0,1.0
3961,2012-09-26T00:00:00.000Z,35.75,36.02,35.53,35.77,228300,31.8629642028,32.1036075688,31.6668844231,31.8807896373,228300,0.0,1.0
3962,2012-09-27T00:00:00.000Z,36.12,36.15,35.5,35.85,251200,32.1927347414,32.2194728932,31.6401462713,31.9520913754,251200,0.0,1.0
3963,2012-09-28T00:00:00.000Z,35.47,36.18,35.45,35.93,405600,31.6134081195,32.246211045,31.595582685,32.0233931135,405600,0.0,1.0
3964,2012-10-01T00:00:00.000Z,35.85,36.0,35.23,35.54,435000,31.9520913754,32.0857821343,31.3995029053,31.6757971403,435000,0.0,1.0
3965,2012-10-02T00:00:00.000Z,36.25,36.28,35.92,35.97,232900,32.3086000658,32.3353382176,32.0144803962,32.0590439825,232900,0.0,1.0
3966,2012-10-03T00:00:00.000Z,36.23,36.48,35.95,36.25,232600,32.2907746313,32.5135925627,32.041218548,32.3086000658,232600,0.0,1.0
3967,2012-10-04T00:00:00.000Z,36.63,36.63,36.1,36.34,180300,32.6472833216,32.6472833216,32.1749093069,32.3888145211,180300,0.0,1.0
3968,2012-10-05T00:00:00.000Z,36.48,37.18,36.41,36.74,170200,32.5135925627,33.1374827709,32.4512035419,32.7453232115,170200,0.0,1.0
3969,2012-10-08T00:00:00.000Z,36.43,36.57,36.12,36.39,131500,32.4690289764,32.5938070181,32.1927347414,32.4333781074,131500,0.0,1.0
3970,2012-10-09T00:00:00.000Z,35.32,36.41,35.27,36.34,314000,31.4797173606,32.4512035419,31.4351537743,32.3888145211,314000,0.0,1.0
3971,2012-10-10T00:00:00.000Z,35.26,35.41,35.07,35.38,264900,31.4262410571,31.559931816,31.2568994292,31.5331936642,264900,0.0,1.0
3972,2012-10-11T00:00:00.000Z,35.3,35.59,35.11,35.46,265100,31.4618919261,31.7203607266,31.2925502982,31.6044954023,265100,0.0,1.0
3973,2012-10-12T00:00:00.000Z,35.13,35.47,35.01,35.39,269400,31.3103757327,31.6134081195,31.2034231256,31.5421063815,269400,0.0,1.0
3974,2012-10-15T00:00:00.000Z,35.14,35.32,34.93,35.27,253400,31.31928845,31.4797173606,31.1321213875,31.4351537743,253400,0.0,1.0
3975,2012-10-16T00:00:00.000Z,36.26,36.26,35.09,35.41,348900,32.317512783,32.317512783,31.2747248637,31.559931816,348900,0.0,1.0
3976,2012-10-17T00:00:00.000Z,36.51,36.78,35.99,36.2,478700,32.5403307145,32.7809740805,32.076869417,32.2640364795,478700,0.0,1.0
3977,2012-10-18T00:00:00.000Z,36.45,36.53,36.07,36.41,243000,32.486854411,32.558156149,32.1481711551,32.4512035419,243000,0.0,1.0
3978,2012-10-19T00:00:00.000Z,35.78,36.42,35.56,36.25,209300,31.8897023546,32.4601162592,31.6936225749,32.3086000658,209300,0.0,1.0
3979,2012-10-22T00:00:00.000Z,35.89,36.0,35.66,35.79,173600,31.9877422444,32.0857821343,31.7827497475,31.8986150718,173600,0.0,1.0
3980,2012-10-23T00:00:00.000Z,35.8,35.9,35.41,35.68,248800,31.9075277891,31.9966549617,31.559931816,31.800575182,248800,0.0,1.0
3981,2012-10-24T00:00:00.000Z,35.53,35.96,35.38,35.89,201200,31.6668844231,32.0501312652,31.5331936642,31.9877422444,201200,0.0,1.0
3982,2012-10-25T00:00:00.000Z,36.13,36.13,35.63,35.79,167800,32.2016474587,32.2016474587,31.7560115957,31.8986150718,167800,0.0,1.0
3983,2012-10-26T00:00:00.000Z,36.2,36.36,35.74,36.23,175300,32.2640364795,32.4066399556,31.8540514855,32.2907746313,175300,0.0,1.0
3984,2012-10-31T00:00:00.000Z,35.61,36.53,35.32,36.37,284900,31.7381861612,32.558156149,31.4797173606,32.4155526729,284900,0.0,1.0
3985,2012-11-01T00:00:00.000Z,35.47,36.02,34.98,34.98,438700,31.6134081195,32.1036075688,31.1766849738,31.1766849738,438700,0.0,1.0
3986,2012-11-02T00:00:00.000Z,34.51,35.62,34.44,35.49,531600,30.7577872626,31.7470988784,30.6953982418,31.6312335541,531600,0.0,1.0
3987,2012-11-05T00:00:00.000Z,34.37,34.66,34.06,34.56,488800,30.633009221,30.8914780215,30.3567149859,30.8023508489,488800,0.0,1.0
3988,2012-11-06T00:00:00.000Z,34.76,34.88,34.02,34.35,485600,30.9806051941,31.0875578012,30.3210641169,30.6151837865,485600,0.0,1.0
3989,2012-11-07T00:00:00.000Z,33.69,34.77,33.43,34.35,524600,30.0269444473,30.9895179114,29.7952137986,30.6151837865,524600,0.0,1.0
3990,2012-11-08T00:00:00.000Z,33.23,33.74,33.23,33.59,261700,29.6169594534,30.0715080336,29.6169594534,29.9378172747,261700,0.0,1.0
3991,2012-11-09T00:00:00.000Z,33.3,33.69,32.99,32.99,220500,29.6793484742,30.0269444473,29.4030542392,29.4030542392,220500,0.0,1.0
3992,2012-11-12T00:00:00.000Z,33.15,33.34,32.93,33.34,278800,29.5456577153,29.7149993433,29.3495779356,29.7149993433,278800,0.0,1.0
3993,2012-11-13T00:00:00.000Z,32.93,33.38,32.9,32.9,174800,29.3495779356,29.7506502123,29.3228397838,29.3228397838,174800,0.0,1.0
3994,2012-11-14T00:00:00.000Z,32.37,33.2,32.35,32.93,230100,28.8504657691,29.5902213016,28.8326403346,29.3495779356,230100,0.0,1.0
3995,2012-11-15T00:00:00.000Z,32.55,32.8,32.23,32.33,326600,29.0108946798,29.2337126112,28.7256877274,28.8148149,326600,0.0,1.0
3996,2012-11-16T00:00:00.000Z,32.86,33.07,32.38,32.44,353900,29.2871889148,29.4743559772,28.8593784863,28.9128547899,353900,0.0,1.0
3997,2012-11-19T00:00:00.000Z,33.1,33.23,32.81,33.02,222600,29.670435757,29.7869661693,29.4104832987,29.598724734,222600,0.19,1.0
3998,2012-11-20T00:00:00.000Z,33.26,33.26,32.78,32.97,236400,29.8138578029,29.8138578029,29.383591665,29.5539053446,236400,0.0,1.0
3999,2012-11-21T00:00:00.000Z,33.44,33.55,33.04,33.26,203200,29.9752076046,30.0738102612,29.6166524897,29.8138578029,203200,0.0,1.0
4000,2012-11-23T00:00:00.000Z,34.01,34.07,33.42,33.59,139900,30.4861486433,30.5399319106,29.9572798489,30.1096657727,139900,0.0,1.0
4001,2012-11-26T00:00:00.000Z,33.7,33.94,33.37,33.9,258200,30.2082684293,30.4234014982,29.9124604595,30.3875459867,258200,0.0,1.0
4002,2012-11-27T00:00:00.000Z,33.62,34.06,33.62,33.75,160500,30.1365574063,30.5309680327,30.1365574063,30.2530878186,160500,0.0,1.0
4003,2012-11-28T00:00:00.000Z,33.77,33.9,33.1,33.48,173600,30.2710155744,30.3875459867,29.670435757,30.0110631161,173600,0.0,1.0
4004,2012-11-29T00:00:00.000Z,34.21,34.5,34.06,34.09,242400,30.6654262008,30.9253786591,30.5309680327,30.5578596663,242400,0.0,1.0
4005,2012-11-30T00:00:00.000Z,34.17,34.33,33.77,34.33,302800,30.6295706893,30.7729927352,30.2710155744,30.7729927352,302800,0.0,1.0
4006,2012-12-03T00:00:00.000Z,33.7,34.37,33.64,34.37,204400,30.2082684293,30.8088482467,30.1544851621,30.8088482467,204400,0.0,1.0
4007,2012-12-04T00:00:00.000Z,34.07,34.35,33.49,33.7,253900,30.5399319106,30.790920491,30.020026994,30.2082684293,253900,0.0,1.0
4008,2012-12-05T00:00:00.000Z,33.8,34.2,33.68,34.2,197200,30.297907208,30.6564623229,30.1903406735,30.6564623229,197200,0.0,1.0
4009,2012-12-06T00:00:00.000Z,33.64,34.09,33.58,33.72,135800,30.1544851621,30.5578596663,30.1007018948,30.226196185,135800,0.0,1.0
4010,2012-12-07T00:00:00.000Z,33.5,33.77,33.41,33.77,166300,30.0289908718,30.2710155744,29.948315971,30.2710155744,166300,0.0,1.0
4011,2012-12-10T00:00:00.000Z,33.99,34.06,33.5,33.54,365400,30.4682208876,30.5309680327,30.0289908718,30.0648463833,365400,0.0,1.0
4012,2012-12-11T00:00:00.000Z,34.47,34.54,33.85,34.07,235100,30.8984870254,30.9612341706,30.3427265974,30.5399319106,235100,0.0,1.0
4013,2012-12-12T00:00:00.000Z,34.2,34.78,34.2,34.65,142300,30.6564623229,31.1763672395,30.6564623229,31.0598368271,142300,0.0,1.0
4014,2012-12-13T00:00:00.000Z,33.87,34.43,33.78,34.17,120100,30.3606543531,30.862631514,30.2799794523,30.6295706893,120100,0.0,1.0
4015,2012-12-14T00:00:00.000Z,33.5,33.98,33.49,33.72,154300,30.0289908718,30.4592570097,30.020026994,30.226196185,154300,0.0,1.0
4016,2012-12-17T00:00:00.000Z,33.97,34.03,33.66,33.66,210400,30.4502931318,30.5040763991,30.1724129178,30.1724129178,210400,0.0,1.0
4017,2012-12-18T00:00:00.000Z,33.77,34.23,33.72,33.95,268300,30.2710155744,30.6833539565,30.226196185,30.4323653761,268300,0.0,1.0
4018,2012-12-19T00:00:00.000Z,34.05,34.11,33.56,33.86,380800,30.5220041548,30.575787422,30.0827741391,30.3516904752,380800,0.0,1.0
4019,2012-12-20T00:00:00.000Z,34.51,34.66,34.02,34.04,326600,30.9343425369,31.068800705,30.4951125212,30.5130402769,326600,0.0,1.0
4020,2012-12-21T00:00:00.000Z,34.79,34.82,33.34,33.34,961100,31.1853311174,31.212222751,29.8855688259,29.8855688259,961100,0.0,1.0
4021,2012-12-24T00:00:00.000Z,34.76,34.87,34.38,34.8,110300,31.1584394837,31.2570421403,30.8178121246,31.1942949952,110300,0.0,1.0
4022,2012-12-26T00:00:00.000Z,34.51,34.88,34.46,34.78,362300,30.9343425369,31.2660060182,30.8895231476,31.1763672395,362300,0.0,1.0
4023,2012-12-27T00:00:00.000Z,34.91,35.0,33.78,34.51,553500,31.2928976518,31.3735725527,30.2799794523,30.9343425369,553500,0.0,1.0
4024,2012-12-28T00:00:00.000Z,34.64,35.08,34.61,34.73,273200,31.0508729493,31.4452835756,31.0239813157,31.1315478501,273200,0.0,1.0
4025,2012-12-31T00:00:00.000Z,34.73,34.94,34.17,34.56,273400,31.1315478501,31.3197892854,30.6295706893,30.9791619263,273400,0.0,1.0
4026,2013-01-02T00:00:00.000Z,35.11,35.56,34.8,35.54,419100,31.4721752093,31.8755497135,31.1942949952,31.8576219578,419100,0.0,1.0
4027,2013-01-03T00:00:00.000Z,35.15,35.43,34.93,35.12,224800,31.5080307208,31.7590193012,31.3108254076,31.4811390871,224800,0.0,1.0
4028,2013-01-04T00:00:00.000Z,35.42,35.76,35.09,35.33,270300,31.7500554233,32.054827271,31.4542474535,31.6693805225,270300,0.0,1.0
4029,2013-01-07T00:00:00.000Z,35.64,35.81,35.45,35.45,194900,31.9472607365,32.0996466603,31.7769470569,31.7769470569,194900,0.0,1.0
4030,2013-01-08T00:00:00.000Z,35.26,35.85,34.99,35.71,256900,31.6066333773,32.1355021718,31.3646086748,32.0100078816,256900,0.0,1.0
4031,2013-01-09T00:00:00.000Z,36.13,36.13,35.27,35.45,241400,32.3864907522,32.3864907522,31.6155972552,31.7769470569,241400,0.0,1.0
4032,2013-01-10T00:00:00.000Z,36.51,36.62,36.1,36.29,218500,32.7271181114,32.825720768,32.3595991186,32.5299127982,218500,0.0,1.0
4033,2013-01-11T00:00:00.000Z,35.77,36.6,35.77,36.6,241800,32.0637911488,32.8077930122,32.0637911488,32.8077930122,241800,0.0,1.0
4034,2013-01-14T00:00:00.000Z,35.35,35.69,34.99,35.66,556600,31.6873082782,31.9920801259,31.3646086748,31.9651884922,556600,0.0,1.0
4035,2013-01-15T00:00:00.000Z,35.62,35.79,35.14,35.19,185400,31.9293329807,32.0817189046,31.4990668429,31.5438862322,185400,0.0,1.0
4036,2013-01-16T00:00:00.000Z,35.48,35.65,35.34,35.57,118500,31.8038386905,31.9562246144,31.6783444003,31.8845135914,118500,0.0,1.0
4037,2013-01-17T00:00:00.000Z,35.69,35.96,35.51,35.67,255400,31.9920801259,32.2341048284,31.8307303242,31.9741523701,255400,0.0,1.0
4038,2013-01-18T00:00:00.000Z,36.32,36.32,35.61,35.61,180700,32.5568044318,32.5568044318,31.9203691029,31.9203691029,180700,0.0,1.0
4039,2013-01-22T00:00:00.000Z,36.51,36.52,36.12,36.3,173200,32.7271181114,32.7360819892,32.3775268744,32.5388766761,173200,0.0,1.0
4040,2013-01-23T00:00:00.000Z,36.6,36.74,36.47,36.54,265400,32.8077930122,32.9332873024,32.6912625999,32.754009745,265400,0.0,1.0
4041,2013-01-24T00:00:00.000Z,37.08,37.17,36.34,36.62,375900,33.2380591501,33.3187340509,32.5747321875,32.825720768,375900,0.0,1.0
4042,2013-01-25T00:00:00.000Z,37.68,37.68,36.79,37.18,338900,33.7758918224,33.7758918224,32.9781066918,33.3276979288,338900,0.0,1.0
4043,2013-01-28T00:00:00.000Z,37.73,37.82,37.51,37.67,263900,33.8207112118,33.9013861126,33.6235058986,33.7669279445,263900,0.0,1.0
4044,2013-01-29T00:00:00.000Z,37.94,38.01,37.54,37.7,279000,34.0089526471,34.0716997922,33.6503975322,33.7938195782,279000,0.0,1.0
4045,2013-01-30T00:00:00.000Z,37.8,37.92,37.59,37.91,328700,33.8834583569,33.9910248914,33.6952169216,33.9820610135,328700,0.0,1.0
4046,2013-01-31T00:00:00.000Z,37.73,37.78,37.43,37.75,302500,33.8207112118,33.8655306011,33.5517948756,33.8386389675,302500,0.0,1.0
4047,2013-02-01T00:00:00.000Z,37.97,38.28,37.78,38.07,239300,34.0358442807,34.3137244948,33.8655306011,34.1254830594,239300,0.0,1.0
4048,2013-02-04T00:00:00.000Z,37.53,37.96,37.19,37.71,198100,33.6414336543,34.0268804028,33.3366618067,33.802783456,198100,0.0,1.0
4049,2013-02-05T00:00:00.000Z,37.8,37.99,37.57,37.75,192200,33.8834583569,34.0537720365,33.6772891658,33.8386389675,192200,0.0,1.0
4050,2013-02-06T00:00:00.000Z,39.84,39.88,37.81,37.9,886500,35.7120894428,35.7479449543,33.8924222348,33.9730971356,886500,0.0,1.0
4051,2013-02-07T00:00:00.000Z,39.43,39.79,39.05,39.61,619700,35.3445704501,35.6672700535,35.0039430909,35.5059202518,619700,0.0,1.0
4052,2013-02-08T00:00:00.000Z,39.37,39.6,39.05,39.42,252300,35.2907871828,35.4969563739,35.0039430909,35.3356065722,252300,0.0,1.0
4053,2013-02-11T00:00:00.000Z,39.9,39.92,39.23,39.37,312400,35.76587271,35.7838004658,35.1652928926,35.2907871828,312400,0.0,1.0
4054,2013-02-12T00:00:00.000Z,39.53,40.06,39.51,39.82,281800,35.4342092288,35.909294756,35.416281473,35.6941616871,281800,0.0,1.0
4055,2013-02-13T00:00:00.000Z,39.44,39.75,39.24,39.64,228300,35.3535343279,35.631414542,35.1742567705,35.5328118854,228300,0.0,1.0
4056,2013-02-14T00:00:00.000Z,39.33,39.71,39.24,39.25,157700,35.2549316713,35.5955590305,35.1742567705,35.1832206484,157700,0.0,1.0
4057,2013-02-15T00:00:00.000Z,39.04,39.45,38.89,39.45,260700,34.994979213,35.3624982058,34.860521045,35.3624982058,260700,0.0,1.0
4058,2013-02-19T00:00:00.000Z,39.43,39.43,38.76,39.06,360500,35.3445704501,35.3445704501,34.7439906326,35.0129069688,360500,0.0,1.0
4059,2013-02-20T00:00:00.000Z,38.86,39.49,38.83,39.47,202800,34.8336294113,35.3983537173,34.8067377777,35.3804259615,202800,0.0,1.0
4060,2013-02-21T00:00:00.000Z,38.5,38.97,38.36,38.75,127800,34.5109298079,34.9322320679,34.3854355177,34.7350267547,127800,0.0,1.0
4061,2013-02-22T00:00:00.000Z,38.98,39.05,38.5,38.78,159000,34.9411959458,35.0039430909,34.5109298079,34.7619183884,159000,0.0,1.0
4062,2013-02-25T00:00:00.000Z,38.6,39.01,38.4,38.96,348200,34.7708822662,35.1402102903,34.5907222545,35.0951702874,348200,0.19,1.0
4063,2013-02-26T00:00:00.000Z,38.74,38.93,38.53,38.73,205500,34.8969942745,35.0681462856,34.7078262621,34.8879862739,205500,0.0,1.0
4064,2013-02-27T00:00:00.000Z,38.81,39.1,38.73,38.73,208500,34.9600502786,35.2212822956,34.8879862739,34.8879862739,208500,0.0,1.0
4065,2013-02-28T00:00:00.000Z,39.0,39.38,38.85,38.88,178800,35.1312022897,35.473506312,34.9960822809,35.0231062827,178800,0.0,1.0
4066,2013-03-01T00:00:00.000Z,38.81,39.02,38.19,38.69,306500,34.9600502786,35.1492182909,34.4015542422,34.8519542715,306500,0.0,1.0
4067,2013-03-04T00:00:00.000Z,38.78,38.79,38.25,38.73,169500,34.9330262768,34.9420342774,34.4556022457,34.8879862739,169500,0.0,1.0
4068,2013-03-05T00:00:00.000Z,39.75,39.93,38.83,38.89,202800,35.8068023337,35.9689463443,34.9780662797,35.0321142833,202800,0.0,1.0
4069,2013-03-06T00:00:00.000Z,39.49,40.0,39.31,39.76,137200,35.5725943185,36.0320023484,35.4104503079,35.8158103343,137200,0.0,1.0
4070,2013-03-07T00:00:00.000Z,39.34,39.57,38.96,39.57,139300,35.4374743097,35.6446583232,35.0951702874,35.6446583232,139300,0.0,1.0
4071,2013-03-08T00:00:00.000Z,39.75,39.87,39.39,39.65,194800,35.8068023337,35.9148983408,35.4825143126,35.7167223279,194800,0.0,1.0
4072,2013-03-11T00:00:00.000Z,39.68,39.77,39.59,39.69,169900,35.7437463296,35.8248183349,35.6626743244,35.7527543302,169900,0.0,1.0
4073,2013-03-12T00:00:00.000Z,39.58,39.66,39.34,39.65,172600,35.6536663238,35.7257303285,35.4374743097,35.7167223279,172600,0.0,1.0
4074,2013-03-13T00:00:00.000Z,39.62,39.83,39.33,39.49,142100,35.6896983261,35.8788663384,35.4284663091,35.5725943185,142100,0.0,1.0
4075,2013-03-14T00:00:00.000Z,39.7,39.76,39.44,39.73,161000,35.7617623308,35.8158103343,35.5275543155,35.7887863326,161000,0.0,1.0
4076,2013-03-15T00:00:00.000Z,39.66,39.78,39.26,39.41,474200,35.7257303285,35.8338263355,35.365410305,35.5005303138,474200,0.0,1.0
4077,2013-03-18T00:00:00.000Z,39.58,39.64,39.38,39.42,157800,35.6536663238,35.7077143273,35.473506312,35.5095383144,157800,0.0,1.0
4078,2013-03-19T00:00:00.000Z,39.54,39.76,39.07,39.55,146000,35.6176343214,35.8158103343,35.1942582938,35.626642322,146000,0.0,1.0
4079,2013-03-20T00:00:00.000Z,39.78,39.99,39.47,39.78,207000,35.8338263355,36.0229943478,35.5545783173,35.8338263355,207000,0.0,1.0
4080,2013-03-21T00:00:00.000Z,39.52,39.83,39.43,39.53,105700,35.5996183202,35.8788663384,35.518546315,35.6086263208,105700,0.0,1.0
4081,2013-03-22T00:00:00.000Z,39.73,39.82,39.44,39.56,172100,35.7887863326,35.8698583379,35.5275543155,35.6356503226,172100,0.0,1.0
4082,2013-03-25T00:00:00.000Z,39.56,39.87,39.1,39.87,153100,35.6356503226,35.9148983408,35.2212822956,35.9148983408,153100,0.0,1.0
4083,2013-03-26T00:00:00.000Z,40.53,40.57,39.57,39.75,190700,36.5094263795,36.5454583819,35.6446583232,35.8068023337,190700,0.0,1.0
4084,2013-03-27T00:00:00.000Z,41.13,41.16,40.07,40.3,203000,37.0499064148,37.0769304165,36.0950583525,36.302242366,203000,0.0,1.0
4085,2013-03-28T00:00:00.000Z,41.61,41.76,41.03,41.24,293900,37.482290443,37.6174104518,36.9598264089,37.1489944212,293900,0.0,1.0
4086,2013-04-01T00:00:00.000Z,41.16,41.95,40.66,41.58,247500,37.0769304165,37.7885624629,36.6265303872,37.4552664412,247500,0.0,1.0
4087,2013-04-02T00:00:00.000Z,41.07,41.7,40.96,41.38,194800,36.9958584112,37.5633624482,36.8967704048,37.2751064294,194800,0.0,1.0
4088,2013-04-03T00:00:00.000Z,40.14,41.32,39.94,41.21,275500,36.1581143566,37.2210584259,35.9779543449,37.1219704195,275500,0.0,1.0
4089,2013-04-04T00:00:00.000Z,40.4,40.46,39.74,40.28,113200,36.3923223719,36.4463703754,35.7977943332,36.2842263649,113200,0.0,1.0
4090,2013-04-05T00:00:00.000Z,40.19,40.21,39.79,39.82,137300,36.2031543596,36.2211703608,35.8428343361,35.8698583379,137300,0.0,1.0
4091,2013-04-08T00:00:00.000Z,40.48,40.48,40.09,40.2,101700,36.4643863766,36.4643863766,36.1130743537,36.2121623602,101700,0.0,1.0
4092,2013-04-09T00:00:00.000Z,40.6,41.05,40.25,40.67,171700,36.5724823837,36.9778424101,36.2572023631,36.6355383878,171700,0.0,1.0
4093,2013-04-10T00:00:00.000Z,41.21,41.28,40.62,40.66,178300,37.1219704195,37.1850264236,36.5904983848,36.6265303872,178300,0.0,1.0
4094,2013-04-11T00:00:00.000Z,41.33,41.56,41.3,41.3,76900,37.2300664265,37.43725044,37.2030424248,37.2030424248,76900,0.0,1.0
4095,2013-04-12T00:00:00.000Z,41.17,41.27,40.96,41.23,126500,37.0859384171,37.176018423,36.8967704048,37.1399864206,126500,0.0,1.0
4096,2013-04-15T00:00:00.000Z,39.78,41.07,39.71,41.07,295200,35.8338263355,36.9958584112,35.7707703314,36.9958584112,295200,0.0,1.0
4097,2013-04-16T00:00:00.000Z,40.09,40.17,39.59,40.17,236800,36.1130743537,36.1851383584,35.6626743244,36.1851383584,236800,0.0,1.0
4098,2013-04-17T00:00:00.000Z,39.34,40.14,38.85,39.88,237600,35.4374743097,36.1581143566,34.9960822809,35.9239063414,237600,0.0,1.0
4099,2013-04-18T00:00:00.000Z,39.02,39.44,38.85,39.44,233500,35.1492182909,35.5275543155,34.9960822809,35.5275543155,233500,0.0,1.0
4100,2013-04-19T00:00:00.000Z,39.84,39.92,38.86,39.02,221900,35.887874339,35.9599383437,35.0050902815,35.1492182909,221900,0.0,1.0
4101,2013-04-22T00:00:00.000Z,39.87,40.07,39.2,39.96,117800,35.9148983408,36.0950583525,35.3113623015,35.9959703461,117800,0.0,1.0
4102,2013-04-23T00:00:00.000Z,40.52,40.53,39.91,40.13,223500,36.500418379,36.5094263795,35.9509303431,36.1491063561,223500,0.0,1.0
4103,2013-04-24T00:00:00.000Z,40.62,40.69,40.4,40.51,124100,36.5904983848,36.6535543889,36.3923223719,36.4914103784,124100,0.0,1.0
4104,2013-04-25T00:00:00.000Z,40.81,41.11,40.45,40.61,153400,36.761650396,37.0318904136,36.4373623748,36.5814903842,153400,0.0,1.0
4105,2013-04-26T00:00:00.000Z,40.33,40.77,40.18,40.68,226000,36.3292663678,36.7256183936,36.194146359,36.6445463884,226000,0.0,1.0
4106,2013-04-29T00:00:00.000Z,40.89,40.94,40.25,40.44,243500,36.8337144007,36.8787544036,36.2572023631,36.4283543743,243500,0.0,1.0
4107,2013-04-30T00:00:00.000Z,41.59,41.59,40.67,40.89,210000,37.4642744418,37.4642744418,36.6355383878,36.8337144007,210000,0.0,1.0
4108,2013-05-01T00:00:00.000Z,40.5,41.46,40.35,41.43,349600,36.4824023778,37.3471704341,36.347282369,37.3201464324,349600,0.0,1.0
4109,2013-05-02T00:00:00.000Z,41.09,41.36,40.45,40.72,223100,37.0138744124,37.2570904283,36.4373623748,36.6805783907,223100,0.0,1.0
4110,2013-05-03T00:00:00.000Z,41.25,41.8,41.22,41.58,205000,37.1580024218,37.6534424541,37.1309784201,37.4552664412,205000,0.0,1.0
4111,2013-05-06T00:00:00.000Z,41.46,41.69,41.0,41.26,169800,37.3471704341,37.5543544476,36.9328024071,37.1670104224,169800,0.0,1.0
4112,2013-05-07T00:00:00.000Z,44.97,45.74,42.6,42.6,1129300,40.5089786402,41.2025946854,38.3740825011,38.3740825011,1129300,0.0,1.0
4113,2013-05-08T00:00:00.000Z,44.91,44.96,43.83,44.0,393000,40.4549306367,40.4999706396,39.4820665733,39.6352025833,393000,0.0,1.0
4114,2013-05-09T00:00:00.000Z,44.99,45.14,44.76,44.78,368400,40.5269946414,40.6621146502,40.3198106279,40.3378266291,368400,0.0,1.0
4115,2013-05-10T00:00:00.000Z,45.08,45.35,44.89,45.14,174400,40.6080666467,40.8512826625,40.4369146355,40.6621146502,174400,0.0,1.0
4116,2013-05-13T00:00:00.000Z,45.14,45.44,44.92,45.0,319300,40.6621146502,40.9323546678,40.4639386373,40.536002642,319300,0.0,1.0
4117,2013-05-14T00:00:00.000Z,45.56,45.61,43.15,45.08,209500,41.0404506749,41.0854906778,38.8695225334,40.6080666467,209500,0.0,1.0
4118,2013-05-15T00:00:00.000Z,45.58,45.88,45.35,45.4,231700,41.058466676,41.3287066936,40.8512826625,40.8963226655,231700,0.0,1.0
4119,2013-05-16T00:00:00.000Z,46.0,46.14,45.3,45.53,284600,41.4368027007,41.5629147089,40.8062426596,41.0134266731,284600,0.0,1.0
4120,2013-05-17T00:00:00.000Z,46.34,46.57,46.09,46.34,287900,41.7430747207,41.9502587342,41.517874706,41.7430747207,287900,0.0,1.0
4121,2013-05-20T00:00:00.000Z,46.12,46.47,46.01,46.17,193200,41.5448987077,41.8601787283,41.4458107013,41.5899387107,193200,0.0,1.0
4122,2013-05-21T00:00:00.000Z,45.99,46.17,45.52,45.97,275000,41.4277947001,41.5899387107,41.0044186725,41.4097786989,275000,0.0,1.0
4123,2013-05-22T00:00:00.000Z,45.03,46.59,44.99,45.93,179600,40.5630266437,41.9682747353,40.5269946414,41.3737466966,179600,0.0,1.0
4124,2013-05-23T00:00:00.000Z,45.31,45.55,44.56,44.68,338600,40.8152506602,41.0314426743,40.1396506161,40.2477466232,338600,0.0,1.0
4125,2013-05-24T00:00:00.000Z,45.42,45.75,44.78,45.13,334100,40.9143386666,41.211602686,40.3378266291,40.6531066496,334100,0.0,1.0
4126,2013-05-28T00:00:00.000Z,46.08,46.33,45.81,46.0,303400,41.5088667054,41.7340667201,41.2656506895,41.4368027007,303400,0.0,1.0
4127,2013-05-29T00:00:00.000Z,45.72,46.03,45.58,45.72,232300,41.1845786843,41.4638267025,41.058466676,41.1845786843,232300,0.0,1.0
4128,2013-05-30T00:00:00.000Z,45.87,46.02,45.53,45.72,164000,41.3196986931,41.4548187019,41.0134266731,41.1845786843,164000,0.0,1.0
4129,2013-05-31T00:00:00.000Z,45.34,46.07,45.12,45.49,254800,41.0134266731,41.6737663615,40.8144201917,41.1491129104,254800,0.19,1.0
4130,2013-06-03T00:00:00.000Z,45.23,45.54,44.64,45.31,437200,40.9139234324,41.1943416562,40.3802242322,40.9862894256,437200,0.0,1.0
4131,2013-06-04T00:00:00.000Z,45.0,45.53,44.49,45.23,273000,40.7058712018,41.1852959071,40.2445379948,40.9139234324,273000,0.0,1.0
4132,2013-06-05T00:00:00.000Z,44.45,45.0,44.39,44.85,190200,40.2083549982,40.7058712018,40.1540805033,40.5701849645,190200,0.0,1.0
4133,2013-06-06T00:00:00.000Z,44.7,44.73,43.73,44.5,222300,40.4344987271,40.4616359746,39.557061059,40.253583744,222300,0.0,1.0
4134,2013-06-07T00:00:00.000Z,45.2,45.28,44.84,45.0,147000,40.8867861849,40.9591521782,40.5611392153,40.7058712018,147000,0.0,1.0
4135,2013-06-10T00:00:00.000Z,45.44,45.45,44.81,45.24,98400,41.1038841647,41.1129299138,40.5340019678,40.9229691815,98400,0.0,1.0
4136,2013-06-11T00:00:00.000Z,44.75,45.2,44.38,44.91,268300,40.4797274729,40.8867861849,40.1450347541,40.6244594594,268300,0.0,1.0
4137,2013-06-12T00:00:00.000Z,43.91,45.28,43.82,45.08,295200,39.7198845438,40.9591521782,39.6384728014,40.778237195,295200,0.0,1.0
4138,2013-06-13T00:00:00.000Z,43.8,43.92,43.48,43.8,514800,39.6203813031,39.728930293,39.3309173301,39.6203813031,514800,0.0,1.0
4139,2013-06-14T00:00:00.000Z,43.9,44.23,43.29,43.73,362200,39.7108387946,40.0093485168,39.1590480961,39.557061059,362200,0.0,1.0
4140,2013-06-17T00:00:00.000Z,44.52,44.59,43.89,44.29,299000,40.2716752423,40.3349954864,39.7017930455,40.0636230117,299000,0.0,1.0
4141,2013-06-18T00:00:00.000Z,44.78,44.93,44.29,44.53,196100,40.5068647204,40.6425509577,40.0636230117,40.2807209915,196100,0.0,1.0
4142,2013-06-19T00:00:00.000Z,44.02,44.88,43.99,44.76,148200,39.8193877845,40.5973222119,39.792250537,40.4887732221,148200,0.0,1.0
4143,2013-06-20T00:00:00.000Z,42.94,43.61,42.8,43.58,273600,38.8424468757,39.4485120691,38.7158063875,39.4213748216,273600,0.0,1.0
4144,2013-06-21T00:00:00.000Z,43.42,43.61,42.61,42.95,590600,39.2766428352,39.4485120691,38.5439371535,38.8514926248,590600,0.0,1.0
4145,2013-06-24T00:00:00.000Z,42.79,43.08,42.08,42.85,449500,38.7067606383,38.9690873639,38.0645124483,38.7610351333,449500,0.0,1.0
4146,2013-06-25T00:00:00.000Z,42.95,43.29,42.76,43.12,399800,38.8514926248,39.1590480961,38.6796233909,39.0052703605,399800,0.0,1.0
4147,2013-06-26T00:00:00.000Z,42.74,43.42,42.73,43.01,348400,38.6615318925,39.2766428352,38.6524861434,38.9057671198,348400,0.0,1.0
4148,2013-06-27T00:00:00.000Z,42.9,43.52,42.88,43.06,329300,38.806263879,39.3671003267,38.7881723807,38.9509958655,329300,0.0,1.0
4149,2013-06-28T00:00:00.000Z,42.88,43.44,42.75,42.91,642300,38.7881723807,39.2947343335,38.6705776417,38.8153096282,642300,0.0,1.0
4150,2013-07-01T00:00:00.000Z,43.77,44.19,43.0,43.04,281600,39.5932440556,39.9731655202,38.8967213706,38.9329043672,281600,0.0,1.0
4151,2013-07-02T00:00:00.000Z,43.57,44.14,43.27,43.71,246900,39.4123290725,39.9279367744,39.1409565978,39.5389695607,246900,0.0,1.0
4152,2013-07-03T00:00:00.000Z,43.33,43.51,43.2,43.51,120500,39.1952310928,39.3580545776,39.0776363537,39.3580545776,120500,0.0,1.0
4153,2013-07-05T00:00:00.000Z,43.78,44.06,43.43,43.99,314000,39.6022898048,39.8555707811,39.2856885843,39.792250537,314000,0.0,1.0
4154,2013-07-08T00:00:00.000Z,44.19,44.35,43.91,44.05,276900,39.9731655202,40.1178975067,39.7198845438,39.846525032,276900,0.0,1.0
4155,2013-07-09T00:00:00.000Z,44.1,44.46,43.65,44.35,345500,39.8917537778,40.2174007474,39.4846950657,40.1178975067,345500,0.0,1.0
4156,2013-07-10T00:00:00.000Z,44.1,44.29,43.98,44.09,193200,39.8917537778,40.0636230117,39.7832047879,39.8827080286,193200,0.0,1.0
4157,2013-07-11T00:00:00.000Z,44.52,44.57,44.22,44.45,206900,40.2716752423,40.3169039881,40.0003027676,40.2083549982,206900,0.0,1.0
4158,2013-07-12T00:00:00.000Z,44.45,44.66,44.41,44.49,214500,40.2083549982,40.3983157305,40.1721720016,40.2445379948,214500,0.0,1.0
4159,2013-07-15T00:00:00.000Z,44.87,44.92,44.43,44.49,194400,40.5882764628,40.6335052085,40.1902634999,40.2445379948,194400,0.0,1.0
4160,2013-07-16T00:00:00.000Z,44.68,45.06,44.38,44.85,239900,40.4164072288,40.7601456967,40.1450347541,40.5701849645,239900,0.0,1.0
4161,2013-07-17T00:00:00.000Z,44.36,44.92,44.24,44.8,436900,40.1269432558,40.6335052085,40.0183942659,40.5249562187,436900,0.0,1.0
4162,2013-07-18T00:00:00.000Z,44.52,44.57,43.82,44.38,295900,40.2716752423,40.3169039881,39.6384728014,40.1450347541,295900,0.0,1.0
4163,2013-07-19T00:00:00.000Z,44.5,44.65,44.31,44.53,271400,40.253583744,40.3892699813,40.08171451,40.2807209915,271400,0.0,1.0
4164,2013-07-22T00:00:00.000Z,44.5,44.76,44.39,44.45,331700,40.253583744,40.4887732221,40.1540805033,40.2083549982,331700,0.0,1.0
4165,2013-07-23T00:00:00.000Z,44.65,44.71,44.43,44.65,211300,40.3892699813,40.4435444763,40.1902634999,40.3892699813,211300,0.0,1.0
4166,2013-07-24T00:00:00.000Z,44.54,44.83,44.4,44.72,174900,40.2897667406,40.5520934661,40.1631262524,40.4525902254,174900,0.0,1.0
4167,2013-07-25T00:00:00.000Z,44.66,44.67,44.34,44.52,361200,40.3983157305,40.4073614796,40.1088517575,40.2716752423,361200,0.0,1.0
4168,2013-07-26T00:00:00.000Z,44.72,44.82,44.21,44.37,183500,40.4525902254,40.543047717,39.9912570185,40.135989005,183500,0.0,1.0
4169,2013-07-29T00:00:00.000Z,44.41,44.8,44.08,44.61,119800,40.1721720016,40.5249562187,39.8736622794,40.3530869847,119800,0.0,1.0
4170,2013-07-30T00:00:00.000Z,44.73,45.37,44.56,44.67,162500,40.4616359746,41.0405639206,40.3078582389,40.4073614796,162500,0.0,1.0
4171,2013-07-31T00:00:00.000Z,45.02,45.27,44.78,44.91,241100,40.7239627001,40.950106429,40.5068647204,40.6244594594,241100,0.0,1.0
4172,2013-08-01T00:00:00.000Z,45.85,46.1,45.43,45.44,431500,41.4747598801,41.700903609,41.0948384155,41.1038841647,431500,0.0,1.0
4173,2013-08-02T00:00:00.000Z,45.69,45.85,45.52,45.78,161900,41.3300278936,41.4747598801,41.1762501579,41.411439636,161900,0.0,1.0
4174,2013-08-05T00:00:00.000Z,45.2,45.69,44.87,45.62,188800,40.8867861849,41.3300278936,40.5882764628,41.2667076495,188800,0.0,1.0
4175,2013-08-06T00:00:00.000Z,45.54,45.71,44.78,45.09,245600,41.1943416562,41.3481193919,40.5068647204,40.7872829442,245600,0.0,1.0
4176,2013-08-07T00:00:00.000Z,43.9,45.22,43.02,44.55,678800,39.7108387946,40.9048776832,38.9148128689,40.2988124898,678800,0.0,1.0
4177,2013-08-08T00:00:00.000Z,43.92,44.25,43.45,44.2,503400,39.728930293,40.0274400151,39.3037800826,39.9822112693,503400,0.0,1.0
4178,2013-08-09T00:00:00.000Z,43.78,44.42,43.63,43.85,175300,39.6022898048,40.1812177507,39.4666035674,39.6656100489,175300,0.0,1.0
4179,2013-08-12T00:00:00.000Z,44.25,44.4,43.08,43.47,218100,40.0274400151,40.1631262524,38.9690873639,39.3218715809,218100,0.0,1.0
4180,2013-08-13T00:00:00.000Z,43.88,44.25,43.51,44.18,269600,39.6927472963,40.0274400151,39.3580545776,39.964119771,269600,0.0,1.0
4181,2013-08-14T00:00:00.000Z,43.74,43.91,43.55,43.77,207100,39.5661068081,39.7198845438,39.3942375742,39.5932440556,207100,0.0,1.0
4182,2013-08-15T00:00:00.000Z,43.08,43.51,42.94,43.25,273000,38.9690873639,39.3580545776,38.8424468757,39.1228650995,273000,0.0,1.0
4183,2013-08-16T00:00:00.000Z,42.63,43.13,42.56,42.86,237300,38.5620286518,39.0143161096,38.4987084077,38.7700808824,237300,0.0,1.0
4184,2013-08-19T00:00:00.000Z,42.4,42.97,42.39,42.58,117600,38.3539764212,38.8695841231,38.3449306721,38.5167999061,117600,0.0,1.0
4185,2013-08-20T00:00:00.000Z,42.82,42.89,42.32,42.39,205800,38.7338978858,38.7972181299,38.281610428,38.3449306721,205800,0.0,1.0
4186,2013-08-21T00:00:00.000Z,42.39,42.87,42.25,42.65,180000,38.3449306721,38.7791266316,38.2182901839,38.5801201501,180000,0.0,1.0
4187,2013-08-22T00:00:00.000Z,43.42,43.76,42.54,42.54,196800,39.2766428352,39.5841983065,38.4806169094,38.4806169094,196800,0.0,1.0
4188,2013-08-23T00:00:00.000Z,42.9,43.45,42.78,43.45,197400,38.806263879,39.3037800826,38.6977148892,39.3037800826,197400,0.0,1.0
4189,2013-08-26T00:00:00.000Z,42.59,42.99,42.5,42.71,142800,38.7158063875,39.0794204414,38.6339932254,38.8248906037,142800,0.21,1.0
4190,2013-08-27T00:00:00.000Z,41.51,42.1,41.5,42.1,350200,37.734048442,38.2703791715,37.7249580906,38.2703791715,350200,0.0,1.0
4191,2013-08-28T00:00:00.000Z,41.6,41.92,41.45,41.58,153500,37.8158616041,38.1067528472,37.6795063339,37.7976809014,153500,0.0,1.0
4192,2013-08-29T00:00:00.000Z,41.67,41.92,41.5,41.52,206100,37.8794940635,38.1067528472,37.7249580906,37.7431387933,206100,0.0,1.0
4193,2013-08-30T00:00:00.000Z,40.89,41.58,40.82,41.58,305900,37.1704466585,37.7976809014,37.106814199,37.7976809014,305900,0.0,1.0
4194,2013-09-03T00:00:00.000Z,40.76,41.52,40.52,41.51,497600,37.052272091,37.7431387933,36.8341036586,37.734048442,497600,0.0,1.0
4195,2013-09-04T00:00:00.000Z,40.87,41.03,40.73,40.74,246200,37.1522659558,37.2977115773,37.0250010369,37.0340913883,246200,0.0,1.0
4196,2013-09-05T00:00:00.000Z,40.97,41.18,40.78,40.83,280600,37.2431694692,37.4340668475,37.0704527937,37.1159045504,280600,0.0,1.0
4197,2013-09-06T00:00:00.000Z,40.81,41.23,40.46,41.07,265700,37.0977238477,37.4795186043,36.7795615505,37.3340729827,265700,0.0,1.0
4198,2013-09-09T00:00:00.000Z,41.68,41.72,40.83,40.85,223400,37.8885844149,37.9249458203,37.1159045504,37.1340852531,223400,0.0,1.0
4199,2013-09-10T00:00:00.000Z,42.23,42.24,41.87,41.97,197300,38.388553739,38.3976440903,38.0613010905,38.152204604,197300,0.0,1.0
4200,2013-09-11T00:00:00.000Z,42.32,42.35,42.06,42.09,143500,38.4703669011,38.4976379552,38.2340177661,38.2612888201,143500,0.0,1.0
4201,2013-09-12T00:00:00.000Z,42.36,42.41,42.06,42.26,265600,38.5067283065,38.5521800632,38.2340177661,38.415824793,265600,0.0,1.0
4202,2013-09-13T00:00:00.000Z,42.7,42.72,42.34,42.56,186400,38.8158002523,38.833980955,38.4885476038,38.6885353334,186400,0.0,1.0
4203,2013-09-16T00:00:00.000Z,43.12,43.27,42.88,43.21,170800,39.1975950089,39.3339502791,38.9794265766,39.279408171,170800,0.0,1.0
4204,2013-09-17T00:00:00.000Z,43.46,43.46,42.97,43.12,234600,39.5066669547,39.5066669547,39.0612397387,39.1975950089,234600,0.0,1.0
4205,2013-09-18T00:00:00.000Z,43.69,43.78,43.09,43.46,328900,39.7157450357,39.7975581978,39.1703239548,39.5066669547,328900,0.0,1.0
4206,2013-09-19T00:00:00.000Z,43.8,43.9,43.55,43.73,253900,39.8157389005,39.906642414,39.5884801168,39.7521064411,253900,0.0,1.0
4207,2013-09-20T00:00:00.000Z,43.9,44.58,43.87,44.11,834500,39.906642414,40.5247863056,39.8793713599,40.0975397923,834500,0.0,1.0
4208,2013-09-23T00:00:00.000Z,43.55,43.9,43.52,43.9,312900,39.5884801168,39.906642414,39.5612090628,39.906642414,312900,0.0,1.0
4209,2013-09-24T00:00:00.000Z,43.19,43.78,43.09,43.55,273600,39.2612274683,39.7975581978,39.1703239548,39.5884801168,273600,0.0,1.0
4210,2013-09-25T00:00:00.000Z,42.83,43.39,42.83,43.15,134200,38.9339748198,39.4430344953,38.9339748198,39.2248660629,134200,0.0,1.0
4211,2013-09-26T00:00:00.000Z,42.68,43.0,42.46,42.82,204700,38.7976195496,39.0885107927,38.59763182,38.9248844685,204700,0.0,1.0
4212,2013-09-27T00:00:00.000Z,42.68,42.84,42.3,42.33,135700,38.7976195496,38.9430651712,38.4521861984,38.4794572525,135700,0.0,1.0
4213,2013-09-30T00:00:00.000Z,42.96,43.02,42.16,42.38,225600,39.0521493873,39.1066914954,38.3249212796,38.5249090092,225600,0.0,1.0
4214,2013-10-01T00:00:00.000Z,43.75,43.83,42.74,42.85,481300,39.7702871438,39.8430099545,38.8521616577,38.9521555225,481300,0.0,1.0
4215,2013-10-02T00:00:00.000Z,43.7,43.72,43.15,43.45,258600,39.724835387,39.7430160897,39.2248660629,39.4975766033,258600,0.0,1.0
4216,2013-10-03T00:00:00.000Z,43.44,43.94,43.08,43.67,276700,39.488486252,39.9430038193,39.1612336035,39.697564333,276700,0.0,1.0
4217,2013-10-04T00:00:00.000Z,43.78,43.91,43.2,43.38,193600,39.7975581978,39.9157327653,39.2703178197,39.4339441439,193600,0.0,1.0
4218,2013-10-07T00:00:00.000Z,43.29,43.63,43.27,43.38,156900,39.3521309818,39.6612029276,39.3339502791,39.4339441439,156900,0.0,1.0
4219,2013-10-08T00:00:00.000Z,43.24,43.62,43.15,43.31,188400,39.306679225,39.6521125762,39.2248660629,39.3703116845,188400,0.0,1.0
4220,2013-10-09T00:00:00.000Z,43.55,43.58,43.09,43.33,267600,39.5884801168,39.6157511709,39.1703239548,39.3884923872,267600,0.0,1.0
4221,2013-10-10T00:00:00.000Z,44.2,44.42,43.92,44.04,181100,40.1793529544,40.379340684,39.9248231167,40.0339073328,181100,0.0,1.0
4222,2013-10-11T00:00:00.000Z,44.93,44.95,43.96,44.03,161500,40.8429486027,40.8611293054,39.961184522,40.0248169815,161500,0.0,1.0
4223,2013-10-14T00:00:00.000Z,45.39,45.39,44.59,44.59,168200,41.2611047647,41.2611047647,40.5338766569,40.5338766569,168200,0.0,1.0
4224,2013-10-15T00:00:00.000Z,45.11,45.3,44.88,45.27,268900,41.006574927,41.1792916026,40.797496846,41.1520205485,268900,0.0,1.0
4225,2013-10-16T00:00:00.000Z,45.8,45.88,45.26,45.35,143000,41.6338091699,41.7065319807,41.1429301972,41.2247433593,143000,0.0,1.0
4226,2013-10-17T00:00:00.000Z,45.75,46.18,45.58,45.62,250400,41.5883574132,41.9792425211,41.4338214403,41.4701828457,250400,0.0,1.0
4227,2013-10-18T00:00:00.000Z,46.1,46.48,45.5,46.01,274400,41.9065197103,42.2519530615,41.3610986295,41.8247065482,274400,0.0,1.0
4228,2013-10-21T00:00:00.000Z,45.97,46.19,45.77,46.19,203300,41.7883451428,41.9883328725,41.6065381159,41.9883328725,203300,0.0,1.0
4229,2013-10-22T00:00:00.000Z,46.19,46.52,45.98,46.06,144300,41.9883328725,42.2883144669,41.7974354942,41.8701583049,144300,0.0,1.0
4230,2013-10-23T00:00:00.000Z,46.73,46.88,46.08,46.08,114200,42.4792118452,42.6155671154,41.8883390076,41.8883390076,114200,0.0,1.0
4231,2013-10-24T00:00:00.000Z,46.28,46.78,46.1,46.73,134400,42.0701460346,42.5246636019,41.9065197103,42.4792118452,134400,0.0,1.0
4232,2013-10-25T00:00:00.000Z,46.31,46.74,45.87,46.47,148900,42.0974170886,42.4883021965,41.6974416293,42.2428627102,148900,0.0,1.0
4233,2013-10-28T00:00:00.000Z,46.17,46.46,45.87,46.46,230000,41.9701521698,42.2337723588,41.6974416293,42.2337723588,230000,0.0,1.0
4234,2013-10-29T00:00:00.000Z,46.87,46.89,45.98,46.34,228400,42.6064767641,42.6246574668,41.7974354942,42.1246881427,228400,0.0,1.0
4235,2013-10-30T00:00:00.000Z,45.13,47.34,44.94,46.84,339100,41.0247556297,43.0337232774,40.8520389541,42.57920571,339100,0.0,1.0
4236,2013-10-31T00:00:00.000Z,45.19,45.63,44.86,44.99,235900,41.0792977377,41.479273197,40.7793161433,40.8974907108,235900,0.0,1.0
4237,2013-11-01T00:00:00.000Z,44.94,45.4,44.67,45.09,305100,40.8520389541,41.270195116,40.6065994677,40.9883942243,305100,0.0,1.0
4238,2013-11-04T00:00:00.000Z,45.31,45.38,44.89,45.05,173200,41.1883819539,41.2520144133,40.8065871973,40.9520328189,173200,0.0,1.0
4239,2013-11-05T00:00:00.000Z,45.06,45.16,44.88,45.05,174900,40.9611231702,41.0520266837,40.797496846,40.9520328189,174900,0.0,1.0
4240,2013-11-06T00:00:00.000Z,45.21,45.32,44.96,45.25,151400,41.0974784404,41.1974723053,40.8702196568,41.1338398458,151400,0.0,1.0
4241,2013-11-07T00:00:00.000Z,44.83,45.45,44.81,45.44,139600,40.7520450892,41.3156468728,40.7338643866,41.3065565214,139600,0.0,1.0
4242,2013-11-08T00:00:00.000Z,45.23,45.34,44.77,44.77,175300,41.1156591431,41.2156530079,40.6975029812,40.6975029812,175300,0.0,1.0
4243,2013-11-11T00:00:00.000Z,45.44,45.55,45.0,45.27,256100,41.3065565214,41.4065503862,40.9065810621,41.1520205485,256100,0.0,1.0
4244,2013-11-12T00:00:00.000Z,45.69,45.7,45.02,45.28,107100,41.5338153051,41.5429056564,40.9247617648,41.1611108999,107100,0.0,1.0
4245,2013-11-13T00:00:00.000Z,45.52,45.53,44.98,45.43,158100,41.3792793322,41.3883696835,40.8884003595,41.2974661701,158100,0.0,1.0
4246,2013-11-14T00:00:00.000Z,45.45,45.73,45.31,45.45,74700,41.3156468728,41.5701767105,41.1883819539,41.3156468728,74700,0.0,1.0
4247,2013-11-15T00:00:00.000Z,45.42,45.47,44.99,45.37,126000,41.2883758187,41.3338275755,40.8974907108,41.242924062,126000,0.0,1.0
4248,2013-11-18T00:00:00.000Z,44.73,45.42,44.65,45.42,255800,40.8520389541,41.4822179587,40.7789747216,41.4822179587,255800,0.21,1.0
4249,2013-11-19T00:00:00.000Z,44.89,45.1,44.54,44.68,89600,40.9981674189,41.189961029,40.6785114021,40.8063738088,89600,0.0,1.0
4250,2013-11-20T00:00:00.000Z,45.22,45.43,44.57,45.07,139800,41.2995573777,41.4913509878,40.7059104892,41.1625619419,139800,0.0,1.0
4251,2013-11-21T00:00:00.000Z,45.79,46.03,45.26,45.42,218400,41.8201400337,42.039332731,41.3360894939,41.4822179587,218400,0.0,1.0
4252,2013-11-22T00:00:00.000Z,46.23,46.3,45.5,45.69,269800,42.221993312,42.2859245154,41.5552821911,41.7288097432,269800,0.0,1.0
4253,2013-11-25T00:00:00.000Z,46.05,46.44,45.95,46.22,136300,42.0575987891,42.4137869221,41.9662684985,42.212860283,136300,0.0,1.0
4254,2013-11-26T00:00:00.000Z,46.15,46.33,45.88,46.02,124400,42.1489290796,42.3133236025,41.9023372952,42.0301997019,124400,0.0,1.0
4255,2013-11-27T00:00:00.000Z,46.43,46.54,46.09,46.27,106600,42.4046538931,42.5051172127,42.0941309053,42.2585254282,106600,0.0,1.0
4256,2013-11-29T00:00:00.000Z,46.14,46.5,45.95,46.33,81100,42.1397960505,42.4685850964,41.9662684985,42.3133236025,81100,0.0,1.0
4257,2013-12-02T00:00:00.000Z,46.05,46.34,45.63,46.09,135800,42.0575987891,42.3224566316,41.6740115688,42.0941309053,135800,0.0,1.0
4258,2013-12-03T00:00:00.000Z,45.9,46.2,45.65,45.85,119600,41.9206033533,42.1945942249,41.6922776269,41.874938208,119600,0.0,1.0
4259,2013-12-04T00:00:00.000Z,45.28,45.83,44.72,45.64,120600,41.354355552,41.8566721499,40.842905925,41.6831445979,120600,0.0,1.0
4260,2013-12-05T00:00:00.000Z,45.7,45.7,45.07,45.3,103500,41.7379427722,41.7379427722,41.1625619419,41.3726216101,103500,0.0,1.0
4261,2013-12-06T00:00:00.000Z,46.44,46.82,46.18,46.18,151200,42.4137869221,42.7608420261,42.1763281667,42.1763281667,151200,0.0,1.0
4262,2013-12-09T00:00:00.000Z,46.62,46.69,45.95,46.45,128500,42.5781814451,42.6421126485,41.9662684985,42.4229199512,128500,0.0,1.0
4263,2013-12-10T00:00:00.000Z,46.0,46.47,45.82,46.47,190300,42.0119336438,42.4411860093,41.8475391208,42.4411860093,190300,0.0,1.0
4264,2013-12-11T00:00:00.000Z,44.99,46.23,44.85,46.07,263300,41.0894977094,42.221993312,40.9616353027,42.0758648472,263300,0.0,1.0
4265,2013-12-12T00:00:00.000Z,45.1,45.28,44.69,44.9,168700,41.189961029,41.354355552,40.8155068379,41.007300448,168700,0.0,1.0
4266,2013-12-13T00:00:00.000Z,45.5,45.62,45.01,45.19,194000,41.5552821911,41.6648785398,41.1077637675,41.2721582905,194000,0.0,1.0
4267,2013-12-16T00:00:00.000Z,45.9,46.42,45.02,45.63,198200,41.9206033533,42.395520864,41.1168967966,41.6740115688,198200,0.0,1.0
4268,2013-12-17T00:00:00.000Z,45.56,45.91,45.03,45.91,168100,41.6100803655,41.9297363823,41.1260298257,41.9297363823,168100,0.0,1.0
4269,2013-12-18T00:00:00.000Z,46.55,46.56,45.29,45.7,161700,42.5142502417,42.5233832708,41.363488581,41.7379427722,161700,0.0,1.0
4270,2013-12-19T00:00:00.000Z,46.63,46.65,46.03,46.37,235600,42.5873144741,42.6055805322,42.039332731,42.3498557188,235600,0.0,1.0
4271,2013-12-20T00:00:00.000Z,47.66,47.77,46.72,46.78,689000,43.5280164666,43.6284797862,42.6695117356,42.7243099099,689000,0.0,1.0
4272,2013-12-23T00:00:00.000Z,48.01,48.01,47.46,47.69,173200,43.8476724834,43.8476724834,43.3453558855,43.5554155538,173200,0.0,1.0
4273,2013-12-24T00:00:00.000Z,48.11,48.5,47.93,47.93,125600,43.939002774,44.295190907,43.774608251,43.774608251,125600,0.0,1.0
4274,2013-12-26T00:00:00.000Z,47.96,48.28,47.57,48.28,155400,43.8020073382,44.0942642679,43.4458192051,44.0942642679,155400,0.0,1.0
4275,2013-12-27T00:00:00.000Z,48.32,48.38,48.01,48.22,135600,44.1307963841,44.1855945584,43.8476724834,44.0394660936,135600,0.0,1.0
4276,2013-12-30T00:00:00.000Z,48.01,48.47,47.9,48.21,133200,43.8476724834,44.2677918199,43.7472091639,44.0303330645,133200,0.0,1.0
4277,2013-12-31T00:00:00.000Z,48.05,48.43,47.85,48.18,175400,43.8842045997,44.2312597037,43.7015440186,44.0029339773,175400,0.0,1.0
4278,2014-01-02T00:00:00.000Z,47.19,48.15,46.94,48.05,286800,43.0987641011,43.9755348902,42.8704383748,43.8842045997,286800,0.0,1.0
4279,2014-01-03T00:00:00.000Z,47.31,47.39,46.96,47.18,129000,43.2083604497,43.2814246822,42.8887044329,43.089631072,129000,0.0,1.0
4280,2014-01-06T00:00:00.000Z,47.45,47.51,46.97,47.41,250200,43.3362228565,43.3910210308,42.8978374619,43.2996907403,250200,0.0,1.0
4281,2014-01-07T00:00:00.000Z,48.31,48.48,47.59,47.67,268100,44.121663355,44.2769248489,43.4640852632,43.5371494956,268100,0.0,1.0
4282,2014-01-08T00:00:00.000Z,48.72,48.81,47.94,48.16,327900,44.4961175462,44.5783148077,43.7837412801,43.9846679192,327900,0.0,1.0
4283,2014-01-09T00:00:00.000Z,49.34,49.39,48.65,48.84,464800,45.0623653475,45.1080304928,44.4321863428,44.6057138948,464800,0.0,1.0
4284,2014-01-10T00:00:00.000Z,48.92,49.57,48.77,49.27,304200,44.6787781273,45.2724250157,44.5417826915,44.9984341441,304200,0.0,1.0
4285,2014-01-13T00:00:00.000Z,48.92,49.05,48.49,48.7,394600,44.6787781273,44.797507505,44.286057878,44.4778514881,394600,0.0,1.0
4286,2014-01-14T00:00:00.000Z,49.47,49.67,48.68,49.11,172500,45.1810947252,45.3637553062,44.45958543,44.8523056793,172500,0.0,1.0
4287,2014-01-15T00:00:00.000Z,49.53,49.92,49.18,49.64,117800,45.2358928995,45.5920810326,44.9162368826,45.3363562191,117800,0.0,1.0
4288,2014-01-16T00:00:00.000Z,49.66,49.71,49.3,49.3,135200,45.3546222772,45.4002874225,45.0258332313,45.0258332313,135200,0.0,1.0
4289,2014-01-17T00:00:00.000Z,49.4,49.87,49.18,49.58,123800,45.1171635218,45.5464158873,44.9162368826,45.2815580448,123800,0.0,1.0
4290,2014-01-21T00:00:00.000Z,49.6,49.77,49.14,49.4,122900,45.2998241029,45.4550855968,44.8797047664,45.1171635218,122900,0.0,1.0
4291,2014-01-22T00:00:00.000Z,49.76,49.8,49.29,49.6,103500,45.4459525677,45.4824846839,45.0167002022,45.2998241029,103500,0.0,1.0
4292,2014-01-23T00:00:00.000Z,49.26,49.85,49.01,49.46,346200,44.9893011151,45.5281498292,44.7609753887,45.1719616961,346200,0.0,1.0
4293,2014-01-24T00:00:00.000Z,48.17,48.86,48.02,48.83,1101900,43.9938009483,44.623979953,43.8568055125,44.5965808658,1101900,0.0,1.0
4294,2014-01-27T00:00:00.000Z,46.87,48.23,46.85,48.17,274200,42.8065071714,44.0485991226,42.7882411133,43.9938009483,274200,0.0,1.0
4295,2014-01-28T00:00:00.000Z,46.95,47.12,46.65,46.88,273300,42.8795714038,43.0348328977,42.6055805322,42.8156402005,273300,0.0,1.0
4296,2014-01-29T00:00:00.000Z,46.51,46.75,46.23,46.61,365600,42.4777181255,42.6969108228,42.221993312,42.569048416,365600,0.0,1.0
4297,2014-01-30T00:00:00.000Z,46.66,46.99,46.46,46.73,322400,42.6147135613,42.91610352,42.4320529802,42.6786447647,322400,0.0,1.0
4298,2014-01-31T00:00:00.000Z,45.89,46.24,45.48,45.79,384000,41.9114703242,42.2311263411,41.537016133,41.8201400337,384000,0.0,1.0
4299,2014-02-03T00:00:00.000Z,43.99,46.24,43.76,45.73,802100,40.1761948041,42.2311263411,39.9661351359,41.7653418594,802100,0.0,1.0
4300,2014-02-04T00:00:00.000Z,43.67,44.29,43.56,44.04,580900,39.8839378744,40.4501856757,39.7834745549,40.2218599494,580900,0.0,1.0
4301,2014-02-05T00:00:00.000Z,43.63,43.91,39.9,42.0,590100,39.8474057582,40.1031305717,36.4407859215,38.3587220226,590100,0.0,1.0
4302,2014-02-06T00:00:00.000Z,43.9,44.18,43.14,43.37,421200,40.0939975427,40.3497223561,39.3998873346,39.6099470029,421200,0.0,1.0
4303,2014-02-07T00:00:00.000Z,43.58,44.29,43.48,43.92,275900,39.801740613,40.4501856757,39.7104103224,40.1122636008,275900,0.0,1.0
4304,2014-02-10T00:00:00.000Z,44.07,44.16,43.22,43.6,262800,40.2492590366,40.331456298,39.4729515671,39.8200066711,262800,0.0,1.0
4305,2014-02-11T00:00:00.000Z,44.85,44.98,44.13,44.13,348100,40.9616353027,41.0803646804,40.3040572109,40.3040572109,348100,0.0,1.0
4306,2014-02-12T00:00:00.000Z,44.69,44.96,44.36,44.85,210700,40.8155068379,41.0620986223,40.5141168791,40.9616353027,210700,0.0,1.0
4307,2014-02-13T00:00:00.000Z,45.31,45.46,44.37,44.49,174700,41.3817546391,41.5187500749,40.5232499082,40.6328462568,174700,0.0,1.0
4308,2014-02-14T00:00:00.000Z,45.25,45.43,44.81,45.32,165300,41.3269564648,41.4913509878,40.9251031865,41.3908876682,165300,0.0,1.0
4309,2014-02-18T00:00:00.000Z,45.47,45.86,45.23,45.32,236200,41.527883104,41.8840712371,41.3086904067,41.3908876682,236200,0.0,1.0
4310,2014-02-19T00:00:00.000Z,44.56,45.56,44.53,45.34,211700,40.6967774602,41.6100803655,40.669378373,41.4091537263,211700,0.0,1.0
4311,2014-02-20T00:00:00.000Z,45.33,45.37,44.5,44.61,181500,41.4000206972,41.4365528135,40.6419792858,40.7424426054,181500,0.0,1.0
4312,2014-02-21T00:00:00.000Z,45.2,45.58,45.11,45.53,220400,41.2812913196,41.6283464236,41.1990940581,41.5826812783,220400,0.0,1.0
4313,2014-02-24T00:00:00.000Z,45.19,45.71,45.03,45.15,181600,41.4639519006,41.9410763748,41.3171443701,41.427250018,181600,0.21,1.0
4314,2014-02-25T00:00:00.000Z,45.35,45.38,44.98,45.2,193500,41.6107594311,41.6382858431,41.2712670168,41.4731273713,193500,0.0,1.0
4315,2014-02-26T00:00:00.000Z,46.21,46.25,45.22,45.5,411200,42.3998499077,42.4365517903,41.4914783126,41.748391491,411200,0.0,1.0
4316,2014-02-27T00:00:00.000Z,46.3,46.31,45.84,46.08,180900,42.4824291436,42.4916046142,42.0603574933,42.2805687891,180900,0.0,1.0
4317,2014-02-28T00:00:00.000Z,46.15,46.69,45.94,46.36,204500,42.3447970837,42.8402724992,42.1521121999,42.5374819675,204500,0.0,1.0
4318,2014-03-03T00:00:00.000Z,46.19,46.5,45.7,45.7,331600,42.3814989664,42.6659385567,41.9319009041,41.9319009041,331600,0.0,1.0
4319,2014-03-04T00:00:00.000Z,47.43,47.7,46.72,46.88,403100,43.5192573279,43.7669950356,42.8677989112,43.0146064417,403100,0.0,1.0
4320,2014-03-05T00:00:00.000Z,46.99,47.3,46.85,47.17,177600,43.1155366189,43.3999762093,42.9870800297,43.2806950908,177600,0.0,1.0
4321,2014-03-06T00:00:00.000Z,47.5,47.65,46.74,47.04,1033900,43.5834856225,43.7211176823,42.8861498525,43.1614139722,1033900,0.0,1.0
4322,2014-03-07T00:00:00.000Z,47.38,47.87,47.23,47.87,141400,43.4733799746,43.9229780368,43.3357479147,43.9229780368,141400,0.0,1.0
4323,2014-03-10T00:00:00.000Z,47.4,47.53,46.81,47.24,516800,43.4917309159,43.6110120344,42.9503781471,43.3449233854,516800,0.0,1.0
4324,2014-03-11T00:00:00.000Z,46.67,47.54,46.34,47.54,213000,42.8219215579,43.6201875051,42.5191310262,43.6201875051,213000,0.0,1.0
4325,2014-03-12T00:00:00.000Z,46.58,46.61,46.25,46.55,216700,42.739342322,42.766868734,42.4365517903,42.71181591,216700,0.0,1.0
4326,2014-03-13T00:00:00.000Z,46.26,47.01,45.82,46.76,257400,42.445727261,43.1338875603,42.042006552,42.9045007938,257400,0.0,1.0
4327,2014-03-14T00:00:00.000Z,46.0,46.55,45.86,46.04,129300,42.2071650239,42.71181591,42.0787084347,42.2438669065,129300,0.0,1.0
4328,2014-03-17T00:00:00.000Z,46.53,46.72,46.24,46.34,121200,42.6934649687,42.8677989112,42.4273763196,42.5191310262,121200,0.0,1.0
4329,2014-03-18T00:00:00.000Z,47.23,47.26,46.25,46.63,167200,43.3357479147,43.3632743267,42.4365517903,42.7852196753,167200,0.0,1.0
4330,2014-03-19T00:00:00.000Z,47.03,47.6,46.8,47.08,129600,43.1522385016,43.675240329,42.9412026764,43.1981158549,129600,0.0,1.0
4331,2014-03-20T00:00:00.000Z,47.57,47.74,46.99,46.99,196100,43.6477139171,43.8036969182,43.1155366189,43.1155366189,196100,0.0,1.0
4332,2014-03-21T00:00:00.000Z,47.76,48.56,47.56,48.0,508500,43.8220478596,44.5560855121,43.6385384464,44.0422591553,508500,0.0,1.0
4333,2014-03-24T00:00:00.000Z,47.64,48.02,47.3,48.0,265900,43.7119422117,44.0606100966,43.3999762093,44.0422591553,265900,0.0,1.0
4334,2014-03-25T00:00:00.000Z,47.77,48.32,47.5,47.97,155700,43.8312233302,44.3358742164,43.5834856225,44.0147327434,155700,0.0,1.0
4335,2014-03-26T00:00:00.000Z,47.49,48.29,47.39,48.16,184900,43.5743101518,44.3083478044,43.4825554452,44.1890666859,184900,0.0,1.0
4336,2014-03-27T00:00:00.000Z,47.57,47.98,47.29,47.69,191600,43.6477139171,44.023908214,43.3908007387,43.757819565,191600,0.0,1.0
4337,2014-03-28T00:00:00.000Z,47.39,48.04,47.22,47.56,215100,43.4825554452,44.078961038,43.3265724441,43.6385384464,215100,0.0,1.0
4338,2014-03-31T00:00:00.000Z,47.75,47.89,47.22,47.5,295400,43.8128723889,43.9413289781,43.3265724441,43.5834856225,295400,0.0,1.0
4339,2014-04-01T00:00:00.000Z,48.81,48.89,47.75,48.05,239200,44.7854722786,44.8588760438,43.8128723889,44.0881365086,239200,0.0,1.0
4340,2014-04-02T00:00:00.000Z,51.2,51.77,48.94,49.0,700900,46.9784097657,47.5014115932,44.9047533971,44.9598062211,700900,0.0,1.0
4341,2014-04-03T00:00:00.000Z,51.31,51.53,50.7,51.46,361800,47.0793399429,47.2812002974,46.5196362328,47.2169720028,361800,0.0,1.0
4342,2014-04-04T00:00:00.000Z,50.43,51.87,50.32,51.73,360000,46.2718985251,47.5931662997,46.1709683478,47.4647097105,360000,0.0,1.0
4343,2014-04-07T00:00:00.000Z,49.98,50.64,49.66,50.19,303900,45.8590023455,46.4645834089,45.5653872845,46.0516872293,303900,0.0,1.0
4344,2014-04-08T00:00:00.000Z,49.94,50.59,49.67,50.03,370200,45.8223004629,46.4187060556,45.5745627551,45.9048796988,370200,0.0,1.0
4345,2014-04-09T00:00:00.000Z,50.53,50.58,49.75,49.95,346800,46.3636532316,46.4095305849,45.6479665204,45.8314759335,346800,0.0,1.0
4346,2014-04-10T00:00:00.000Z,49.37,51.52,49.02,50.75,294700,45.2992986354,47.2720248267,44.9781571624,46.5655135861,294700,0.0,1.0
4347,2014-04-11T00:00:00.000Z,48.85,49.74,48.76,49.0,207700,44.8221741612,45.6387910497,44.7395949253,44.9598062211,207700,0.0,1.0
4348,2014-04-14T00:00:00.000Z,49.57,49.74,49.02,49.45,230000,45.4828080485,45.6387910497,44.9781571624,45.3727024007,230000,0.0,1.0
4349,2014-04-15T00:00:00.000Z,49.84,50.12,48.57,49.7,247800,45.7305457563,45.9874589347,44.5652609828,45.6020891671,247800,0.0,1.0
4350,2014-04-16T00:00:00.000Z,49.55,50.11,49.29,50.01,184800,45.4644571072,45.978283464,45.2258948701,45.8865287575,184800,0.0,1.0
4351,2014-04-17T00:00:00.000Z,49.48,49.85,49.13,49.42,206600,45.4002288126,45.7397212269,45.0790873396,45.3451759887,206600,0.0,1.0
4352,2014-04-21T00:00:00.000Z,49.8,49.91,49.28,49.57,145700,45.6938438737,45.7947740509,45.2167193995,45.4828080485,145700,0.0,1.0
4353,2014-04-22T00:00:00.000Z,50.06,50.49,49.65,49.85,147600,45.9324061107,46.326951349,45.5562118138,45.7397212269,147600,0.0,1.0
4354,2014-04-23T00:00:00.000Z,49.83,50.07,49.38,49.97,251700,45.7213702856,45.9415815814,45.308474106,45.8498268748,251700,0.0,1.0
4355,2014-04-24T00:00:00.000Z,49.85,50.04,49.58,50.0,177600,45.7397212269,45.9140551694,45.4919835192,45.8773532868,177600,0.0,1.0
4356,2014-04-25T00:00:00.000Z,48.97,49.96,48.89,49.6,277200,44.9322798091,45.8406514042,44.8588760438,45.5103344605,277200,0.0,1.0
4357,2014-04-28T00:00:00.000Z,48.93,49.48,48.08,49.34,250600,44.8955779265,45.4002288126,44.1156629206,45.2717722234,250600,0.0,1.0
4358,2014-04-29T00:00:00.000Z,48.5,49.32,48.5,49.31,281600,44.5010326882,45.2534212821,44.5010326882,45.2442458114,281600,0.0,1.0
4359,2014-04-30T00:00:00.000Z,48.05,48.5,47.76,48.34,389600,44.0881365086,44.5010326882,43.8220478596,44.3542251577,389600,0.0,1.0
4360,2014-05-01T00:00:00.000Z,48.1,48.59,47.73,48.14,402100,44.1340138619,44.5836119241,43.7945214476,44.1707157445,402100,0.0,1.0
4361,2014-05-02T00:00:00.000Z,48.27,48.47,47.73,48.04,271600,44.2899968631,44.4735062762,43.7945214476,44.078961038,271600,0.0,1.0
4362,2014-05-05T00:00:00.000Z,48.3,48.5,47.85,48.0,342800,44.3175232751,44.5010326882,43.9046270955,44.0422591553,342800,0.0,1.0
4363,2014-05-06T00:00:00.000Z,48.0,48.57,47.96,48.17,298400,44.0422591553,44.5652609828,44.0055572727,44.1982421565,298400,0.0,1.0
4364,2014-05-07T00:00:00.000Z,47.64,48.42,47.24,48.23,334100,43.7119422117,44.4276289229,43.3449233854,44.2532949805,334100,0.0,1.0
4365,2014-05-08T00:00:00.000Z,51.73,53.51,48.9,48.91,1175500,47.4647097105,49.0979434875,44.8680515145,44.8772269852,1175500,0.0,1.0
4366,2014-05-09T00:00:00.000Z,53.78,53.92,51.58,51.66,923300,49.3456811953,49.4741377845,47.3270776507,47.4004814159,923300,0.0,1.0
4367,2014-05-12T00:00:00.000Z,55.01,55.36,53.99,53.99,653200,50.4742640861,50.7954055592,49.5383660791,49.5383660791,653200,0.0,1.0
4368,2014-05-13T00:00:00.000Z,53.87,55.18,53.78,55.01,578800,49.4282604312,50.6302470873,49.3456811953,50.4742640861,578800,0.0,1.0
4369,2014-05-14T00:00:00.000Z,53.05,54.15,52.87,53.9,392800,48.6758718373,49.6851736096,48.5107133655,49.4557868432,392800,0.0,1.0
4370,2014-05-15T00:00:00.000Z,52.58,52.94,52.09,52.75,534900,48.2446247164,48.5749416601,47.7950266542,48.4006077176,534900,0.0,1.0
4371,2014-05-16T00:00:00.000Z,53.04,53.1,51.86,52.45,250900,48.6666963666,48.7217491906,47.5839908291,48.1253435979,250900,0.0,1.0
4372,2014-05-19T00:00:00.000Z,53.22,53.63,52.97,52.99,304900,48.8318548385,49.2080491354,48.602468072,48.6208190134,304900,0.0,1.0
4373,2014-05-20T00:00:00.000Z,52.66,53.05,52.12,53.05,388200,48.3180284817,48.6758718373,47.8225530662,48.6758718373,388200,0.0,1.0
4374,2014-05-21T00:00:00.000Z,53.05,53.37,52.77,52.82,279900,48.6758718373,48.9694868983,48.4189586589,48.4648360122,279900,0.0,1.0
4375,2014-05-22T00:00:00.000Z,53.24,53.56,52.64,52.99,283900,48.8502057798,49.1438208408,48.2996775403,48.6208190134,283900,0.0,1.0
4376,2014-05-23T00:00:00.000Z,53.38,53.47,52.95,53.2,145300,48.978662369,49.0612416049,48.5841171307,48.8135038972,145300,0.0,1.0
4377,2014-05-27T00:00:00.000Z,53.9,54.06,52.9,53.5,230800,49.4557868432,49.6025943737,48.5382397774,49.0887680169,230800,0.0,1.0
4378,2014-05-28T00:00:00.000Z,53.75,54.0,53.43,53.73,152200,49.3181547833,49.5475415497,49.0245397223,49.299803842,152200,0.0,1.0
4379,2014-05-29T00:00:00.000Z,53.65,53.94,53.4,53.83,152600,49.2264000767,49.4924887258,48.9970133103,49.3915585486,152600,0.0,1.0
4380,2014-05-30T00:00:00.000Z,53.52,53.79,53.1,53.79,192500,49.1071189582,49.3548566659,48.7217491906,49.3548566659,192500,0.0,1.0
4381,2014-06-02T00:00:00.000Z,52.64,53.45,52.57,53.45,256700,48.2996775403,49.0428906636,48.2354492457,49.0428906636,256700,0.0,1.0
4382,2014-06-03T00:00:00.000Z,52.16,52.48,51.23,52.04,592000,48.0519398326,48.3467370095,47.1951855373,47.9413908913,592000,0.21,1.0
4383,2014-06-04T00:00:00.000Z,52.53,52.63,51.59,51.96,195100,48.3927990684,48.4849231862,47.5268323613,47.867691597,195100,0.0,1.0
4384,2014-06-05T00:00:00.000Z,52.88,53.45,52.11,52.71,277000,48.7152334806,49.2403409519,48.0058777737,48.5586224804,277000,0.0,1.0
4385,2014-06-06T00:00:00.000Z,52.91,53.6,52.83,53.18,166400,48.7428707159,49.3785271286,48.6691714217,48.9916058339,166400,0.0,1.0
4386,2014-06-09T00:00:00.000Z,53.24,53.5,52.66,52.93,152800,49.0468803046,49.2864030108,48.5125604215,48.7612955395,152800,0.0,1.0
4387,2014-06-10T00:00:00.000Z,52.97,53.09,52.41,52.99,168600,48.7981451866,48.9086941279,48.282250127,48.8165700102,168600,0.0,1.0
4388,2014-06-11T00:00:00.000Z,52.71,53.17,52.25,52.63,163400,48.5586224804,48.9823934221,48.1348515386,48.4849231862,163400,0.0,1.0
4389,2014-06-12T00:00:00.000Z,52.14,52.53,51.99,52.49,106200,48.033515009,48.3927990684,47.8953288324,48.3559494213,106200,0.0,1.0
4390,2014-06-13T00:00:00.000Z,51.95,52.52,51.79,52.3,136300,47.8584791853,48.3835866566,47.7110805968,48.1809135975,136300,0.0,1.0
4391,2014-06-16T00:00:00.000Z,51.97,52.47,51.75,51.94,219000,47.8769040088,48.3375245977,47.6742309497,47.8492667735,219000,0.0,1.0
4392,2014-06-17T00:00:00.000Z,51.96,52.62,51.8,52.09,366700,47.867691597,48.4757107744,47.7202930086,47.9874529502,366700,0.0,1.0
4393,2014-06-18T00:00:00.000Z,52.24,52.4,51.75,52.04,198900,48.1256391268,48.2730377153,47.6742309497,47.9413908913,198900,0.0,1.0
4394,2014-06-19T00:00:00.000Z,52.61,52.79,52.22,52.36,121800,48.4664983626,48.6323217746,48.1072143033,48.2361880682,121800,0.0,1.0
4395,2014-06-20T00:00:00.000Z,53.22,53.27,52.3,52.82,414600,49.028455481,49.0745175399,48.1809135975,48.6599590099,414600,0.0,1.0
4396,2014-06-23T00:00:00.000Z,52.73,53.44,52.52,53.44,186400,48.5770473039,49.2311285401,48.3835866566,49.2311285401,186400,0.0,1.0
4397,2014-06-24T00:00:00.000Z,53.02,53.54,52.38,52.49,335200,48.8442072455,49.3232526579,48.2546128917,48.3559494213,335200,0.0,1.0
4398,2014-06-25T00:00:00.000Z,53.68,53.69,52.86,52.86,241700,49.4522264228,49.4614388346,48.696808657,48.696808657,241700,0.0,1.0
4399,2014-06-26T00:00:00.000Z,53.44,53.73,53.04,53.73,217300,49.2311285401,49.4982884817,48.862632069,49.4982884817,217300,0.0,1.0
4400,2014-06-27T00:00:00.000Z,53.46,53.7,52.86,53.06,344100,49.2495533637,49.4706512464,48.696808657,48.8810568926,344100,0.0,1.0
4401,2014-06-30T00:00:00.000Z,53.48,53.57,52.64,53.4,321600,49.2679781873,49.3508898933,48.4941355979,49.194278893,321600,0.0,1.0
4402,2014-07-01T00:00:00.000Z,54.44,54.99,53.68,53.68,385600,50.1523697179,50.6590523657,49.4522264228,49.4522264228,385600,0.0,1.0
4403,2014-07-02T00:00:00.000Z,54.18,54.64,53.93,54.22,265300,49.9128470117,50.3366179535,49.6825367173,49.9496966588,265300,0.0,1.0
4404,2014-07-03T00:00:00.000Z,54.7,54.75,54.05,54.27,119000,50.3918924241,50.437954483,49.7930856586,49.9957587177,119000,0.0,1.0
4405,2014-07-07T00:00:00.000Z,53.85,54.45,53.76,54.42,175200,49.608837423,50.1615821297,49.525925717,50.1339448944,175200,0.0,1.0
4406,2014-07-08T00:00:00.000Z,53.58,53.69,52.8,53.69,273200,49.360102305,49.4614388346,48.6415341864,49.4614388346,273200,0.0,1.0
4407,2014-07-09T00:00:00.000Z,53.85,54.14,53.59,53.77,148100,49.608837423,49.8759973646,49.3693147168,49.5351381288,148100,0.0,1.0
4408,2014-07-10T00:00:00.000Z,53.51,53.74,52.76,52.89,200900,49.2956154226,49.5075008935,48.6046845393,48.7244458924,200900,0.0,1.0
4409,2014-07-11T00:00:00.000Z,54.38,54.48,53.42,53.77,286600,50.0970952473,50.189219365,49.2127037166,49.5351381288,286600,0.0,1.0
4410,2014-07-14T00:00:00.000Z,54.19,54.66,54.02,54.66,133700,49.9220594235,50.355042777,49.7654484233,50.355042777,133700,0.0,1.0
4411,2014-07-15T00:00:00.000Z,53.49,54.32,53.15,54.16,201200,49.277190599,50.0418207766,48.9639685986,49.8944221881,201200,0.0,1.0
4412,2014-07-16T00:00:00.000Z,53.01,53.85,52.52,53.85,352400,48.8349948337,49.608837423,48.3835866566,49.608837423,352400,0.0,1.0
4413,2014-07-17T00:00:00.000Z,52.7,53.16,52.34,52.72,270800,48.5494100686,48.9731810104,48.2177632446,48.5678348922,270800,0.0,1.0
4414,2014-07-18T00:00:00.000Z,53.49,53.62,52.5,52.58,190200,49.277190599,49.3969519521,48.365161833,48.4388611273,190200,0.0,1.0
4415,2014-07-21T00:00:00.000Z,52.98,53.17,52.4,53.13,211500,48.8073575984,48.9823934221,48.2730377153,48.945543775,211500,0.0,1.0
4416,2014-07-22T00:00:00.000Z,53.94,54.34,53.18,53.18,226200,49.691749129,50.0602456001,48.9916058339,48.9916058339,226200,0.0,1.0
4417,2014-07-23T00:00:00.000Z,53.66,54.1,53.46,53.94,143000,49.4338015993,49.8391477175,49.2495533637,49.691749129,143000,0.0,1.0
4418,2014-07-24T00:00:00.000Z,53.27,53.68,53.13,53.65,241800,49.0745175399,49.4522264228,48.945543775,49.4245891875,241800,0.0,1.0
4419,2014-07-25T00:00:00.000Z,52.7,52.97,52.33,52.81,174200,48.5494100686,48.7981451866,48.2085508328,48.6507465982,174200,0.0,1.0
4420,2014-07-28T00:00:00.000Z,52.7,52.83,52.06,52.75,191100,48.5494100686,48.6691714217,47.9598157148,48.5954721275,191100,0.0,1.0
4421,2014-07-29T00:00:00.000Z,52.41,52.9,52.14,52.7,227700,48.282250127,48.7336583042,48.033515009,48.5494100686,227700,0.0,1.0
4422,2014-07-30T00:00:00.000Z,52.21,53.16,52.18,52.82,294600,48.0980018915,48.9731810104,48.0703646562,48.6599590099,294600,0.0,1.0
4423,2014-07-31T00:00:00.000Z,50.88,52.02,50.87,51.74,358200,46.8727511251,47.9229660677,46.8635387133,47.6650185379,358200,0.0,1.0
4424,2014-08-01T00:00:00.000Z,50.43,51.14,50.31,50.91,475000,46.4581925951,47.1122738313,46.3476436537,46.9003883604,475000,0.0,1.0
4425,2014-08-04T00:00:00.000Z,51.39,51.77,49.78,50.58,590300,47.3425841257,47.6926557733,45.8593858295,46.5963787717,590300,0.0,1.0
4426,2014-08-05T00:00:00.000Z,52.2,53.41,50.94,52.8,370100,48.0887894797,49.2034913048,46.9280255957,48.6415341864,370100,0.0,1.0
4427,2014-08-06T00:00:00.000Z,51.53,52.57,51.44,51.85,296900,47.4715578906,48.4296487155,47.3886461846,47.7663550675,296900,0.0,1.0
4428,2014-08-07T00:00:00.000Z,51.0,51.81,50.74,51.61,238600,46.9833000664,47.7295054204,46.7437773602,47.5452571848,238600,0.0,1.0
4429,2014-08-08T00:00:00.000Z,51.53,51.73,50.72,50.99,229500,47.4715578906,47.6558061262,46.7253525366,46.9740876546,229500,0.0,1.0
4430,2014-08-11T00:00:00.000Z,51.73,52.3,51.4,51.86,171400,47.6558061262,48.1809135975,47.3517965375,47.7755674793,171400,0.0,1.0
4431,2014-08-12T00:00:00.000Z,52.41,52.42,51.68,51.76,360200,48.282250127,48.2914625388,47.6097440673,47.6834433615,360200,0.0,1.0
4432,2014-08-13T00:00:00.000Z,53.3,53.34,52.57,52.65,280300,49.1021547753,49.1390044224,48.4296487155,48.5033480097,280300,0.0,1.0
4433,2014-08-14T00:00:00.000Z,53.56,53.81,53.35,53.59,316100,49.3416774815,49.5719877759,49.1482168341,49.3693147168,316100,0.0,1.0
4434,2014-08-15T00:00:00.000Z,53.67,54.09,53.32,54.06,306100,49.443014011,49.8299353057,49.1205795988,49.8022980704,306100,0.0,1.0
4435,2014-08-18T00:00:00.000Z,54.65,54.67,54.06,54.24,258600,50.3458303653,50.3642551888,49.8022980704,49.9681214824,258600,0.0,1.0
4436,2014-08-19T00:00:00.000Z,55.01,55.02,54.52,54.72,244400,50.6774771893,50.686689601,50.2260690121,50.4103172477,244400,0.0,1.0
4437,2014-08-20T00:00:00.000Z,55.0,55.08,54.58,54.7,166700,50.6682647775,50.7419640717,50.2813434828,50.3918924241,166700,0.0,1.0
4438,2014-08-21T00:00:00.000Z,55.46,55.5,54.5,54.96,217000,51.0920357192,51.1288853664,50.2076441886,50.6314151304,217000,0.0,1.0
4439,2014-08-22T00:00:00.000Z,55.35,55.55,55.09,55.16,280900,51.2025846606,51.3875985166,50.9620666477,51.0268214973,280900,0.23,1.0
4440,2014-08-25T00:00:00.000Z,55.86,55.95,55.56,55.56,269900,51.6743699935,51.7576262287,51.3968492094,51.3968492094,269900,0.0,1.0
4441,2014-08-26T00:00:00.000Z,56.09,56.3,55.88,55.93,381200,51.8871359279,52.0814004768,51.6928713791,51.7391248431,381200,0.0,1.0
4442,2014-08-27T00:00:00.000Z,55.94,56.24,55.87,56.24,222800,51.7483755359,52.02589632,51.6836206863,52.02589632,222800,0.0,1.0
4443,2014-08-28T00:00:00.000Z,55.8,55.87,55.14,55.64,177600,51.6188658367,51.6836206863,51.0083201117,51.4708547518,177600,0.0,1.0
4444,2014-08-29T00:00:00.000Z,56.29,56.37,55.61,55.78,175700,52.072149784,52.1461553264,51.4431026734,51.6003644511,175700,0.0,1.0
4445,2014-09-02T00:00:00.000Z,57.14,57.24,56.19,56.5,341700,52.8584586722,52.9509656002,51.979642856,52.2664143328,341700,0.0,1.0
4446,2014-09-03T00:00:00.000Z,56.61,57.72,56.52,57.22,219200,52.3681719537,53.3949988547,52.2849157184,52.9324642146,219200,0.0,1.0
4447,2014-09-04T00:00:00.000Z,56.48,57.08,56.27,56.73,203400,52.2479129472,52.8029545154,52.0536483984,52.4791802673,203400,0.0,1.0
4448,2014-09-05T00:00:00.000Z,56.94,57.07,55.96,56.42,220700,52.6734448161,52.7937038226,51.7668769215,52.1924087904,220700,0.0,1.0
4449,2014-09-08T00:00:00.000Z,57.0,57.16,56.59,56.97,189600,52.728948973,52.8769600578,52.3496705681,52.7011968945,189600,0.0,1.0
4450,2014-09-09T00:00:00.000Z,56.47,57.36,56.29,57.1,155200,52.2386622544,53.0619739138,52.072149784,52.821455901,155200,0.0,1.0
4451,2014-09-10T00:00:00.000Z,56.47,57.01,56.15,56.37,157500,52.2386622544,52.7381996658,51.9426400848,52.1461553264,157500,0.0,1.0
4452,2014-09-11T00:00:00.000Z,57.05,57.1,56.1,56.1,276800,52.775202437,52.821455901,51.8963866208,51.8963866208,276800,0.0,1.0
4453,2014-09-12T00:00:00.000Z,56.45,57.17,56.24,56.9,361900,52.2201608688,52.8862107506,52.02589632,52.6364420449,361900,0.0,1.0
4454,2014-09-15T00:00:00.000Z,56.58,56.95,55.99,56.59,315300,52.3404198753,52.6826955089,51.7946289999,52.3496705681,315300,0.0,1.0
4455,2014-09-16T00:00:00.000Z,56.65,57.12,56.24,56.58,313000,52.4051747249,52.8399572866,52.02589632,52.3404198753,313000,0.0,1.0
4456,2014-09-17T00:00:00.000Z,56.21,56.6,55.94,56.53,200700,51.9981442416,52.3589212609,51.7483755359,52.2941664112,200700,0.0,1.0
4457,2014-09-18T00:00:00.000Z,56.4,56.65,56.16,56.53,148100,52.1739074048,52.4051747249,51.9518907776,52.2941664112,148100,0.0,1.0
4458,2014-09-19T00:00:00.000Z,56.0,56.95,55.82,56.47,438300,51.8038796927,52.6826955089,51.6373672223,52.2386622544,438300,0.0,1.0
4459,2014-09-22T00:00:00.000Z,55.51,55.7,55.14,55.68,169913,51.3505957454,51.5263589087,51.0083201117,51.5078575231,169913,0.0,1.0
4460,2014-09-23T00:00:00.000Z,55.15,55.5,54.92,55.05,335295,51.0175708045,51.3413450526,50.8048048701,50.9250638765,335295,0.0,1.0
4461,2014-09-24T00:00:00.000Z,55.63,55.66,55.075,55.42,231066,51.461604059,51.4893561375,50.9481906085,51.2673395102,231066,0.0,1.0
4462,2014-09-25T00:00:00.000Z,54.65,55.59,54.64,55.32,231377,50.5550361644,51.4246012878,50.5457854716,51.1748325822,231377,0.0,1.0
4463,2014-09-26T00:00:00.000Z,54.52,54.96,54.35,54.68,227838,50.434777158,50.8418076413,50.2775153804,50.5827882428,227838,0.0,1.0
4464,2014-09-29T00:00:00.000Z,54.5,54.73,53.77,53.94,332087,50.4162757724,50.6290417068,49.7409751978,49.8982369755,332087,0.0,1.0
4465,2014-09-30T00:00:00.000Z,53.96,54.67,53.93,54.6,386962,49.9167383611,50.57353755,49.8889862827,50.5087827004,386962,0.0,1.0
4466,2014-10-01T00:00:00.000Z,53.9,54.48,53.64,54.0,373073,49.8612342043,50.3977743868,49.6207161914,49.9537411323,373073,0.0,1.0
4467,2014-10-02T00:00:00.000Z,53.93,54.31,53.6,53.94,229272,49.8889862827,50.2405126091,49.5837134202,49.8982369755,229272,0.0,1.0
4468,2014-10-03T00:00:00.000Z,54.63,54.87,54.02,54.29,180035,50.5365347788,50.7585514061,49.9722425179,50.2220112235,180035,0.0,1.0
4469,2014-10-06T00:00:00.000Z,55.26,55.4,54.79,54.96,221236,51.1193284254,51.2488381246,50.6845458637,50.8418076413,221236,0.0,1.0
4470,2014-10-07T00:00:00.000Z,56.16,56.4,54.76,54.94,578526,51.9518907776,52.1739074048,50.6567937852,50.8233062557,578526,0.0,1.0
4471,2014-10-08T00:00:00.000Z,57.69,57.77,55.91,56.1,566971,53.3672467763,53.4412523187,51.7206234575,51.8963866208,566971,0.0,1.0
4472,2014-10-09T00:00:00.000Z,57.5,57.7,56.93,57.49,1096561,53.1914836131,53.3764974691,52.6641941233,53.1822329203,1096561,0.0,1.0
4473,2014-10-10T00:00:00.000Z,56.38,58.15,56.36,57.35,648535,52.1554060192,53.7927786452,52.1369046336,53.052723221,648535,0.0,1.0
4474,2014-10-13T00:00:00.000Z,56.56,57.82,55.35,57.6,3554872,52.3219184897,53.4875057827,51.2025846606,53.2839905411,3554872,0.0,1.0
4475,2014-10-14T00:00:00.000Z,54.99,56.65,54.84,56.65,1551171,50.8695597197,52.4051747249,50.7307993277,52.4051747249,1551171,0.0,1.0
4476,2014-10-15T00:00:00.000Z,54.93,55.2,52.29,53.9,1478895,50.8140555629,51.0638242685,48.3718726631,49.8612342043,1478895,0.0,1.0
4477,2014-10-16T00:00:00.000Z,54.99,55.27,54.0,54.52,686432,50.8695597197,51.1285791182,49.9537411323,50.434777158,686432,0.0,1.0
4478,2014-10-17T00:00:00.000Z,54.59,55.44,54.18,55.43,652009,50.4995320076,51.2858408958,50.1202536027,51.276590203,652009,0.0,1.0
4479,2014-10-20T00:00:00.000Z,56.26,56.29,54.51,54.51,531176,52.0443977056,52.072149784,50.4255264652,50.4255264652,531176,0.0,1.0
4480,2014-10-21T00:00:00.000Z,56.68,56.87,56.22,56.5,484290,52.4329268033,52.6086899665,52.0073949344,52.2664143328,484290,0.0,1.0
4481,2014-10-22T00:00:00.000Z,58.96,59.21,56.97,57.5,1054723,54.5420847622,54.7733520823,52.7011968945,53.1914836131,1054723,0.0,1.0
4482,2014-10-23T00:00:00.000Z,60.35,61.13,59.114,59.6,833654,55.8279310617,56.5494851003,54.6845454314,55.1341291015,833654,0.0,1.0
4483,2014-10-24T00:00:00.000Z,59.6,60.63,59.48,60.61,432174,55.1341291015,56.0869504602,55.0231207879,56.0684490746,432174,0.0,1.0
4484,2014-10-27T00:00:00.000Z,59.68,59.81,59.06,59.5,380843,55.208134644,55.3283936504,54.6345916902,55.0416221735,380843,0.0,1.0
4485,2014-10-28T00:00:00.000Z,60.35,60.4,59.44,59.76,517506,55.8279310617,55.8741845257,54.9861180167,55.2821401864,517506,0.0,1.0
4486,2014-10-29T00:00:00.000Z,60.42,61.09,59.69,60.34,371420,55.8926859113,56.5124823291,55.2173853368,55.8186803689,371420,0.0,1.0
4487,2014-10-30T00:00:00.000Z,60.84,61.34,59.92,60.12,342125,56.281215009,56.7437496491,55.4301512712,55.6151651273,342125,0.0,1.0
4488,2014-10-31T00:00:00.000Z,61.8,61.96,60.8401,61.74,368077,57.169281518,57.3172926029,56.281307516,57.1137773612,368077,0.0,1.0
4489,2014-11-03T00:00:00.000Z,60.52,62.0,60.36,61.8,467310,55.9851928394,57.3542953741,55.8371817545,57.169281518,467310,0.0,1.0
4490,2014-11-04T00:00:00.000Z,62.44,62.6,60.07,60.07,1028085,57.7613258574,57.9093369422,55.5689116633,55.5689116633,1028085,0.0,1.0
4491,2014-11-05T00:00:00.000Z,62.66,64.9,62.54,63.14,944942,57.964841099,60.0369962868,57.8538327854,58.4088743536,944942,0.0,1.0
4492,2014-11-06T00:00:00.000Z,62.98,63.29,62.698,62.94,505325,58.2608632687,58.5476347456,57.9999937317,58.2238604975,505325,0.0,1.0
4493,2014-11-07T00:00:00.000Z,62.42,63.01,61.9,62.88,377197,57.7428244718,58.2886153471,57.2617884461,58.1683563407,377197,0.0,1.0
4494,2014-11-10T00:00:00.000Z,63.64,63.675,62.25,62.58,422500,58.8714089937,58.9037864185,57.5855626941,57.8908355566,422500,0.0,1.0
4495,2014-11-11T00:00:00.000Z,64.49,64.68,63.55,63.57,509689,59.6577178819,59.8334810451,58.7881527584,58.806654144,509689,0.0,1.0
4496,2014-11-12T00:00:00.000Z,64.44,64.8799,63.98,64.37,382470,59.6114644178,60.0184023942,59.1859325489,59.5467095682,382470,0.0,1.0
4497,2014-11-13T00:00:00.000Z,64.93,65.03,64.1996,64.66,369068,60.0647483652,60.1572552932,59.3890777629,59.8149796595,369068,0.0,1.0
4498,2014-11-14T00:00:00.000Z,63.61,64.94,62.82,64.76,355044,58.8436569153,60.073999058,58.1128521839,59.9074865875,355044,0.0,1.0
4499,2014-11-17T00:00:00.000Z,63.27,63.99,63.11,63.78,365864,58.52913336,59.1951832417,58.3811222751,59.0009186929,365864,0.0,1.0
4500,2014-11-18T00:00:00.000Z,62.91,63.97,62.4,63.41,862059,58.1961084191,59.1766818561,57.7243230862,58.6586430592,862059,0.0,1.0
4501,2014-11-19T00:00:00.000Z,62.19,63.3,61.88,62.92,415696,57.5300585373,58.5568854384,57.2432870605,58.2053591119,415696,0.0,1.0
4502,2014-11-20T00:00:00.000Z,62.06,62.23,61.26,61.74,550531,57.4097995309,57.5670613085,56.6697441067,57.1137773612,550531,0.0,1.0
4503,2014-11-21T00:00:00.000Z,62.1,62.75,61.86,62.59,373654,57.4468023021,58.0480973343,57.2247856749,57.9000862494,373654,0.0,1.0
4504,2014-11-24T00:00:00.000Z,63.3,63.33,61.7,61.86,336254,58.7696513728,58.7975042882,57.2841625546,57.4327114364,336254,0.23,1.0
4505,2014-11-25T00:00:00.000Z,62.51,63.42,61.9,63.23,504960,58.0361912688,58.8810630342,57.4698486569,58.704661237,504960,0.0,1.0
4506,2014-11-26T00:00:00.000Z,63.21,63.38,62.28,62.65,315817,58.6860926268,58.8439258138,57.8226522512,58.1661715404,315817,0.0,1.0
4507,2014-11-28T00:00:00.000Z,63.75,64.46,63.26,63.63,295231,59.187445103,59.8466307661,58.7325141524,59.0760334416,295231,0.0,1.0
4508,2014-12-01T00:00:00.000Z,63.3,63.92,63.12,63.75,550556,58.7696513728,59.3452782899,58.6025338808,59.187445103,550556,0.0,1.0
4509,2014-12-02T00:00:00.000Z,63.85,64.1,63.18,63.51,402481,59.2802881541,59.512395782,58.6582397115,58.9646217802,402481,0.0,1.0
4510,2014-12-03T00:00:00.000Z,63.82,64.22,63.25,63.76,408334,59.2524352388,59.6238074433,58.7232298473,59.1967294081,408334,0.0,1.0
4511,2014-12-04T00:00:00.000Z,63.5,64.02,62.85,63.64,267299,58.9553374751,59.4381213411,58.3518576427,59.0853177467,267299,0.0,1.0
4512,2014-12-05T00:00:00.000Z,65.2,65.35,63.25,63.45,554224,60.5336693445,60.6729339212,58.7232298473,58.9089159496,554224,0.0,1.0
4513,2014-12-08T00:00:00.000Z,65.17,65.94,64.79,65.13,392468,60.5058164292,61.220707923,60.1530128349,60.4686792087,392468,0.0,1.0
4514,2014-12-09T00:00:00.000Z,67.71,67.9292,65.17,65.85,1230708,62.8640299282,63.0675418963,60.5058164292,61.137149177,1230708,0.0,1.0
4515,2014-12-10T00:00:00.000Z,66.0,68.04,65.99,67.64,717512,61.2764137537,63.170411997,61.2671294486,62.7990397924,717512,0.0,1.0
4516,2014-12-11T00:00:00.000Z,66.3,66.96,65.99,66.11,605513,61.5549429071,62.1677070446,61.2671294486,61.3785411099,605513,0.0,1.0
4517,2014-12-12T00:00:00.000Z,65.55,66.4,65.41,65.71,486215,60.8586200235,61.6477859582,60.7286397519,61.0071689054,486215,0.0,1.0
4518,2014-12-15T00:00:00.000Z,65.0,66.26,64.01,66.0,492144,60.3479832423,61.5178056866,59.4288370359,61.2764137537,492144,0.0,1.0
4519,2014-12-16T00:00:00.000Z,63.66,65.95,63.6,64.86,823545,59.103886357,61.2299922281,59.0481805263,60.2180029707,823545,0.0,1.0
4520,2014-12-17T00:00:00.000Z,65.3,65.36,63.21,63.9,662669,60.6265123957,60.6822182264,58.6860926268,59.3267096797,662669,0.0,1.0
4521,2014-12-18T00:00:00.000Z,65.43,66.07,64.81,65.98,546080,60.7472083622,61.3414038895,60.1715814451,61.2578451434,546080,0.0,1.0
4522,2014-12-19T00:00:00.000Z,66.64,66.74,65.06,65.73,995374,61.870609281,61.9634523321,60.4036890729,61.0257375156,995374,0.0,1.0
4523,2014-12-22T00:00:00.000Z,66.58,66.92,65.59,66.45,282412,61.8149034503,62.1305698242,60.895757244,61.6942074838,282412,0.0,1.0
4524,2014-12-23T00:00:00.000Z,65.91,67.08,65.23,67.08,337377,61.1928550076,62.279118706,60.5615222599,62.279118706,337377,0.0,1.0
4525,2014-12-24T00:00:00.000Z,66.76,66.992,65.9,66.16,134145,61.9820209424,62.197416821,61.1835707025,61.4249626355,134145,0.0,1.0
4526,2014-12-26T00:00:00.000Z,66.7,67.35,66.58,67.07,165175,61.9263151117,62.5297949441,61.8149034503,62.2698344009,165175,0.0,1.0
4527,2014-12-29T00:00:00.000Z,66.33,66.76,65.8,66.54,250784,61.5827958224,61.9820209424,61.0907276514,61.7777662298,250784,0.0,1.0
4528,2014-12-30T00:00:00.000Z,65.84,66.84,65.56,66.33,268792,61.1278648718,62.0562953833,60.8679043286,61.5827958224,268792,0.0,1.0
4529,2014-12-31T00:00:00.000Z,64.85,66.74,64.84,66.12,273874,60.2087186655,61.9634523321,60.1994343604,61.387825415,273874,0.0,1.0
4530,2015-01-02T00:00:00.000Z,65.16,66.07,64.7,65.1,449733,60.4965321241,61.3414038895,60.0694540888,60.4408262934,449733,0.0,1.0
4531,2015-01-05T00:00:00.000Z,64.51,65.61,64.09,64.94,397760,59.8930522917,60.9143258542,59.5031114769,60.2922774116,397760,0.0,1.0
4532,2015-01-06T00:00:00.000Z,64.55,65.188,63.76,64.81,492514,59.9301895121,60.5225281784,59.1967294081,60.1715814451,492514,0.0,1.0
4533,2015-01-07T00:00:00.000Z,65.07,65.43,64.64,65.0,394895,60.4129733781,60.7472083622,60.0137482581,60.3479832423,394895,0.0,1.0
4534,2015-01-08T00:00:00.000Z,66.78,66.84,65.05,65.68,681000,62.0005895526,62.0562953833,60.3944047678,60.97931599,681000,0.0,1.0
4535,2015-01-09T00:00:00.000Z,66.05,66.86,65.98,66.78,372578,61.3228352792,62.0748639935,61.2578451434,62.0005895526,372578,0.0,1.0
4536,2015-01-12T00:00:00.000Z,64.78,66.298,64.7601,66.25,565873,60.1437285297,61.5530860461,60.1252527626,61.5085213815,565873,0.0,1.0
4537,2015-01-13T00:00:00.000Z,64.78,65.92,63.99,65.12,497213,60.1437285297,61.2021393128,59.4102684257,60.4593949036,497213,0.0,1.0
4538,2015-01-14T00:00:00.000Z,64.17,64.7,63.51,64.21,473081,59.5773859178,60.0694540888,58.9646217802,59.6145231382,473081,0.0,1.0
4539,2015-01-15T00:00:00.000Z,63.28,64.5848,63.15,64.3,396514,58.7510827626,59.9624988939,58.6303867961,59.6980818843,396514,0.0,1.0
4540,2015-01-16T00:00:00.000Z,64.69,64.89,62.99,62.99,441712,60.0601697837,60.245855886,58.4818379143,58.4818379143,441712,0.0,1.0
4541,2015-01-20T00:00:00.000Z,64.35,65.41,63.84,65.0,399785,59.7445034098,60.7286397519,59.271003849,60.3479832423,399785,0.0,1.0
4542,2015-01-21T00:00:00.000Z,64.53,65.05,64.0,64.38,347539,59.9116209019,60.3944047678,59.4195527308,59.7723563252,347539,0.0,1.0
4543,2015-01-22T00:00:00.000Z,66.01,66.03,64.14,64.95,313435,61.2856980588,61.304266669,59.5495330024,60.3015617167,313435,0.0,1.0
4544,2015-01-23T00:00:00.000Z,66.18,66.57,65.47,66.01,328253,61.4435312457,61.8056191452,60.7843455826,61.2856980588,328253,0.0,1.0
4545,2015-01-26T00:00:00.000Z,67.23,67.29,65.26,66.0,507423,62.4183832827,62.4740891134,60.5893751752,61.2764137537,507423,0.0,1.0
4546,2015-01-27T00:00:00.000Z,66.69,67.1,66.1501,66.7,331871,61.9170308066,62.2976873162,61.4157711734,61.9263151117,331871,0.0,1.0
4547,2015-01-28T00:00:00.000Z,65.36,67.106,65.18,66.72,453368,60.6822182264,62.3032578993,60.5151007343,61.9448837219,453368,0.0,1.0
4548,2015-01-29T00:00:00.000Z,66.49,66.53,65.02,65.53,318836,61.7313447043,61.7684819247,60.3665518525,60.8400514133,318836,0.0,1.0
4549,2015-01-30T00:00:00.000Z,65.22,66.39,64.81,66.11,653156,60.5522379548,61.6385016531,60.1715814451,61.3785411099,653156,0.0,1.0
4550,2015-02-02T00:00:00.000Z,64.87,65.305,63.7,65.22,436213,60.2272872758,60.6311545482,59.1410235774,60.5522379548,436213,0.0,1.0
4551,2015-02-03T00:00:00.000Z,67.0,67.15,65.06,65.3,536447,62.2048442651,62.3441088418,60.4036890729,60.6265123957,536447,0.0,1.0
4552,2015-02-04T00:00:00.000Z,67.15,68.0,66.32,67.69,670419,62.3441088418,63.1332747765,61.5735115173,62.845461318,670419,0.0,1.0
4553,2015-02-05T00:00:00.000Z,67.73,67.98,66.65,67.53,388728,62.8825985384,63.1147061663,61.8798935861,62.6969124361,388728,0.0,1.0
4554,2015-02-06T00:00:00.000Z,66.98,67.99,66.62,67.64,408431,62.1862756549,63.1239904714,61.8520406708,62.7990397924,408431,0.0,1.0
4555,2015-02-09T00:00:00.000Z,65.65,66.98,65.5,66.64,396680,60.9514630747,62.1862756549,60.812198498,61.870609281,396680,0.0,1.0
4556,2015-02-10T00:00:00.000Z,66.1,66.43,65.06,66.33,714117,61.3692568048,61.6756388736,60.4036890729,61.5827958224,714117,0.0,1.0
4557,2015-02-11T00:00:00.000Z,65.83,66.36,65.41,66.14,356703,61.1185805667,61.6106487378,60.7286397519,61.4063940253,356703,0.0,1.0
4558,2015-02-12T00:00:00.000Z,65.85,66.3766,65.3901,66.11,305616,61.137149177,61.6260606843,60.7101639848,61.3785411099,305616,0.0,1.0
4559,2015-02-13T00:00:00.000Z,65.5,66.266,65.04,65.71,354164,60.812198498,61.5233762697,60.3851204627,61.0071689054,354164,0.0,1.0
4560,2015-02-17T00:00:00.000Z,65.32,65.54,64.76,65.34,349286,60.6450810059,60.8493357184,60.1251599195,60.6636496161,349286,0.0,1.0
4561,2015-02-18T00:00:00.000Z,65.99,66.02,64.52,65.21,494447,61.2671294486,61.2949823639,59.9023365968,60.5429536497,494447,0.0,1.0
4562,2015-02-19T00:00:00.000Z,65.35,66.17,65.14,65.96,214047,60.6729339212,61.4342469406,60.4779635139,61.2392765332,214047,0.0,1.0
4563,2015-02-20T00:00:00.000Z,66.38,66.83,64.92,65.37,392292,61.629217348,62.0470110782,60.2737088013,60.6915025315,392292,0.0,1.0
4564,2015-02-23T00:00:00.000Z,65.54,66.6699,64.89,66.16,470112,61.062874736,62.1155897523,60.4572771074,61.6405217049,470112,0.23,1.0
4565,2015-02-24T00:00:00.000Z,65.36,65.53,64.72,65.45,407148,60.8951707774,61.0535578495,60.2988900354,60.9790227567,407148,0.0,1.0
4566,2015-02-25T00:00:00.000Z,64.8,65.86,64.47,65.35,266698,60.3734251281,61.361015107,60.0659678705,60.8858538908,266698,0.0,1.0
4567,2015-02-26T00:00:00.000Z,64.29,64.75,64.05,64.62,612478,59.8982639118,60.3268406951,59.6746586336,60.2057211694,612478,0.0,1.0
4568,2015-02-27T00:00:00.000Z,64.52,64.95,63.7,64.18,412811,60.1125523035,60.513178427,59.3485676028,59.7957781593,412811,0.0,1.0
4569,2015-03-02T00:00:00.000Z,64.99,65.03,63.59,64.68,530762,60.5504459734,60.5877135198,59.2460818502,60.261622489,530762,0.0,1.0
4570,2015-03-03T00:00:00.000Z,63.42,64.87,63.28,64.87,576870,59.0876947782,60.4386433343,58.9572583658,60.4386433343,576870,0.0,1.0
4571,2015-03-04T00:00:00.000Z,63.29,63.92,62.56,63.18,363412,58.9665752524,59.5535391078,58.2864425311,58.8640894999,363412,0.0,1.0
4572,2015-03-05T00:00:00.000Z,64.26,64.35,62.82,62.97,314940,59.870313252,59.9541652314,58.5286815825,58.6684348814,314940,0.0,1.0
4573,2015-03-06T00:00:00.000Z,63.38,63.94,62.97,63.71,614140,59.0504272318,59.572172881,58.6684348814,59.3578844894,614140,0.0,1.0
4574,2015-03-09T00:00:00.000Z,63.88,64.04,62.97,63.55,497964,59.5162715615,59.665341747,58.6684348814,59.2088143039,497964,0.0,1.0
4575,2015-03-10T00:00:00.000Z,64.8,65.23,63.01,63.25,1247081,60.3734251281,60.7740512516,58.7057024278,58.9293077061,1247081,0.0,1.0
4576,2015-03-11T00:00:00.000Z,64.28,65.0,63.71,64.99,662418,59.8889470252,60.55976286,59.3578844894,60.5504459734,662418,0.0,1.0
4577,2015-03-12T00:00:00.000Z,65.2,65.36,64.21,64.56,407759,60.7461005919,60.8951707774,59.8237288191,60.1498198498,407759,0.0,1.0
4578,2015-03-13T00:00:00.000Z,65.9,66.04,64.55,65.14,456094,61.3982826534,61.5287190657,60.1405029633,60.6901992723,456094,0.0,1.0
4579,2015-03-16T00:00:00.000Z,67.96,68.36,65.97,65.97,791152,63.3175612918,63.6902367555,61.4635008596,61.4635008596,791152,0.0,1.0
4580,2015-03-17T00:00:00.000Z,67.44,67.88,67.25,67.88,442466,62.8330831889,63.243026199,62.6560623436,63.243026199,442466,0.0,1.0
4581,2015-03-18T00:00:00.000Z,67.08,67.6,66.62,67.33,574421,62.4976752715,62.9821533744,62.0690984882,62.7305974363,574421,0.0,1.0
4582,2015-03-19T00:00:00.000Z,68.17,68.22,66.67,66.86,451130,63.5132159102,63.5598003432,62.1156829212,62.2927037664,451130,0.0,1.0
4583,2015-03-20T00:00:00.000Z,69.46,69.51,68.41,68.92,984726,64.7150942808,64.7616787138,63.7368211885,64.2119824048,984726,0.0,1.0
4584,2015-03-23T00:00:00.000Z,69.13,69.39,68.78,69.07,538829,64.4076370232,64.6498760747,64.0815459925,64.3517357037,538829,0.0,1.0
4585,2015-03-24T00:00:00.000Z,69.17,69.73,68.76,68.9,546670,64.4449045696,64.9666502189,64.0629122193,64.1933486316,546670,0.0,1.0
4586,2015-03-25T00:00:00.000Z,68.29,70.09,68.16,69.51,609599,63.6250185494,65.3020581362,63.5038990236,64.7616787138,609599,0.0,1.0
4587,2015-03-26T00:00:00.000Z,68.41,68.42,67.62,68.13,303297,63.7368211885,63.7461380751,63.0007871476,63.4759483639,303297,0.0,1.0
4588,2015-03-27T00:00:00.000Z,69.24,69.27,68.13,68.3,595003,64.5101227758,64.5380734355,63.4759483639,63.6343354359,595003,0.0,1.0
4589,2015-03-30T00:00:00.000Z,70.38,70.65,69.22,69.58,481958,65.5722478475,65.8238037855,64.4914890026,64.82689692,481958,0.0,1.0
4590,2015-03-31T00:00:00.000Z,70.27,70.43,69.485,69.92,489802,65.4697620949,65.6188322804,64.7383864973,65.1436710641,489802,0.0,1.0
4591,2015-04-01T00:00:00.000Z,68.64,70.39,67.91,69.73,648955,63.9511095801,65.5815647341,63.2709768588,64.9666502189,648955,0.0,1.0
4592,2015-04-02T00:00:00.000Z,69.14,69.48,68.47,68.88,529880,64.4169539098,64.733728054,63.792722508,64.1747148584,529880,0.0,1.0
4593,2015-04-06T00:00:00.000Z,69.75,70.41,68.588,68.94,367453,64.9852839921,65.6001985072,63.9026617698,64.230616178,367453,0.0,1.0
4594,2015-04-07T00:00:00.000Z,69.92,70.39,69.11,69.49,426613,65.1436710641,65.5815647341,64.38900325,64.7430449406,426613,0.0,1.0
4595,2015-04-08T00:00:00.000Z,70.67,70.84,69.95,69.99,631677,65.8424375587,66.0008246308,65.1716217239,65.2088892703,631677,0.0,1.0
4596,2015-04-09T00:00:00.000Z,70.66,71.38,69.94,70.65,521689,65.8331206721,66.5039365069,65.1623048373,65.8238037855,521689,0.0,1.0
4597,2015-04-10T00:00:00.000Z,70.65,71.13,70.32,71.06,318840,65.8238037855,66.271014342,65.5163465279,66.2057961358,318840,0.0,1.0
4598,2015-04-13T00:00:00.000Z,70.19,71.02,69.96,70.53,547202,65.3952270022,66.1685285895,65.1809386105,65.7120011464,547202,0.0,1.0
4599,2015-04-14T00:00:00.000Z,69.36,70.508,69.13,70.4,569146,64.6219254149,65.6915039959,64.4076370232,65.5908816207,569146,0.0,1.0
4600,2015-04-15T00:00:00.000Z,69.45,70.13,69.15,69.61,421732,64.7057773942,65.3393256826,64.4262707964,64.8548475797,421732,0.0,1.0
4601,2015-04-16T00:00:00.000Z,69.23,69.92,69.02,69.3,291660,64.5008058892,65.1436710641,64.3051512707,64.5660240953,291660,0.0,1.0
4602,2015-04-17T00:00:00.000Z,69.14,69.21,68.41,68.73,411752,64.4169539098,64.482172116,63.7368211885,64.0349615595,411752,0.0,1.0
4603,2015-04-20T00:00:00.000Z,69.7,69.74,68.34,69.28,605137,64.9386995591,64.9759671055,63.6716029823,64.5473903221,605137,0.0,1.0
4604,2015-04-21T00:00:00.000Z,70.2,70.49,70.02,70.25,287728,65.4045438888,65.6747336,65.2368399301,65.4511283217,287728,0.0,1.0
4605,2015-04-22T00:00:00.000Z,70.43,70.58,69.57,70.18,164717,65.6188322804,65.7585855793,64.8175800334,65.3859101156,164717,0.0,1.0
4606,2015-04-23T00:00:00.000Z,70.7,71.385,70.2001,70.43,281129,65.8703882185,66.5085949501,65.4046370576,65.6188322804,281129,0.0,1.0
4607,2015-04-24T00:00:00.000Z,70.76,71.04,70.295,70.79,228814,65.926289538,66.1871623627,65.4930543114,65.9542401978,228814,0.0,1.0
4608,2015-04-27T00:00:00.000Z,68.92,70.92,68.7,70.77,525364,64.2119824048,66.0753597235,64.0070108997,65.9356064246,525364,0.0,1.0
4609,2015-04-28T00:00:00.000Z,69.52,69.55,67.84,68.69,431833,64.7709956004,64.7989462602,63.2057586526,63.9976940131,431833,0.0,1.0
4610,2015-04-29T00:00:00.000Z,68.1,69.55,68.06,69.32,389108,63.4479977041,64.7989462602,63.4107301577,64.5846578685,389108,0.0,1.0
4611,2015-04-30T00:00:00.000Z,66.5,67.932,66.28,67.75,639799,61.9572958491,63.2914740093,61.752324344,63.1219066733,639799,0.0,1.0
4612,2015-05-01T00:00:00.000Z,66.82,67.61,66.23,66.62,572558,62.2554362201,62.991470261,61.705739911,62.0690984882,572558,0.0,1.0
4613,2015-05-04T00:00:00.000Z,67.96,68.49,67.0101,67.08,459277,63.3175612918,63.8113562812,62.4325502342,62.4976752715,459277,0.0,1.0
4614,2015-05-05T00:00:00.000Z,67.0,67.86,66.66,67.5,526265,62.4231401787,63.2243924258,62.1063660346,62.8889845084,526265,0.0,1.0
4615,2015-05-06T00:00:00.000Z,66.49,67.36,66.04,67.07,645519,61.9479789625,62.7585480961,61.5287190657,62.4883583849,645519,0.0,1.0
4616,2015-05-07T00:00:00.000Z,67.27,67.98,66.48,67.0,690974,62.6746961168,63.3361950649,61.9386620759,62.4231401787,690974,0.0,1.0
4617,2015-05-08T00:00:00.000Z,68.13,68.53,67.39,67.86,454902,63.4759483639,63.8486238276,62.7864987559,63.2243924258,454902,0.0,1.0
4618,2015-05-11T00:00:00.000Z,67.49,68.405,67.41,68.18,424971,62.8796676218,63.7321627452,62.8051325291,63.5225327968,424971,0.0,1.0
4619,2015-05-12T00:00:00.000Z,67.04,67.18,66.2,66.7,318895,62.4604077251,62.5908441374,61.6777892512,62.1436335809,318895,0.0,1.0
4620,2015-05-13T00:00:00.000Z,67.49,67.55,66.63,67.26,351018,62.8796676218,62.9355689414,62.0784153748,62.6653792302,351018,0.0,1.0
4621,2015-05-14T00:00:00.000Z,69.12,69.12,67.55,67.94,376430,64.3983201366,64.3983201366,62.9355689414,63.2989275186,376430,0.0,1.0
4622,2015-05-15T00:00:00.000Z,69.59,69.61,68.82,69.16,323700,64.8362138066,64.8548475797,64.1188135388,64.435587683,323700,0.0,1.0
4623,2015-05-18T00:00:00.000Z,70.65,70.7799,69.2,69.41,587088,65.8238037855,65.9448301424,64.4728552294,64.6685098479,587088,0.0,1.0
4624,2015-05-19T00:00:00.000Z,70.41,70.53,69.92,70.37,759185,65.6001985072,65.7120011464,65.1436710641,65.5629309609,759185,0.0,1.0
4625,2015-05-20T00:00:00.000Z,70.23,71.08,69.985,70.49,929289,65.4324945486,66.224429909,65.204230827,65.6747336,929289,0.0,1.0
4626,2015-05-21T00:00:00.000Z,69.64,70.38,69.02,70.07,479530,64.8827982395,65.5722478475,64.3051512707,65.2834243631,479530,0.0,1.0
4627,2015-05-22T00:00:00.000Z,69.13,70.17,69.02,69.35,327441,64.4076370232,65.376593229,64.3051512707,64.6126085283,327441,0.0,1.0
4628,2015-05-26T00:00:00.000Z,68.62,69.35,68.235,68.94,850101,63.9324758069,64.6126085283,63.5737756731,64.230616178,850101,0.0,1.0
4629,2015-05-27T00:00:00.000Z,66.14,67.51,64.04,67.4,4040656,61.6218879317,62.898301395,59.665341747,62.7958156425,4040656,0.0,1.0
4630,2015-05-28T00:00:00.000Z,66.15,67.49,65.075,65.93,1642192,61.6312048183,62.8796676218,60.6296395094,61.4262333132,1642192,0.0,1.0
4631,2015-05-29T00:00:00.000Z,66.83,67.31,65.17,66.25,2238563,62.2647531067,62.7119636632,60.7181499321,61.7243736842,2238563,0.0,1.0
4632,2015-06-01T00:00:00.000Z,67.46,68.03,65.97,66.68,913561,63.0660053537,63.5988785089,61.6730562287,62.3368105097,913561,0.23,1.0
4633,2015-06-02T00:00:00.000Z,66.89,67.63,66.33,67.07,766167,62.5331321985,63.2249324351,62.0096076951,62.7014079317,766167,0.0,1.0
4634,2015-06-03T00:00:00.000Z,66.77,67.31,66.7,67.13,680212,62.4209483763,62.925775576,62.3555078134,62.7574998428,680212,0.0,1.0
4635,2015-06-04T00:00:00.000Z,64.48,66.44,64.139,66.08,1604560,60.2801071036,62.1124428654,59.9613180756,61.775891399,1604560,0.0,1.0
4636,2015-06-05T00:00:00.000Z,64.27,64.4,63.55,64.26,847034,60.0837854148,60.2053178888,59.4106824819,60.074436763,847034,0.0,1.0
4637,2015-06-08T00:00:00.000Z,64.01,64.8799,63.92,64.27,549920,59.8407204668,60.6539596909,59.7565826002,60.0837854148,549920,0.0,1.0
4638,2015-06-09T00:00:00.000Z,63.49,64.1,63.25,63.87,477978,59.3545905708,59.9248583334,59.1302229265,59.709839341,477978,0.0,1.0
4639,2015-06-10T00:00:00.000Z,64.04,64.26,63.53,63.66,630632,59.8687664224,60.074436763,59.3919851782,59.5135176522,630632,0.0,1.0
4640,2015-06-11T00:00:00.000Z,64.45,64.97,63.89,64.15,738865,60.252061148,60.738191044,59.7285366447,59.9716015927,738865,0.0,1.0
4641,2015-06-12T00:00:00.000Z,63.49,63.93,63.16,63.75,901838,59.3545905708,59.7659312521,59.0460850599,59.5976555188,901838,0.0,1.0
4642,2015-06-15T00:00:00.000Z,63.12,63.51,62.09,63.26,767367,59.0086904525,59.3732878745,58.0457793124,59.1395715784,767367,0.0,1.0
4643,2015-06-16T00:00:00.000Z,63.83,63.997,62.84,63.12,578736,59.6724447336,59.8285672194,58.7469282008,59.0086904525,578736,0.0,1.0
4644,2015-06-17T00:00:00.000Z,63.89,64.43,63.7306,64.15,418901,59.7285366447,60.2333638444,59.5795191342,59.9716015927,418901,0.0,1.0
4645,2015-06-18T00:00:00.000Z,64.47,64.81,64.13,64.13,431822,60.2707584517,60.5886126145,59.952904289,59.952904289,431822,0.0,1.0
4646,2015-06-19T00:00:00.000Z,64.76,64.94,64.38,64.54,854266,60.5418693553,60.7101450885,60.1866205851,60.3361990147,854266,0.0,1.0
4647,2015-06-22T00:00:00.000Z,64.95,65.51,64.885,65.22,626590,60.7194937404,61.2430182437,60.6587275034,60.9719073402,626590,0.0,1.0
4648,2015-06-23T00:00:00.000Z,64.82,65.245,64.695,65.06,364196,60.5979612664,60.9952789698,60.4811031183,60.8223289107,364196,0.0,1.0
4649,2015-06-24T00:00:00.000Z,65.56,65.71,64.615,65.17,581793,61.289761503,61.4299912807,60.4063139035,60.925164081,581793,0.0,1.0
4650,2015-06-25T00:00:00.000Z,66.0,66.26,65.516,65.56,597830,61.7011021842,61.9441671322,61.2486274348,61.289761503,597830,0.0,1.0
4651,2015-06-26T00:00:00.000Z,65.35,66.33,65.34,66.33,681043,61.0934398142,62.0096076951,61.0840911624,62.0096076951,681043,0.0,1.0
4652,2015-06-29T00:00:00.000Z,64.48,65.3499,64.3844,65.21,615464,60.2801071036,61.0933463277,60.1907339919,60.9625586884,615464,0.0,1.0
4653,2015-06-30T00:00:00.000Z,64.44,65.36,64.17,65.23,477537,60.2427124962,61.102788466,59.9902988964,60.981255992,477537,0.0,1.0
4654,2015-07-01T00:00:00.000Z,64.66,65.35,64.45,64.89,1115864,60.4483828368,61.0934398142,60.252061148,60.6634018293,1115864,0.0,1.0
4655,2015-07-02T00:00:00.000Z,64.54,65.05,64.42,64.87,718926,60.3361990147,60.8129802588,60.2240151925,60.6447045256,718926,0.0,1.0
4656,2015-07-06T00:00:00.000Z,64.72,64.91,63.963,64.14,472846,60.5044747479,60.682099133,59.7967818031,59.9622529408,472846,0.0,1.0
4657,2015-07-07T00:00:00.000Z,64.64,65.21,64.15,65.04,455797,60.4296855331,60.9625586884,59.9716015927,60.803631607,455797,0.0,1.0
4658,2015-07-08T00:00:00.000Z,64.73,65.01,64.17,64.17,859318,60.5138233997,60.7755856514,59.9902988964,59.9902988964,859318,0.0,1.0
4659,2015-07-09T00:00:00.000Z,65.08,65.59,65.01,65.42,462305,60.8410262144,61.3178074585,60.7755856514,61.1588803771,462305,0.0,1.0
4660,2015-07-10T00:00:00.000Z,66.55,66.61,65.45,65.89,521883,62.2152780357,62.2713699468,61.1869263327,61.5982670139,521883,0.0,1.0
4661,2015-07-13T00:00:00.000Z,67.43,67.4893,66.63,66.95,455739,63.0379593982,63.0933969036,62.2900672505,62.5892241096,455739,0.0,1.0
4662,2015-07-14T00:00:00.000Z,67.93,67.97,67.44,67.57,367429,63.5053919905,63.5427865979,63.04730805,63.168840524,367429,0.0,1.0
4663,2015-07-15T00:00:00.000Z,67.69,67.97,67.44,67.87,544653,63.2810243462,63.5427865979,63.04730805,63.4493000794,544653,0.0,1.0
4664,2015-07-16T00:00:00.000Z,68.26,68.43,67.52,67.98,433649,63.8138975014,63.9728245828,63.1220972648,63.5521352497,433649,0.0,1.0
4665,2015-07-17T00:00:00.000Z,68.21,68.25,67.9,68.25,265332,63.7671542422,63.8045488496,63.477346035,63.8045488496,265332,0.0,1.0
4666,2015-07-20T00:00:00.000Z,68.73,68.79,68.085,68.15,342948,64.2532841382,64.3093760493,63.6502960941,63.7110623311,342948,0.0,1.0
4667,2015-07-21T00:00:00.000Z,68.86,69.0,68.2,68.7,489344,64.3748166122,64.505697738,63.7578055903,64.2252381826,489344,0.0,1.0
4668,2015-07-22T00:00:00.000Z,69.4,69.48,68.92,68.92,445199,64.8796438119,64.9544330266,64.4309085233,64.4309085233,445199,0.0,1.0
4669,2015-07-23T00:00:00.000Z,68.73,69.61,68.59,69.42,442236,64.2532841382,65.0759655006,64.1224030123,64.8983411156,442236,0.0,1.0
4670,2015-07-24T00:00:00.000Z,67.78,68.54,67.72,68.24,483565,63.3651622128,64.0756597531,63.3090703017,63.7952001977,483565,0.0,1.0
4671,2015-07-27T00:00:00.000Z,67.93,68.14,67.15,67.65,615169,63.5053919905,63.7017136793,62.7761971465,63.2436297388,615169,0.0,1.0
4672,2015-07-28T00:00:00.000Z,68.24,68.42,67.53,68.22,462474,63.7952001977,63.9634759309,63.1314459166,63.776502894,462474,0.0,1.0
4673,2015-07-29T00:00:00.000Z,68.61,68.78,67.77,68.12,399213,64.141100316,64.3000273974,63.355813561,63.6830163756,399213,0.0,1.0
4674,2015-07-30T00:00:00.000Z,68.69,68.9,68.3,68.32,420493,64.2158895308,64.4122112196,63.8512921088,63.8699894125,420493,0.0,1.0
4675,2015-07-31T00:00:00.000Z,69.13,69.44,68.73,69.0,426219,64.627230212,64.9170384192,64.2532841382,64.505697738,426219,0.0,1.0
4676,2015-08-03T00:00:00.000Z,68.61,69.26,68.02,69.1,382251,64.141100316,64.748762686,63.5895298571,64.5991842565,382251,0.0,1.0
4677,2015-08-04T00:00:00.000Z,67.8,68.76,67.38,68.11,462497,63.3838595165,64.2813300937,62.991216139,63.6736677237,462497,0.0,1.0
4678,2015-08-05T00:00:00.000Z,69.12,69.57,68.15,68.15,395633,64.6178815602,65.0385708932,63.7110623311,63.7110623311,395633,0.0,1.0
4679,2015-08-06T00:00:00.000Z,68.09,69.76,67.49,69.37,524850,63.65497042,65.2161952783,63.0940513093,64.8515978563,524850,0.0,1.0
4680,2015-08-07T00:00:00.000Z,67.28,67.56,66.53,67.36,385582,62.8977296205,63.1594918722,62.196580732,62.9725188353,385582,0.0,1.0
4681,2015-08-10T00:00:00.000Z,67.98,68.3,67.43,67.75,436428,63.5521352497,63.8512921088,63.0379593982,63.3371162573,436428,0.0,1.0
4682,2015-08-11T00:00:00.000Z,67.62,68.075,66.9,67.6,306306,63.2155837833,63.6409474423,62.5424808503,63.1968864796,306306,0.0,1.0
4683,2015-08-12T00:00:00.000Z,68.13,68.37,66.4,67.13,442043,63.6923650274,63.9167326717,62.075048258,62.7574998428,442043,0.0,1.0
4684,2015-08-13T00:00:00.000Z,67.79,68.42,67.56,68.07,280430,63.3745108646,63.9634759309,63.1594918722,63.6362731163,280430,0.0,1.0
4685,2015-08-14T00:00:00.000Z,68.73,68.76,67.45,67.91,378374,64.2532841382,64.2813300937,63.0566567019,63.4866946868,378374,0.0,1.0
4686,2015-08-17T00:00:00.000Z,69.17,69.17,67.92,68.38,302554,64.6646248194,64.6646248194,63.4960433386,63.9260813236,302554,0.0,1.0
4687,2015-08-18T00:00:00.000Z,68.89,69.31,68.66,69.18,336132,64.4028625677,64.7955059452,64.1878435753,64.6739734712,336132,0.0,1.0
4688,2015-08-19T00:00:00.000Z,67.93,68.5,67.57,68.5,405154,63.5053919905,64.0382651457,63.168840524,64.0382651457,405154,0.0,1.0
4689,2015-08-20T00:00:00.000Z,65.57,67.53,65.55,67.25,890698,61.2991101548,63.1314459166,61.2804128511,62.869683665,890698,0.0,1.0
4690,2015-08-21T00:00:00.000Z,64.32,65.13,63.0,63.63,889910,60.3642449702,61.1244290253,59.12542651,59.7166807751,889910,0.25,1.0
4691,2015-08-24T00:00:00.000Z,61.96,64.1882,60.75,60.98,682967,58.1493877232,60.2405508239,57.0138041346,57.2296588663,682967,0.0,1.0
4692,2015-08-25T00:00:00.000Z,61.97,63.53,61.86,63.53,657929,58.1587727115,59.6228308917,58.0555378398,59.6228308917,657929,0.0,1.0
4693,2015-08-26T00:00:00.000Z,62.9,63.11,61.09,63.11,567297,59.0315766266,59.2286613817,57.332893738,59.2286613817,567297,0.0,1.0
4694,2015-08-27T00:00:00.000Z,65.05,65.1,62.6401,63.48,711714,61.0493491187,61.0962740603,58.7876607798,59.5759059501,711714,0.0,1.0
4695,2015-08-28T00:00:00.000Z,64.69,65.12,64.29,64.94,359758,60.7114895386,61.115044037,60.3360900052,60.946114247,359758,0.0,1.0
4696,2015-08-31T00:00:00.000Z,64.05,65.18,63.95,64.63,421319,60.1108502852,61.171353967,60.0170004018,60.6551796086,421319,0.0,1.0
4697,2015-09-01T00:00:00.000Z,62.31,63.71,62.12,62.68,634964,58.4778623149,59.7917606818,58.2995475365,58.8251068833,634964,0.0,1.0
4698,2015-09-02T00:00:00.000Z,63.78,63.8,62.32,62.95,411168,59.8574556001,59.8762255768,58.4872473032,59.0785015683,411168,0.0,1.0
4699,2015-09-03T00:00:00.000Z,64.23,64.69,63.4201,63.63,616082,60.2797800752,60.7114895386,59.5196898699,59.7166807751,616082,0.0,1.0
4700,2015-09-04T00:00:00.000Z,63.5,64.26,63.31,63.71,462455,59.5946759267,60.3079350402,59.4163611484,59.7917606818,462455,0.0,1.0
4701,2015-09-08T00:00:00.000Z,65.07,65.18,63.98,64.51,372085,61.0681190953,61.171353967,60.0451553668,60.5425597486,372085,0.0,1.0
4702,2015-09-09T00:00:00.000Z,63.85,65.9999,63.7,65.72,354799,59.9231505185,61.9408291606,59.7823756934,61.6781433371,354799,0.0,1.0
4703,2015-09-10T00:00:00.000Z,64.69,65.2,63.6424,63.79,437901,60.7114895386,61.1901239437,59.7283181606,59.8668405885,437901,0.0,1.0
4704,2015-09-11T00:00:00.000Z,64.66,65.56,64.29,64.57,271491,60.6833345736,61.5279835237,60.3360900052,60.5988696786,271491,0.0,1.0
4705,2015-09-14T00:00:00.000Z,64.07,64.86,64.01,64.7,208994,60.1296202618,60.8710343403,60.0733103318,60.7208745269,208994,0.0,1.0
4706,2015-09-15T00:00:00.000Z,64.1,64.45,63.12,64.38,534177,60.1577752268,60.4862498186,59.23804637,60.4205549002,534177,0.0,1.0
4707,2015-09-16T00:00:00.000Z,63.77,64.0895,63.31,63.82,581855,59.8480706118,60.1479209891,59.4163611484,59.8949955535,581855,0.0,1.0
4708,2015-09-17T00:00:00.000Z,63.83,64.75,63.66,63.91,468183,59.9043805418,60.7677994686,59.7448357401,59.9794604485,468183,0.0,1.0
4709,2015-09-18T00:00:00.000Z,63.53,64.2399,63.022,63.22,837230,59.6228308917,60.2890712136,59.1460734843,59.3318962534,837230,0.0,1.0
4710,2015-09-21T00:00:00.000Z,63.7,65.03,63.33,64.31,362820,59.7823756934,61.030579142,59.435131125,60.3548599819,362820,0.0,1.0
4711,2015-09-22T00:00:00.000Z,63.0,63.43,62.73,63.0,333337,59.12542651,59.5289810084,58.8720318249,59.12542651,333337,0.0,1.0
4712,2015-09-23T00:00:00.000Z,62.96,63.5,62.63,63.22,344602,59.0878865567,59.5946759267,58.7781819416,59.3318962534,344602,0.0,1.0
4713,2015-09-24T00:00:00.000Z,68.0,68.1,62.21,62.58,3924806,63.8179206775,63.9117705608,58.3840124315,58.7312569999,3924806,0.0,1.0
4714,2015-09-25T00:00:00.000Z,67.4,68.67,66.76,67.71,5465734,63.2548213774,64.4467148959,62.6541821239,63.5457560157,5465734,0.0,1.0
4715,2015-09-28T00:00:00.000Z,64.73,66.91,64.13,66.22,1963787,60.7490294919,62.7949569489,60.1859301918,62.1473927538,1963787,0.0,1.0
4716,2015-09-29T00:00:00.000Z,64.38,66.35,63.72,64.73,1102696,60.4205549002,62.2693976022,59.8011456701,60.7490294919,1102696,0.0,1.0
4717,2015-09-30T00:00:00.000Z,64.97,65.5,64.19,65.03,787313,60.974269212,61.4716735937,60.2422401218,61.030579142,787313,0.0,1.0
4718,2015-10-01T00:00:00.000Z,65.3,65.78,63.1901,64.94,1905685,61.283973827,61.7344532671,59.3038351382,60.946114247,1905685,0.0,1.0
4719,2015-10-02T00:00:00.000Z,65.3,65.3,63.44,65.0,1673611,61.283973827,61.283973827,59.5383659967,61.002424177,1673611,0.0,1.0
4720,2015-10-05T00:00:00.000Z,66.18,66.25,65.02,65.85,804127,62.1098528005,62.1755477188,61.0211941536,61.8001481854,804127,0.0,1.0
4721,2015-10-06T00:00:00.000Z,65.19,66.41,64.87,66.19,686077,61.1807389553,62.3257075322,60.8804193286,62.1192377888,686077,0.0,1.0
4722,2015-10-07T00:00:00.000Z,66.65,66.66,65.14,65.48,748940,62.5509472522,62.5603322406,61.1338140137,61.4529036171,748940,0.0,1.0
4723,2015-10-08T00:00:00.000Z,67.31,67.48,65.96,66.49,801204,63.1703564823,63.329901284,61.9033830571,62.4007874389,801204,0.0,1.0
4724,2015-10-09T00:00:00.000Z,66.64,67.54,66.32,67.49,550936,62.5415622639,63.386211214,62.2412426372,63.3392862724,550936,0.0,1.0
4725,2015-10-12T00:00:00.000Z,67.18,67.47,66.31,66.43,308149,63.048351634,63.3205162957,62.2318576489,62.3444775089,308149,0.0,1.0
4726,2015-10-13T00:00:00.000Z,66.21,67.495,66.19,67.0,458472,62.1380077655,63.3439787665,62.1192377888,62.879421844,458472,0.0,1.0
4727,2015-10-14T00:00:00.000Z,65.23,66.89,64.94,66.32,380975,61.2182789087,62.7761869723,60.946114247,62.2412426372,380975,0.0,1.0
4728,2015-10-15T00:00:00.000Z,66.87,66.87,65.01,65.41,414717,62.7574169956,62.7574169956,61.0118091653,61.3872086987,414717,0.0,1.0
4729,2015-10-16T00:00:00.000Z,66.9,67.07,66.18,66.86,592509,62.7855719606,62.9451167623,62.1098528005,62.7480320073,592509,0.0,1.0
4730,2015-10-19T00:00:00.000Z,67.33,67.44,66.17,66.5,705507,63.189126459,63.2923613307,62.1004678122,62.4101724272,705507,0.0,1.0
4731,2015-10-20T00:00:00.000Z,68.66,68.84,66.99,67.48,1423975,64.4373299076,64.6062596976,62.8700368556,63.329901284,1423975,0.0,1.0
4732,2015-10-21T00:00:00.000Z,68.8,69.1,68.2903,68.79,988622,64.5687197442,64.8502693943,64.0903668888,64.5593347559,988622,0.0,1.0
4733,2015-10-22T00:00:00.000Z,67.63,68.96,66.85,68.95,904468,63.4706761091,64.7188795576,62.7386470189,64.7094945693,904468,0.0,1.0
4734,2015-10-23T00:00:00.000Z,67.78,68.8,67.2,67.8,1608141,63.6114509341,64.5687197442,63.0671216107,63.6302209108,1608141,0.0,1.0
4735,2015-10-26T00:00:00.000Z,67.65,68.26,66.011,67.78,9541409,63.4894460857,64.0619303742,61.9512464976,63.6114509341,9541409,0.0,1.0
4736,2015-10-27T00:00:00.000Z,68.25,68.26,66.64,67.15,1441916,64.0525453858,64.0619303742,62.5415622639,63.020196669,1441916,0.0,1.0
4737,2015-10-28T00:00:00.000Z,71.04,71.1,68.09,68.3,1639576,66.9055818396,66.9620899324,64.1272672785,64.3250456031,1639576,0.25,1.0
4738,2015-10-29T00:00:00.000Z,70.0,71.64,69.88,70.91,1280197,65.9261082316,67.4706627673,65.8130920461,66.7831476386,1280197,0.0,1.0
4739,2015-10-30T00:00:00.000Z,74.95,75.94,71.0,71.0,2679007,70.5880258852,71.5204094159,66.8679097778,66.8679097778,2679007,0.0,1.0
4740,2015-11-02T00:00:00.000Z,74.47,75.7,73.02,75.7,1311837,70.135961143,71.2943770448,68.770348901,71.2943770448,1311837,0.0,1.0
4741,2015-11-03T00:00:00.000Z,76.31,77.39,73.7,74.54,1134076,71.8688759879,72.8860216578,69.4107739524,70.2018872512,1134076,0.0,1.0
4742,2015-11-04T00:00:00.000Z,75.51,77.47,74.5,76.24,2176288,71.115434751,72.9613657815,70.1642151894,71.8029498797,2176288,0.0,1.0
4743,2015-11-05T00:00:00.000Z,76.83,77.21,75.23,75.64,807126,72.3586127919,72.7164973795,70.8517303181,71.237868952,807126,0.0,1.0
4744,2015-11-06T00:00:00.000Z,75.46,76.84,75.08,76.84,660633,71.0683446737,72.3680308074,70.7104600862,72.3680308074,660633,0.0,1.0
4745,2015-11-09T00:00:00.000Z,73.75,75.45,73.1,75.21,958070,69.4578640298,71.0589266582,68.8456930247,70.8328942872,958070,0.0,1.0
4746,2015-11-10T00:00:00.000Z,74.51,74.68,73.4,73.4,2116333,70.1736332048,70.3337394677,69.1282334886,69.1282334886,2116333,0.0,1.0
4747,2015-11-11T00:00:00.000Z,73.62,74.715,73.26,74.56,427987,69.3354298287,70.3667025218,68.9963812721,70.2207232821,427987,0.0,1.0
4748,2015-11-12T00:00:00.000Z,73.24,73.75,72.22,73.65,716693,68.9775452412,69.4578640298,68.0169076641,69.3636838751,716693,0.0,1.0
4749,2015-11-13T00:00:00.000Z,74.05,74.35,72.89,73.15,1241820,69.7404044936,70.0229449575,68.6479147,68.8927831021,1241820,0.0,1.0
4750,2015-11-16T00:00:00.000Z,75.29,75.64,73.8,74.14,954118,70.9082384108,71.237868952,69.5049541071,69.8251666328,954118,0.0,1.0
4751,2015-11-17T00:00:00.000Z,75.3,75.8,74.87,75.66,886030,70.9176564263,71.3885571994,70.5126817615,71.2567049829,886030,0.0,1.0
4752,2015-11-18T00:00:00.000Z,75.78,75.79,75.0,75.26,614316,71.3697211685,71.3791391839,70.6351159625,70.8799843645,614316,0.0,1.0
4753,2015-11-19T00:00:00.000Z,74.56,75.88,74.06,75.88,343097,70.2207232821,71.4639013231,69.7498225091,71.4639013231,343097,0.0,1.0
4754,2015-11-20T00:00:00.000Z,74.59,75.49,74.45,75.01,832697,70.2489773285,71.0965987201,70.1171251121,70.6445339779,832697,0.0,1.0
4755,2015-11-23T00:00:00.000Z,74.28,74.67,73.68,74.25,958425,69.9570188492,70.3243214522,69.3919379215,69.9287648028,958425,0.0,1.0
4756,2015-11-24T00:00:00.000Z,75.04,75.12,73.3,73.7,1128898,70.6727880243,70.748132148,69.034053334,69.4107739524,1128898,0.0,1.0
4757,2015-11-25T00:00:00.000Z,76.04,76.34,74.86,74.86,594702,71.6145895705,71.8971300343,70.503263746,70.503263746,594702,0.0,1.0
4758,2015-11-27T00:00:00.000Z,76.35,76.5,75.875,76.34,240174,71.9065480498,72.0478182817,71.4591923154,71.8971300343,240174,0.0,1.0
4759,2015-11-30T00:00:00.000Z,76.38,76.56,75.94,76.41,768096,71.9348020962,72.1043263745,71.5204094159,71.9630561426,768096,0.0,1.0
4760,2015-12-01T00:00:00.000Z,76.9,77.115,76.0,76.69,585161,72.4245389002,72.6270262326,71.5769175086,72.2267605755,585161,0.0,1.0
4761,2015-12-02T00:00:00.000Z,76.18,77.19,75.25,76.89,2246054,71.7464417869,72.6976613486,70.870566349,72.4151208847,2246054,0.0,1.0
4762,2015-12-03T00:00:00.000Z,73.53,76.92,73.48,76.19,593111,69.2506676896,72.4433749311,69.2035776123,71.7558598024,593111,0.0,1.0
4763,2015-12-04T00:00:00.000Z,74.24,74.88,73.1979,73.51,715000,69.9193467874,70.5220997769,68.9378953961,69.2318316587,715000,0.0,1.0
4764,2015-12-07T00:00:00.000Z,76.47,76.74,74.02,74.49,1184909,72.0195642353,72.2738506528,69.7121504472,70.1547971739,1184909,0.0,1.0
4765,2015-12-08T00:00:00.000Z,73.1,77.0,72.73,75.38,1588860,68.8456930247,72.5187190548,68.4972264527,70.99300055,1588860,0.0,1.0
4766,2015-12-09T00:00:00.000Z,72.08,73.61,71.66,72.97,1053675,67.8850554477,69.3260118133,67.4894987983,68.7232588237,1053675,0.0,1.0
4767,2015-12-10T00:00:00.000Z,73.39,73.705,72.31,72.52,963199,69.1188154731,69.4154829602,68.1016698033,68.299448128,963199,0.0,1.0
4768,2015-12-11T00:00:00.000Z,72.35,73.28,72.205,72.44,857227,68.1393418651,69.0152173031,68.0027806409,68.2241040043,857227,0.0,1.0
4769,2015-12-14T00:00:00.000Z,71.65,73.38,71.1319,72.49,805257,67.4800807828,69.1093974577,66.9921334017,68.2711940816,805257,0.0,1.0
4770,2015-12-15T00:00:00.000Z,71.97,72.8,71.77,72.11,809639,67.7814572776,68.5631525609,67.5930969683,67.913309494,809639,0.0,1.0
4771,2015-12-16T00:00:00.000Z,74.1,74.32,72.32,72.78,1107376,69.7874945709,69.9946909111,68.1110878187,68.54431653,1107376,0.0,1.0
4772,2015-12-17T00:00:00.000Z,73.57,74.69,73.57,74.37,669099,69.2883397514,70.3431574831,69.2883397514,70.0417809884,669099,0.0,1.0
4773,2015-12-18T00:00:00.000Z,71.03,73.53,70.96,73.29,2489479,66.8961638242,69.2506676896,66.8302377159,69.0246353185,2489479,0.0,1.0
4774,2015-12-21T00:00:00.000Z,71.18,71.66,70.7,71.37,827970,67.0374340561,67.4894987983,66.5853693139,67.2163763499,827970,0.0,1.0
4775,2015-12-22T00:00:00.000Z,74.01,74.92,72.42,72.42,1263928,69.7027324318,70.5597718388,68.2052679734,68.2052679734,1263928,0.0,1.0
4776,2015-12-23T00:00:00.000Z,76.83,76.91,74.44,74.76,925490,72.3586127919,72.4339569156,70.1077070966,70.4090835914,925490,0.0,1.0
4777,2015-12-24T00:00:00.000Z,76.61,77.36,76.41,76.83,258732,72.1514164518,72.8577676114,71.9630561426,72.3586127919,258732,0.0,1.0
4778,2015-12-28T00:00:00.000Z,76.39,76.82,75.42,76.57,700212,71.9442201116,72.3491947765,71.0306726118,72.1137443899,700212,0.0,1.0
4779,2015-12-29T00:00:00.000Z,77.73,77.8488,76.1,77.06,510664,73.2062341835,73.3181202072,71.6710976632,72.5752271476,510664,0.0,1.0
4780,2015-12-30T00:00:00.000Z,76.95,78.7699,76.89,78.01,404954,72.4716289775,74.1856136114,72.4151208847,73.4699386164,404954,0.0,1.0
4781,2015-12-31T00:00:00.000Z,75.34,76.82,75.32,76.82,588085,70.9553284882,72.3491947765,70.9364924572,72.3491947765,588085,0.0,1.0
4782,2016-01-04T00:00:00.000Z,74.37,74.98,73.39,74.11,870537,70.0417809884,70.6162799315,69.1188154731,69.7969125864,870537,0.0,1.0
4783,2016-01-05T00:00:00.000Z,74.29,75.01,73.43,74.32,739376,69.9664368647,70.6445339779,69.156487535,69.9946909111,739376,0.0,1.0
4784,2016-01-06T00:00:00.000Z,74.41,75.1,73.245,73.37,696560,70.0794530502,70.7292961171,68.9822542489,69.0999794422,696560,0.0,1.0
4785,2016-01-07T00:00:00.000Z,72.5,74.22,72.32,73.0,500691,68.280612097,69.9005107564,68.1110878187,68.7515128701,500691,0.0,1.0
4786,2016-01-08T00:00:00.000Z,70.55,72.87,70.45,72.64,598935,66.444099082,68.6290786691,66.3499189274,68.4124643135,598935,0.0,1.0
4787,2016-01-11T00:00:00.000Z,69.63,71.5532,68.94,70.82,659107,65.5776416595,67.3889143931,64.9277985927,66.6983854995,659107,0.0,1.0
4788,2016-01-12T00:00:00.000Z,69.62,70.54,68.9,70.12,924839,65.5682236441,66.4346810666,64.8901265308,66.0391244172,924839,0.0,1.0
4789,2016-01-13T00:00:00.000Z,67.0,70.19,66.97,69.76,696340,63.1007035931,66.1050505254,63.0724495467,65.7000758605,696340,0.0,1.0
4790,2016-01-14T00:00:00.000Z,67.92,68.32,66.21,67.16,783798,63.9671610156,64.3438816341,62.3566803717,63.2513918405,783798,0.0,1.0
4791,2016-01-15T00:00:00.000Z,67.33,67.415,65.77,66.26,714868,63.4114981034,63.4915512348,61.9422876913,62.403770449,714868,0.0,1.0
4792,2016-01-19T00:00:00.000Z,67.08,68.36,66.53,67.9,700426,63.1760477168,64.3815536959,62.6580568664,63.9483249847,700426,0.0,1.0
4793,2016-01-20T00:00:00.000Z,67.87,68.57,65.18,66.18,1150283,63.9200709383,64.5793320206,61.3866247791,62.3284263253,1150283,0.0,1.0
4794,2016-01-21T00:00:00.000Z,67.6,68.66,67.04,67.89,858932,63.6657845208,64.6640941598,63.138375655,63.9389069692,858932,0.0,1.0
4795,2016-01-22T00:00:00.000Z,69.56,69.57,68.2,68.41,617380,65.5117155513,65.5211335668,64.2308654485,64.4286437732,617380,0.0,1.0
4796,2016-01-25T00:00:00.000Z,69.41,70.3,69.08,69.33,570880,65.3704453194,66.2086486955,65.0596508092,65.2951011957,570880,0.0,1.0
4797,2016-01-26T00:00:00.000Z,69.35,69.87,68.72,69.59,661236,65.3139372266,65.8036740306,64.7206022525,65.5399695977,661236,0.0,1.0
4798,2016-01-27T00:00:00.000Z,68.91,70.51,68.68,69.0,783078,64.8995445463,66.4064270202,64.6829301907,64.9843066855,783078,0.0,1.0
4799,2016-01-28T00:00:00.000Z,67.88,69.56,66.67,69.25,876381,63.9294889538,65.5117155513,62.7899090829,65.219757072,876381,0.0,1.0
4800,2016-01-29T00:00:00.000Z,69.24,69.37,68.25,68.25,668028,65.2103390565,65.3327732575,64.2779555258,64.2779555258,668028,0.0,1.0
4801,2016-02-01T00:00:00.000Z,69.83,70.13,68.49,68.49,736774,65.7660019688,66.0485424326,64.5039878969,64.5039878969,736774,0.0,1.0
4802,2016-02-02T00:00:00.000Z,69.11,69.34,68.48,68.99,436166,65.0879048555,65.3045192112,64.4945698815,64.97488867,436166,0.0,1.0
4803,2016-02-03T00:00:00.000Z,68.92,69.77,68.2,69.77,666790,64.9089625618,65.709493876,64.2308654485,65.709493876,666790,0.0,1.0
4804,2016-02-04T00:00:00.000Z,68.66,69.44,68.35,68.97,950930,64.6640941598,65.3986993658,64.3721356805,64.9560526391,950930,0.0,1.0
4805,2016-02-05T00:00:00.000Z,66.76,68.4299,66.47,68.29,724437,62.8746712221,64.447385624,62.6015487737,64.3156275877,724437,0.0,1.0
4806,2016-02-08T00:00:00.000Z,65.46,66.28,63.71,65.86,739874,61.650329212,62.4226064799,60.0021765062,62.0270498305,739874,0.0,1.0
4807,2016-02-09T00:00:00.000Z,66.47,67.98,65.18,66.48,1532317,62.6015487737,64.0236691084,61.3866247791,62.6109667891,1532317,0.0,1.0
4808,2016-02-10T00:00:00.000Z,64.2,67.36,64.09,67.02,1173577,60.4636592639,63.4397521497,60.3600610938,63.1195396241,1173577,0.0,1.0
4809,2016-02-11T00:00:00.000Z,62.47,63.69,61.41,62.28,835134,58.834342589,59.9833404753,57.8360329501,58.6554002952,835134,0.0,1.0
4810,2016-02-12T00:00:00.000Z,62.61,63.23,61.38,63.17,667282,58.9661948055,59.5501117641,57.8077789037,59.4936036713,667282,0.0,1.0
4811,2016-02-16T00:00:00.000Z,64.02,64.25,62.85,63.03,515315,60.2941349856,60.5107493412,59.1922271765,59.3617514549,515315,0.0,1.0
4812,2016-02-17T00:00:00.000Z,64.67,65.16,64.1,64.32,570643,60.9063059906,61.3677887482,60.3694791092,60.5766754494,570643,0.0,1.0
4813,2016-02-18T00:00:00.000Z,63.7,65.29,63.59,64.73,574964,59.9927584908,61.4902229492,59.8891603207,60.9628140833,574964,0.0,1.0
4814,2016-02-19T00:00:00.000Z,63.62,63.78,62.68,63.54,552696,59.9174143671,60.0681026145,59.0321209137,59.8420702434,552696,0.0,1.0
4815,2016-02-22T00:00:00.000Z,64.48,64.6,63.4,64.14,673002,60.7273636968,60.8403798823,59.7102180269,60.4071511711,673002,0.0,1.0
4816,2016-02-23T00:00:00.000Z,62.77,64.23,62.65,63.96,727788,59.1168830528,60.4919133102,59.0038668673,60.2376268928,727788,0.0,1.0
4817,2016-02-24T00:00:00.000Z,63.39,63.46,61.64,62.39,447353,59.7008000115,59.7667261197,58.0526473057,58.7589984653,447353,0.0,1.0
4818,2016-02-25T00:00:00.000Z,65.26,65.3,63.355,63.52,515959,61.4619689028,61.4996409646,59.6678369574,59.8232342125,515959,0.0,1.0
4819,2016-02-26T00:00:00.000Z,64.54,65.34,64.45,65.19,509961,61.0193221761,61.775681918,60.9342317051,61.6338644664,509961,0.25,1.0
4820,2016-02-29T00:00:00.000Z,64.32,64.96,63.32,64.59,843142,60.8113232471,61.4164110406,59.8658735697,61.06659466,843142,0.0,1.0
4821,2016-03-01T00:00:00.000Z,65.01,65.58,64.35,64.62,590220,61.4636835245,62.0025898405,60.8396867374,61.0949581503,590220,0.0,1.0
4822,2016-03-02T00:00:00.000Z,65.3,65.67,64.78,64.78,594574,61.7378639309,62.0876803115,61.2462300987,61.2462300987,594574,0.0,1.0
4823,2016-03-03T00:00:00.000Z,66.02,66.07,65.0649,65.24,557674,62.4185876986,62.4658601824,61.5155887117,61.6811369502,557674,0.0,1.0
4824,2016-03-04T00:00:00.000Z,66.98,67.1,65.97,66.0,633916,63.3262193888,63.4396733501,62.3713152147,62.399678705,633916,0.0,1.0
4825,2016-03-07T00:00:00.000Z,68.0,68.0,66.38,66.66,627479,64.2905780597,64.2905780597,62.7589495824,63.0236754921,627479,0.0,1.0
4826,2016-03-08T00:00:00.000Z,67.34,68.444,67.28,67.45,996312,63.6665812727,64.7103577165,63.609854292,63.7705807372,996312,0.0,1.0
4827,2016-03-09T00:00:00.000Z,67.37,67.54,67.13,67.32,782822,63.694944763,63.8556712081,63.4680368404,63.6476722791,782822,0.0,1.0
4828,2016-03-10T00:00:00.000Z,66.4,68.01,66.19,67.36,903756,62.777858576,64.3000325565,62.5793141437,63.6854902662,903756,0.0,1.0
4829,2016-03-11T00:00:00.000Z,68.54,68.64,66.65,66.91,881442,64.8011208855,64.8956658532,63.0142209953,63.2600379114,881442,0.0,1.0
4830,2016-03-14T00:00:00.000Z,67.67,68.74,67.1,68.18,683810,63.9785796662,64.990210821,63.4396733501,64.4607590017,683810,0.0,1.0
4831,2016-03-15T00:00:00.000Z,66.77,67.46,66.65,67.07,659658,63.1276749566,63.780035234,63.0142209953,63.4113098598,659658,0.0,1.0
4832,2016-03-16T00:00:00.000Z,66.92,67.36,66.38,66.38,450380,63.2694924082,63.6854902662,62.7589495824,62.7589495824,450380,0.0,1.0
4833,2016-03-17T00:00:00.000Z,66.29,67.02,66.03,66.69,616447,62.6738591115,63.3640373759,62.4280421954,63.0520389824,616447,0.0,1.0
4834,2016-03-18T00:00:00.000Z,67.5,67.8,66.21,66.41,1486858,63.8178532211,64.1014881243,62.5982231373,62.7873130727,1486858,0.0,1.0
4835,2016-03-21T00:00:00.000Z,68.5,68.69,67.02,67.2,520863,64.7633028984,64.9429383371,63.3640373759,63.5342183179,520863,0.0,1.0
4836,2016-03-22T00:00:00.000Z,69.12,69.29,67.96,67.99,608014,65.3494816984,65.5102081435,64.2527600726,64.281123563,608014,0.0,1.0
4837,2016-03-23T00:00:00.000Z,69.42,69.71,69.01,69.12,994706,65.6331166016,65.907297008,65.2454822339,65.3494816984,994706,0.0,1.0
4838,2016-03-24T00:00:00.000Z,69.22,69.41,68.43,68.91,991550,65.4440266661,65.6236621048,64.697121421,65.1509372661,991550,0.0,1.0
4839,2016-03-28T00:00:00.000Z,70.18,70.34,69.04,69.22,633423,66.3516583564,66.5029303047,65.2738457242,65.4440266661,633423,0.0,1.0
4840,2016-03-29T00:00:00.000Z,71.73,71.81,69.71,69.97,1134408,67.8171053562,67.8927413304,65.907297008,66.1531139241,1134408,0.0,1.0
4841,2016-03-30T00:00:00.000Z,71.74,72.78,71.56,72.0,664432,67.826559853,68.8098275175,67.6563789111,68.0723767691,664432,0.0,1.0
4842,2016-03-31T00:00:00.000Z,71.05,72.28,70.74,71.87,699261,67.1741995756,68.3371026788,66.8811101757,67.9494683111,699261,0.0,1.0
4843,2016-04-01T00:00:00.000Z,72.25,72.27,70.49,70.86,634080,68.3087391885,68.327648182,66.6447477563,66.9945641369,634080,0.0,1.0
4844,2016-04-04T00:00:00.000Z,70.52,72.51,70.33,72.24,686231,66.6731112466,68.5545561046,66.493475808,68.2992846917,686231,0.0,1.0
4845,2016-04-05T00:00:00.000Z,69.2,69.83,68.49,69.83,797208,65.4251176725,66.0207509693,64.7538484016,66.0207509693,797208,0.0,1.0
4846,2016-04-06T00:00:00.000Z,70.2,70.25,68.67,69.01,834282,66.3705673499,66.4178398338,64.9240293436,65.2454822339,834282,0.0,1.0
4847,2016-04-07T00:00:00.000Z,69.72,69.98,69.325,69.61,442398,65.9167515048,66.1625684209,65.5432988822,65.8127520403,442398,0.0,1.0
4848,2016-04-08T00:00:00.000Z,70.17,70.4,69.74,70.14,311061,66.3422038596,66.5596572854,65.9356604983,66.3138403693,311061,0.0,1.0
4849,2016-04-11T00:00:00.000Z,70.14,70.88,69.97,70.32,514148,66.3138403693,67.0134731305,66.1531139241,66.4840213112,514148,0.0,1.0
4850,2016-04-12T00:00:00.000Z,70.95,71.02,69.53,70.06,548825,67.0796546079,67.1458360853,65.7371160661,66.2382043951,548825,0.0,1.0
4851,2016-04-13T00:00:00.000Z,71.82,72.0,70.77,71.42,544243,67.9021958272,68.0723767691,66.909473666,67.5240159563,544243,0.0,1.0
4852,2016-04-14T00:00:00.000Z,71.54,71.88,71.19,71.77,1096029,67.6374699175,67.9589228078,67.3065625305,67.8549233433,1096029,0.0,1.0
4853,2016-04-15T00:00:00.000Z,71.31,71.93,70.97,71.54,444444,67.4200164918,68.0061952917,67.0985636015,67.6374699175,444444,0.0,1.0
4854,2016-04-18T00:00:00.000Z,72.65,72.7592,70.73,71.18,444257,68.6869190594,68.7901621642,66.8716556789,67.2971080337,444257,0.0,1.0
4855,2016-04-19T00:00:00.000Z,72.54,73.13,72.25,72.9,414646,68.5829195949,69.1407349045,68.3087391885,68.9232814787,414646,0.0,1.0
4856,2016-04-20T00:00:00.000Z,72.55,73.105,71.99,72.88,311650,68.5923740917,69.1170986626,68.0629222724,68.9043724852,311650,0.0,1.0
4857,2016-04-21T00:00:00.000Z,72.94,73.52,72.1,72.34,435533,68.9610994658,69.5094602787,68.1669217369,68.3938296594,435533,0.0,1.0
4858,2016-04-22T00:00:00.000Z,72.93,74.1,72.5,72.9,462019,68.9516449691,70.0578210916,68.5451016078,68.9232814787,462019,0.0,1.0
4859,2016-04-25T00:00:00.000Z,72.04,72.91,71.83,72.5,543743,68.1101947562,68.9327359755,67.911650324,68.5451016078,543743,0.0,1.0
4860,2016-04-26T00:00:00.000Z,72.79,73.05,71.84,72.0,384928,68.8192820142,69.0650989303,67.9211048208,68.0723767691,384928,0.0,1.0
4861,2016-04-27T00:00:00.000Z,72.41,73.49,72.165,72.99,386443,68.4600111368,69.4810967884,68.2283759659,69.0083719497,386443,0.0,1.0
4862,2016-04-28T00:00:00.000Z,71.4,72.5,71.23,71.91,406509,67.5051069627,68.5451016078,67.3443805176,67.9872862982,406509,0.0,1.0
4863,2016-04-29T00:00:00.000Z,70.67,71.12,70.18,71.12,427107,66.8149286983,67.2403810531,66.3516583564,67.2403810531,427107,0.0,1.0
4864,2016-05-02T00:00:00.000Z,70.59,71.42,70.44,70.65,790414,66.7392927241,67.5240159563,66.5974752725,66.7960197047,790414,0.0,1.0
4865,2016-05-03T00:00:00.000Z,69.6,70.41,69.265,70.4,509153,65.8032975435,66.5691117821,65.4865719016,66.5596572854,509153,0.0,1.0
4866,2016-05-04T00:00:00.000Z,70.52,70.72,69.11,69.29,690767,66.6731112466,66.8622011821,65.3400272016,65.5102081435,690767,0.0,1.0
4867,2016-05-05T00:00:00.000Z,71.38,71.71,70.59,70.59,366215,67.4861979692,67.7981963627,66.7392927241,66.7392927241,366215,0.0,1.0
4868,2016-05-06T00:00:00.000Z,71.31,71.5,70.62,70.84,441306,67.4200164918,67.5996519305,66.7676562144,66.9756551434,441306,0.0,1.0
4869,2016-05-09T00:00:00.000Z,72.06,72.64,70.93,71.09,383931,68.1291037498,68.6774645626,67.0607456144,67.2120175627,383931,0.0,1.0
4870,2016-05-10T00:00:00.000Z,72.49,72.53,71.22,72.41,379534,68.535647111,68.5734650981,67.3349260208,68.4600111368,379534,0.0,1.0
4871,2016-05-11T00:00:00.000Z,71.69,72.55,71.67,72.55,277105,67.7792873691,68.5923740917,67.7603783756,68.5923740917,277105,0.0,1.0
4872,2016-05-12T00:00:00.000Z,71.76,72.0,71.11,71.65,485102,67.8454688466,68.0723767691,67.2309265563,67.7414693821,485102,0.0,1.0
4873,2016-05-13T00:00:00.000Z,71.16,72.11,70.965,71.3,480776,67.2781990402,68.1763762336,67.0938363531,67.410561995,480776,0.0,1.0
4874,2016-05-16T00:00:00.000Z,72.36,72.53,71.18,71.18,684850,68.412738653,68.5734650981,67.2971080337,67.2971080337,684850,0.0,1.0
4875,2016-05-17T00:00:00.000Z,70.37,72.42,70.26,72.42,868521,66.531293795,68.4694656336,66.4272943305,68.4694656336,868521,0.0,1.0
4876,2016-05-18T00:00:00.000Z,68.75,69.48,64.39,64.79,2430216,64.9996653177,65.6898435822,60.8775047245,61.2556845954,2430216,0.0,1.0
4877,2016-05-19T00:00:00.000Z,70.0,70.06,68.21,68.38,1031774,66.1814774144,66.2382043951,64.489122492,64.6498489371,1031774,0.0,1.0
4878,2016-05-20T00:00:00.000Z,69.87,70.5184,69.58,70.26,752872,66.0585689564,66.6715985272,65.7843885499,66.4272943305,752872,0.0,1.0
4879,2016-05-23T00:00:00.000Z,68.69,70.16,68.5699,70.03,549679,64.9429383371,66.3327493628,64.8293898309,66.2098409047,549679,0.0,1.0
4880,2016-05-24T00:00:00.000Z,69.87,70.38,68.38,69.3,734223,66.0585689564,66.5407482918,64.6498489371,65.5196626403,734223,0.0,1.0
4881,2016-05-25T00:00:00.000Z,69.42,70.3,69.21,69.93,538794,65.6331166016,66.4651123176,65.4345721693,66.115295937,538794,0.0,1.0
4882,2016-05-26T00:00:00.000Z,68.4,69.7,68.25,69.55,765671,64.6687579307,65.8978425112,64.5269404791,65.7560250596,765671,0.0,1.0
4883,2016-05-27T00:00:00.000Z,69.38,69.63,68.075,68.33,581075,65.5952986145,65.8316610338,64.3614867855,64.6025764533,581075,0.0,1.0
4884,2016-05-31T00:00:00.000Z,69.43,69.56,68.89,69.38,598463,65.6425710983,65.7654795564,65.1320282726,65.5952986145,598463,0.0,1.0
4885,2016-06-01T00:00:00.000Z,69.72,70.05,68.98,69.36,663603,65.9167515048,66.2287498983,65.2171187435,65.5763896209,663603,0.0,1.0
4886,2016-06-02T00:00:00.000Z,69.82,70.26,69.295,69.55,505684,66.0112964725,66.4272943305,65.5149353919,65.7560250596,505684,0.0,1.0
4887,2016-06-03T00:00:00.000Z,70.5,71.76,70.05,70.59,929192,66.6542022531,67.8454688466,66.2287498983,66.7392927241,929192,0.0,1.0
4888,2016-06-06T00:00:00.000Z,70.27,70.51,69.67,70.32,630412,66.6731112466,66.9008264409,66.1038232611,66.7205519121,630412,0.25,1.0
4889,2016-06-07T00:00:00.000Z,70.83,71.14,69.95,70.36,609625,67.2044466999,67.4985788258,66.3694909877,66.7585044445,609625,0.0,1.0
4890,2016-06-08T00:00:00.000Z,71.55,71.72,70.59,70.75,483059,67.8875922826,68.0488905452,66.9767315056,67.1285416351,483059,0.0,1.0
4891,2016-06-09T00:00:00.000Z,71.67,72.02,71.115,71.29,368957,68.0014498797,68.333534538,67.474858493,67.6409008222,368957,0.0,1.0
4892,2016-06-10T00:00:00.000Z,70.74,71.22,70.51,71.17,529410,67.119053502,67.5744838905,66.9008264409,67.527043225,529410,0.0,1.0
4893,2016-06-13T00:00:00.000Z,68.38,70.62,68.33,70.5,1282901,64.879854092,67.0051959049,64.8324134265,66.8913383078,1282901,0.0,1.0
4894,2016-06-14T00:00:00.000Z,67.75,68.45,67.28,68.06,714002,64.2821017071,64.9462710237,63.8361594518,64.576233833,714002,0.0,1.0
4895,2016-06-15T00:00:00.000Z,67.15,67.93,67.02,67.93,831423,63.7128137215,64.4528881028,63.5894679913,64.4528881028,831423,0.0,1.0
4896,2016-06-16T00:00:00.000Z,66.6,67.065,65.915,66.7,1152267,63.1909664014,63.6321645902,62.5410292845,63.2858477323,1152267,0.0,1.0
4897,2016-06-17T00:00:00.000Z,67.39,67.48,66.12,66.68,1384205,63.9405289158,64.0259221136,62.7355360129,63.2668714662,1384205,0.0,1.0
4898,2016-06-20T00:00:00.000Z,67.66,68.78,67.65,68.3,1137167,64.1967085093,65.2593794157,64.1872203762,64.8039490273,1137167,0.0,1.0
4899,2016-06-21T00:00:00.000Z,67.51,67.95,66.84,67.66,873248,64.0543865129,64.471864369,63.4186815956,64.1967085093,873248,0.0,1.0
4900,2016-06-22T00:00:00.000Z,67.15,67.825,67.15,67.49,809328,63.7128137215,64.3532627053,63.7128137215,64.0354102467,809328,0.0,1.0
4901,2016-06-23T00:00:00.000Z,69.39,69.43,67.66,67.83,1406078,65.8381555344,65.8761080668,64.1967085093,64.3580067719,1406078,0.0,1.0
4902,2016-06-24T00:00:00.000Z,65.44,67.31,64.89,67.31,9755202,62.0903429626,63.864623851,61.5684956425,63.864623851,9755202,0.0,1.0
4903,2016-06-27T00:00:00.000Z,63.28,65.21,63.26,65.06,1711248,60.0409062144,61.8721159014,60.0219299482,61.729793905,1711248,0.0,1.0
4904,2016-06-28T00:00:00.000Z,65.02,65.05,63.43,63.65,1348057,61.6918413727,61.7203057719,60.1832282108,60.3919671389,1348057,0.0,1.0
4905,2016-06-29T00:00:00.000Z,67.36,67.43,65.51,65.51,924183,63.9120645165,63.9784814482,62.1567598942,62.1567598942,924183,0.0,1.0
4906,2016-06-30T00:00:00.000Z,68.75,68.78,67.19,67.85,804667,65.2309150165,65.2593794157,63.7507662539,64.3769830381,804667,0.0,1.0
4907,2016-07-01T00:00:00.000Z,68.89,69.48,68.0935,68.9,435828,65.3637488798,65.9235487323,64.6080190789,65.3732370129,435828,0.0,1.0
4908,2016-07-05T00:00:00.000Z,67.79,69.07,67.68,68.77,913415,64.3200542395,65.5345352755,64.2156847755,65.2498912827,913415,0.0,1.0
4909,2016-07-06T00:00:00.000Z,68.07,68.3,67.25,67.68,730092,64.5857219661,64.8039490273,63.8076950525,64.2156847755,730092,0.0,1.0
4910,2016-07-07T00:00:00.000Z,68.19,68.76,68.025,68.26,500410,64.6995795632,65.2404031496,64.5430253672,64.7659964949,500410,0.0,1.0
4911,2016-07-08T00:00:00.000Z,69.16,69.48,68.46,68.8,806500,65.6199284733,65.9235487323,64.9557591568,65.2783556819,806500,0.0,1.0
4912,2016-07-11T00:00:00.000Z,69.09,69.65,69.08,69.45,527510,65.5535115416,66.0848469949,65.5440234085,65.895084333,527510,0.0,1.0
4913,2016-07-12T00:00:00.000Z,69.38,69.58,69.16,69.26,1152566,65.8286674013,66.0184300632,65.6199284733,65.7148098042,1152566,0.0,1.0
4914,2016-07-13T00:00:00.000Z,69.03,69.9,68.965,69.88,372082,65.4965827431,66.3220503222,65.434909878,66.303074056,372082,0.0,1.0
4915,2016-07-14T00:00:00.000Z,69.03,69.57,68.79,69.54,686040,65.4965827431,66.0089419301,65.2688675488,65.9804775308,686040,0.0,1.0
4916,2016-07-15T00:00:00.000Z,68.8,69.67,68.49,69.32,463553,65.2783556819,66.1038232611,64.984223556,65.7717386028,463553,0.0,1.0
4917,2016-07-18T00:00:00.000Z,68.82,68.95,68.42,68.69,537071,65.2973319481,65.4206776783,64.9178066244,65.1739862179,537071,0.0,1.0
4918,2016-07-19T00:00:00.000Z,68.48,68.65,68.24,68.63,472118,64.9747354229,65.1360336855,64.7470202287,65.1170574193,472118,0.0,1.0
4919,2016-07-20T00:00:00.000Z,69.09,69.41,68.3,68.56,753110,65.5535115416,65.8571318006,64.8039490273,65.0506404877,753110,0.0,1.0
4920,2016-07-21T00:00:00.000Z,68.27,69.12,68.09,68.9,484757,64.775484628,65.5819759409,64.6046982323,65.3732370129,484757,0.0,1.0
4921,2016-07-22T00:00:00.000Z,69.41,69.43,68.259,68.62,529945,65.8571318006,65.8761080668,64.7650476816,65.1075692863,529945,0.0,1.0
4922,2016-07-25T00:00:00.000Z,68.24,69.55,68.12,69.2,675222,64.7470202287,65.9899656639,64.6331626316,65.6578810057,675222,0.0,1.0
4923,2016-07-26T00:00:00.000Z,69.02,69.06,68.06,68.12,456750,65.48709461,65.5250471424,64.576233833,64.6331626316,456750,0.0,1.0
4924,2016-07-27T00:00:00.000Z,70.28,70.6,68.7,68.7,811069,66.6825993797,66.9862196387,65.183474351,65.183474351,811069,0.0,1.0
4925,2016-07-28T00:00:00.000Z,70.33,70.56,69.5,70.28,348531,66.7300400452,66.9482671064,65.9425249985,66.6825993797,348531,0.0,1.0
4926,2016-07-29T00:00:00.000Z,70.95,71.58,70.3,70.3,964512,67.318304297,67.9160566819,66.7015756459,66.7015756459,964512,0.0,1.0
4927,2016-08-01T00:00:00.000Z,71.41,72.11,70.71,70.95,627875,67.7547584193,68.4189277358,67.0905891028,67.318304297,627875,0.0,1.0
4928,2016-08-02T00:00:00.000Z,70.76,71.7,70.66,71.17,437988,67.1380297682,68.029914279,67.0431484373,67.527043225,437988,0.0,1.0
4929,2016-08-03T00:00:00.000Z,70.64,70.91,70.15,70.77,587753,67.0241721711,67.2803517646,66.5592536495,67.1475179013,587753,0.0,1.0
4930,2016-08-04T00:00:00.000Z,70.64,70.98,70.26,70.79,383973,67.0241721711,67.3467686963,66.6636231136,67.1664941675,383973,0.0,1.0
4931,2016-08-05T00:00:00.000Z,72.47,72.47,70.79,70.9,634632,68.7605005272,68.7605005272,67.1664941675,67.2708636315,634632,0.0,1.0
4932,2016-08-08T00:00:00.000Z,72.58,73.0,72.42,72.59,866769,68.8648699912,69.2633715811,68.7130598617,68.8743581243,866769,0.0,1.0
4933,2016-08-09T00:00:00.000Z,72.64,74.45,72.54,73.36,651798,68.9217987898,70.6391508797,68.8269174588,69.6049443725,651798,0.0,1.0
4934,2016-08-10T00:00:00.000Z,71.4,72.3512,71.05,72.31,619828,67.7452702862,68.647781506,67.4131856279,68.6086903977,619828,0.0,1.0
4935,2016-08-11T00:00:00.000Z,71.57,71.9,71.1,71.28,460320,67.9065685488,68.2196769409,67.4606262934,67.6314126891,460320,0.0,1.0
4936,2016-08-12T00:00:00.000Z,71.23,71.68,70.58,71.3,302209,67.5839720236,68.0109380128,66.9672433725,67.6503889553,302209,0.0,1.0
4937,2016-08-15T00:00:00.000Z,71.69,71.86,71.38,71.4,257240,68.0204261459,68.1817244085,67.72629402,67.7452702862,257240,0.0,1.0
4938,2016-08-16T00:00:00.000Z,71.1,71.89,71.06,71.53,500649,67.4606262934,68.2101888078,67.422673761,67.8686160164,500649,0.0,1.0
4939,2016-08-17T00:00:00.000Z,70.39,71.11,70.3,71.11,344983,66.7869688438,67.4701144265,66.7015756459,67.4701144265,344983,0.0,1.0
4940,2016-08-18T00:00:00.000Z,71.0,71.01,70.07,70.29,276142,67.3657449625,67.3752330956,66.4833485848,66.6920875128,276142,0.0,1.0
4941,2016-08-19T00:00:00.000Z,70.83,70.83,70.3101,70.6,320312,67.2044466999,67.2044466999,66.7111586604,66.9862196387,320312,0.0,1.0
4942,2016-08-22T00:00:00.000Z,70.36,70.68,70.0,70.65,358847,66.7585044445,67.0621247035,66.4169316531,67.0336603042,358847,0.0,1.0
4943,2016-08-23T00:00:00.000Z,70.09,70.77,70.07,70.5,373676,66.502324851,67.1475179013,66.4833485848,66.8913383078,373676,0.0,1.0
4944,2016-08-24T00:00:00.000Z,69.21,70.07,68.9575,69.81,533658,65.6673691388,66.4833485848,65.4277937782,66.2366571244,533658,0.0,1.0
4945,2016-08-25T00:00:00.000Z,69.6,69.72,68.345,68.76,384199,66.0374063294,66.1512639265,64.8466456262,65.2404031496,384199,0.0,1.0
4946,2016-08-26T00:00:00.000Z,70.14,70.44,69.05,69.44,504722,66.815433243,67.1012135392,65.777098167,66.148612552,504722,0.28,1.0
4947,2016-08-29T00:00:00.000Z,70.56,71.11,70.19,70.36,248966,67.2155256577,67.7394562006,66.8630632924,67.0250054602,248966,0.0,1.0
4948,2016-08-30T00:00:00.000Z,70.98,71.08,70.55,70.66,318208,67.6156180723,67.710878171,67.2059996478,67.3107857564,318208,0.0,1.0
4949,2016-08-31T00:00:00.000Z,70.68,71.19,70.4401,70.84,321586,67.3298377761,67.8156642796,67.1013087993,67.4822539341,321586,0.0,1.0
4950,2016-09-01T00:00:00.000Z,70.11,70.98,69.72,70.65,310819,66.7868552134,67.6156180723,66.4153408284,67.3012597465,310819,0.0,1.0
4951,2016-09-02T00:00:00.000Z,71.0,71.0,70.22,70.46,474272,67.6346700921,67.6346700921,66.891641322,67.120265559,474272,0.0,1.0
4952,2016-09-06T00:00:00.000Z,71.24,71.72,70.58,71.01,508119,67.863294329,68.3205428028,67.2345776774,67.6441961019,508119,0.0,1.0
4953,2016-09-07T00:00:00.000Z,71.44,71.88,71.0,71.0,478075,68.0538145264,68.4729589608,67.6346700921,67.6346700921,478075,0.0,1.0
4954,2016-09-08T00:00:00.000Z,71.15,71.5,70.9,71.44,384887,67.7775602401,68.1109705857,67.5394099933,68.0538145264,384887,0.0,1.0
4955,2016-09-09T00:00:00.000Z,70.49,70.91,70.12,70.42,717445,67.1488435886,67.5489360032,66.7963812233,67.0821615195,717445,0.0,1.0
4956,2016-09-12T00:00:00.000Z,71.36,71.47,70.02,70.09,497835,67.9776064474,68.082392556,66.7011211246,66.7678031937,497835,0.0,1.0
4957,2016-09-13T00:00:00.000Z,70.02,71.2695,69.62,70.91,432620,66.7011211246,67.8913960581,66.3200807297,67.5489360032,432620,0.0,1.0
4958,2016-09-14T00:00:00.000Z,70.0,70.63,69.39,70.09,657990,66.6820691048,67.2822077268,66.1009825026,66.7678031937,657990,0.0,1.0
4959,2016-09-15T00:00:00.000Z,70.5,70.62,69.76,69.76,480951,67.1583695984,67.2726817169,66.4534448679,66.4534448679,480951,0.0,1.0
4960,2016-09-16T00:00:00.000Z,71.27,71.69,70.08,70.37,843916,67.8918723586,68.2919647732,66.7582771838,67.0345314701,843916,0.0,1.0
4961,2016-09-19T00:00:00.000Z,71.75,72.43,71.58,71.78,389250,68.3491208325,68.9968895038,68.1871786646,68.3776988621,389250,0.0,1.0
4962,2016-09-20T00:00:00.000Z,72.82,73.3,72.0,72.32,563237,69.3684038888,69.8256523626,68.5872710793,68.8921033952,563237,0.0,1.0
4963,2016-09-21T00:00:00.000Z,73.67,73.85,72.3,73.3,604156,70.1781147279,70.3495829056,68.8730513754,69.8256523626,604156,0.0,1.0
4964,2016-09-22T00:00:00.000Z,73.9,74.63,73.73,74.0,406516,70.397212955,71.0926116756,70.2352707871,70.4924730537,406516,0.0,1.0
4965,2016-09-23T00:00:00.000Z,73.12,74.065,73.01,74.01,338162,69.6541841849,70.5543921179,69.5493980763,70.5019990636,338162,0.0,1.0
4966,2016-09-26T00:00:00.000Z,73.02,73.34,72.73,72.93,484285,69.5589240862,69.8637564021,69.2826697999,69.4731899974,484285,0.0,1.0
4967,2016-09-27T00:00:00.000Z,73.12,73.33,72.7,73.08,368281,69.6541841849,69.8542303923,69.2540917703,69.6160801455,368281,0.0,1.0
4968,2016-09-28T00:00:00.000Z,73.16,73.67,72.49,73.23,420217,69.6922882244,70.1781147279,69.054045563,69.7589702935,420217,0.0,1.0
4969,2016-09-29T00:00:00.000Z,72.63,73.44,72.03,73.07,530543,69.1874097012,69.9590165008,68.6158491089,69.6065541356,530543,0.0,1.0
4970,2016-09-30T00:00:00.000Z,73.1,73.7,72.5201,72.55,622047,69.6351321652,70.2066927575,69.0827188527,69.1112016222,622047,0.0,1.0
4971,2016-10-03T00:00:00.000Z,72.23,73.06,72.04,73.0,422368,68.8063693063,69.5970281257,68.6253751188,69.5398720665,422368,0.0,1.0
4972,2016-10-04T00:00:00.000Z,71.54,72.97,71.26,72.03,502925,68.1490746251,69.5112940369,67.8823463487,68.6158491089,502925,0.0,1.0
4973,2016-10-05T00:00:00.000Z,72.18,72.55,71.56,71.75,513774,68.758739257,69.1112016222,68.1681266449,68.3491208325,513774,0.0,1.0
4974,2016-10-06T00:00:00.000Z,71.99,72.26,71.4525,71.79,579867,68.5777450694,68.8349473359,68.0657220388,68.3872248719,579867,0.0,1.0
4975,2016-10-07T00:00:00.000Z,71.27,72.04,70.44,72.04,609322,67.8918723586,68.6253751188,67.1012135392,68.6253751188,609322,0.0,1.0
4976,2016-10-10T00:00:00.000Z,72.19,72.42,71.55,71.7,369951,68.7682652668,68.9873634939,68.158600635,68.3014907831,369951,0.0,1.0
4977,2016-10-11T00:00:00.000Z,69.85,72.05,69.68,72.05,420231,66.5391789568,68.6349011286,66.3772367889,68.6349011286,420231,0.0,1.0
4978,2016-10-12T00:00:00.000Z,69.79,70.24,69.505,70.19,343681,66.4820228975,66.9106933418,66.2105316162,66.8630632924,343681,0.0,1.0
4979,2016-10-13T00:00:00.000Z,69.8,70.13,68.64,69.15,622453,66.4915489074,66.8059072332,65.3865317622,65.8723582657,622453,0.0,1.0
4980,2016-10-14T00:00:00.000Z,69.56,70.49,69.53,70.12,306205,66.2629246705,67.1488435886,66.2343466409,66.7963812233,306205,0.0,1.0
4981,2016-10-17T00:00:00.000Z,69.01,69.565,68.79,69.45,498222,65.7389941275,66.2676876754,65.5294219103,66.1581385619,498222,0.0,1.0
4982,2016-10-18T00:00:00.000Z,69.29,70.01,69.26,69.96,211322,66.0057224039,66.6915951147,65.9771443743,66.6439650654,211322,0.0,1.0
4983,2016-10-19T00:00:00.000Z,69.0,69.38,68.834,69.38,429528,65.7294681176,66.0914564928,65.5713363538,66.0914564928,429528,0.0,1.0
4984,2016-10-20T00:00:00.000Z,69.15,69.29,68.56,68.65,343277,65.8723582657,66.0057224039,65.3103236833,65.3960577721,343277,0.0,1.0
4985,2016-10-21T00:00:00.000Z,68.37,68.7,68.13,68.65,441104,65.1293294957,65.4436878215,64.9007052588,65.3960577721,441104,0.0,1.0
4986,2016-10-24T00:00:00.000Z,68.12,69.12,67.86,69.12,570029,64.8911792489,65.8437802361,64.6435029922,65.8437802361,570029,0.0,1.0
4987,2016-10-25T00:00:00.000Z,68.34,68.69,67.76,68.17,605478,65.1007514661,65.4341618116,64.5482428935,64.9388092982,605478,0.0,1.0
4988,2016-10-26T00:00:00.000Z,67.92,68.19,67.59,67.96,517415,64.7006590514,64.957861318,64.3863007257,64.7387630909,517415,0.0,1.0
4989,2016-10-27T00:00:00.000Z,66.92,68.04,66.61,67.82,526134,63.7480580642,64.8149711699,63.4527517582,64.6053989527,526134,0.0,1.0
4990,2016-10-28T00:00:00.000Z,66.92,67.535,66.6,66.74,593458,63.7480580642,64.3339076714,63.4432257483,63.5765898865,593458,0.0,1.0
4991,2016-10-31T00:00:00.000Z,66.82,67.28,66.18,66.84,583800,63.6527979655,64.0909944196,63.0431333337,63.6718499852,583800,0.0,1.0
4992,2016-11-01T00:00:00.000Z,66.36,67.29,65.775,67.16,553494,63.2146015114,64.1005204295,62.6573299339,63.9766823012,553494,0.0,1.0
4993,2016-11-02T00:00:00.000Z,65.66,67.7399,65.18,65.31,875521,62.5477808203,64.5290956136,62.0905323465,62.2143704748,875521,0.0,1.0
4994,2016-11-03T00:00:00.000Z,64.4,66.2,64.37,65.43,847042,61.3475035765,63.0621853534,61.3189255468,62.3286825933,847042,0.0,1.0
4995,2016-11-04T00:00:00.000Z,65.34,65.57,63.8,64.31,714235,62.2429485044,62.4620467315,60.7759429841,61.2617694876,714235,0.0,1.0
4996,2016-11-07T00:00:00.000Z,66.7,66.79,65.9,66.0,706093,63.538485847,63.6242199359,62.7764050573,62.871665156,706093,0.0,1.0
4997,2016-11-08T00:00:00.000Z,66.34,66.99,66.0,66.49,469071,63.1955494916,63.8147401333,62.871665156,63.3384396397,469071,0.0,1.0
4998,2016-11-09T00:00:00.000Z,66.19,66.345,64.75,65.95,773665,63.0526593436,63.2003124966,61.680913922,62.8240351066,773665,0.0,1.0
4999,2016-11-10T00:00:00.000Z,65.97,66.79,65.43,66.69,507090,62.8430871264,63.6242199359,62.3286825933,63.5289598372,507090,0.0,1.0
5000,2016-11-11T00:00:00.000Z,64.81,66.065,64.76,65.76,757102,61.7380699812,62.9335842202,61.6904399318,62.6430409191,757102,0.0,1.0
5001,2016-11-14T00:00:00.000Z,65.35,66.17,64.74,65.18,736768,62.2524745143,63.0336073238,61.6713879121,62.0905323465,736768,0.0,1.0
5002,2016-11-15T00:00:00.000Z,66.91,67.13,65.19,65.4,392872,63.7385320544,63.9481042715,62.1000583563,62.3001045637,392872,0.0,1.0
5003,2016-11-16T00:00:00.000Z,66.51,67.34,65.98,66.42,479587,63.3574916595,64.1481504789,62.8526131362,63.2717575706,479587,0.0,1.0
5004,2016-11-17T00:00:00.000Z,66.41,66.76,66.17,66.52,472588,63.2622315607,63.5956419063,63.0336073238,63.3670176693,472588,0.0,1.0
5005,2016-11-18T00:00:00.000Z,66.22,66.64,65.595,66.31,381679,63.0812373732,63.4813297878,62.4858617562,63.166971462,381679,0.0,1.0
5006,2016-11-21T00:00:00.000Z,66.69,66.75,65.52,66.17,698876,63.7956881136,63.8530841443,62.6764655151,63.2982558476,698876,0.28,1.0
5007,2016-11-22T00:00:00.000Z,66.24,66.88,65.7105,66.73,688193,63.3652178834,63.9774422108,62.8586979125,63.833952134,688193,0.0,1.0
5008,2016-11-23T00:00:00.000Z,66.8,66.81,65.8,65.8,276692,63.9009141699,63.910480175,62.9443136583,62.9443136583,276692,0.0,1.0
5009,2016-11-25T00:00:00.000Z,67.08,67.5,66.89,67.01,102736,64.1687623131,64.5705345279,63.9870082159,64.1018002773,102736,0.0,1.0
5010,2016-11-28T00:00:00.000Z,66.87,67.16,66.24,67.07,321332,63.9678762057,64.245290354,63.3652178834,64.159196308,321332,0.0,1.0
5011,2016-11-29T00:00:00.000Z,66.89,67.07,66.25,66.65,358616,63.9870082159,64.159196308,63.3747838885,63.7574240931,358616,0.0,1.0
5012,2016-11-30T00:00:00.000Z,65.61,67.24,65.61,66.5,450284,62.7625595611,64.3218183949,62.7625595611,63.6139340164,450284,0.0,1.0
5013,2016-12-01T00:00:00.000Z,64.65,66.07,64.37,65.44,513778,61.8442230701,63.2025957964,61.5763749268,62.5999374742,513778,0.0,1.0
5014,2016-12-02T00:00:00.000Z,65.05,65.91,64.46,64.76,535143,62.2268632747,63.0495397146,61.6624689729,61.9494491263,535143,0.0,1.0
5015,2016-12-05T00:00:00.000Z,65.5,66.1,65.22,65.53,496014,62.6573335049,63.2312938118,62.3894853616,62.6860315202,496014,0.0,1.0
5016,2016-12-06T00:00:00.000Z,66.21,66.26,65.2945,65.72,308092,63.3365198681,63.3843498936,62.4607520998,62.8677856174,308092,0.0,1.0
5017,2016-12-07T00:00:00.000Z,67.01,67.32,65.741,66.33,536855,64.1018002773,64.3983464358,62.8878742282,63.4513119294,536855,0.0,1.0
5018,2016-12-08T00:00:00.000Z,67.46,67.8,66.82,67.28,404328,64.5322705075,64.8575146814,63.9200461801,64.3600824154,404328,0.0,1.0
5019,2016-12-09T00:00:00.000Z,67.2,67.53,66.8929,67.38,413412,64.2835543745,64.5992325433,63.9897823574,64.4557424665,413412,0.0,1.0
5020,2016-12-12T00:00:00.000Z,67.98,68.0,66.64,66.85,799950,65.0297027735,65.0488347837,63.747858088,63.9487441954,799950,0.0,1.0
5021,2016-12-13T00:00:00.000Z,69.13,69.62,68.17,68.24,521898,66.1297933617,66.5985276124,65.2114568706,65.2784189065,521898,0.0,1.0
5022,2016-12-14T00:00:00.000Z,68.82,70.14,68.32,69.16,902476,65.8332472031,67.0959598783,65.3549469474,66.1584913771,902476,0.0,1.0
5023,2016-12-15T00:00:00.000Z,69.5,69.87,68.14,68.77,1055511,66.483735551,66.8376777402,65.1827588553,65.7854171776,1055511,0.0,1.0
5024,2016-12-16T00:00:00.000Z,68.88,70.19,68.72,70.04,2146181,65.8906432338,67.1437899039,65.737587152,67.0002998272,2146181,0.0,1.0
5025,2016-12-19T00:00:00.000Z,68.91,69.8747,68.66,68.78,487301,65.9193412492,66.8421737626,65.6801911213,65.7949831827,487301,0.0,1.0
5026,2016-12-20T00:00:00.000Z,69.08,69.295,68.7,68.91,403292,66.0819633361,66.2876324461,65.7184551418,65.9193412492,403292,0.0,1.0
5027,2016-12-21T00:00:00.000Z,68.35,69.29,68.15,69.02,396201,65.3836449627,66.2828494436,65.1923248604,66.0245673054,396201,0.0,1.0
5028,2016-12-22T00:00:00.000Z,69.05,69.19,68.07,68.46,490547,66.0532653208,66.1871893924,65.1157968195,65.488871019,490547,0.0,1.0
5029,2016-12-23T00:00:00.000Z,69.09,69.78,68.75,68.98,282233,66.0915293412,66.7515836942,65.7662851673,65.986303285,282233,0.0,1.0
5030,2016-12-27T00:00:00.000Z,68.87,69.89,68.81,69.21,294404,65.8810772287,66.8568097505,65.823681198,66.2063214026,294404,0.0,1.0
5031,2016-12-28T00:00:00.000Z,67.76,68.81,67.72,68.81,347018,64.8192506609,65.823681198,64.7809866405,65.823681198,347018,0.0,1.0
5032,2016-12-29T00:00:00.000Z,67.54,68.21,67.24,67.8,383735,64.6087985484,65.2497208911,64.3218183949,64.8575146814,383735,0.0,1.0
5033,2016-12-30T00:00:00.000Z,67.39,67.8199,67.22,67.55,427107,64.4653084717,64.8765510316,64.3026863847,64.6183645535,427107,0.0,1.0
5034,2017-01-03T00:00:00.000Z,68.22,68.22,67.09,67.61,517834,65.2592868962,65.2592868962,64.1783283182,64.6757605842,517834,0.0,1.0
5035,2017-01-04T00:00:00.000Z,68.36,68.61,67.75,68.54,522013,65.3932109678,65.6323610957,64.8096846558,65.5653990599,522013,0.0,1.0
5036,2017-01-05T00:00:00.000Z,68.3,68.66,67.95,68.41,293942,65.3358149371,65.6801911213,65.0010047581,65.4410409934,293942,0.0,1.0
5037,2017-01-06T00:00:00.000Z,68.49,68.98,68.11,68.5,438678,65.5175690343,65.986303285,65.15406084,65.5271350394,438678,0.0,1.0
5038,2017-01-09T00:00:00.000Z,69.04,69.3395,68.23,68.55,367044,66.0436993157,66.3302011689,65.2688529013,65.574965065,367044,0.0,1.0
5039,2017-01-10T00:00:00.000Z,69.45,69.89,68.57,68.86,336884,66.4359055254,66.8568097505,65.5940970753,65.8715112236,336884,0.0,1.0
5040,2017-01-11T00:00:00.000Z,69.16,69.76,68.8705,69.54,476795,66.1584913771,66.732451684,65.881555529,66.5219995714,476795,0.0,1.0
5041,2017-01-12T00:00:00.000Z,68.5,68.7,67.64,68.56,383728,65.5271350394,65.7184551418,64.7044585995,65.5845310701,383728,0.0,1.0
5042,2017-01-13T00:00:00.000Z,69.26,69.46,68.51,68.79,237046,66.2541514282,66.4454715305,65.5367010446,65.8045491878,237046,0.0,1.0
5043,2017-01-17T00:00:00.000Z,69.79,69.81,68.57,68.78,277318,66.7611496993,66.7802817095,65.5940970753,65.7949831827,277318,0.0,1.0
5044,2017-01-18T00:00:00.000Z,70.06,70.17,69.52,70.0,407244,67.0194318374,67.1246578937,66.5028675612,66.9620358067,407244,0.0,1.0
5045,2017-01-19T00:00:00.000Z,69.74,70.509,69.458,70.08,360737,66.7133196737,67.4489454671,66.4435583295,67.0385638477,360737,0.0,1.0
5046,2017-01-20T00:00:00.000Z,68.78,70.1,68.68,69.74,344284,65.7949831827,67.0576958579,65.6993231315,66.7133196737,344284,0.0,1.0
5047,2017-01-23T00:00:00.000Z,68.99,69.58,68.35,68.69,223676,65.9958692901,66.5602635919,65.3836449627,65.7088891366,223676,0.0,1.0
5048,2017-01-24T00:00:00.000Z,70.04,70.14,68.53,68.86,437771,67.0002998272,67.0959598783,65.5558330548,65.8715112236,437771,0.0,1.0
5049,2017-01-25T00:00:00.000Z,70.58,70.6595,70.06,70.1,257152,67.5168641034,67.5929138441,67.0194318374,67.0576958579,257152,0.0,1.0
5050,2017-01-26T00:00:00.000Z,70.17,70.66,70.0,70.28,232436,67.1246578937,67.5933921443,66.9620358067,67.22988395,232436,0.0,1.0
5051,2017-01-27T00:00:00.000Z,70.27,70.82,69.96,70.41,355937,67.2203179448,67.7464482262,66.9237717863,67.3542420165,355937,0.0,1.0
5052,2017-01-30T00:00:00.000Z,70.03,70.15,69.28,69.98,322067,66.9907338221,67.1055258835,66.2732834384,66.9429037965,322067,0.0,1.0
5053,2017-01-31T00:00:00.000Z,70.83,71.035,69.845,70.0,466488,67.7560142313,67.9521173362,66.8137627274,66.9620358067,466488,0.0,1.0
5054,2017-02-01T00:00:00.000Z,71.68,71.88,70.97,71.37,660720,68.5691246661,68.7604447684,67.8899383029,68.2725785075,660720,0.0,1.0
5055,2017-02-02T00:00:00.000Z,71.45,71.72,70.97,71.62,384592,68.3491065484,68.6073886866,67.8899383029,68.5117286354,384592,0.0,1.0
5056,2017-02-03T00:00:00.000Z,72.17,72.25,71.3601,71.76,283694,69.0378589167,69.1143869577,68.2631081625,68.645652707,283694,0.0,1.0
5057,2017-02-06T00:00:00.000Z,71.19,72.35,71.19,71.68,606837,68.1003904154,69.2100470088,68.1003904154,68.5691246661,606837,0.0,1.0
5058,2017-02-07T00:00:00.000Z,66.32,67.99,65.41,67.0,26662,63.4417459243,65.0392687786,62.5712394588,64.0922342722,26662,0.0,1.0
5059,2017-02-08T00:00:00.000Z,66.59,66.69,65.265,65.95,2157565,63.7000280624,63.7956881136,62.4325323847,63.0878037351,2157565,0.0,1.0
5060,2017-02-09T00:00:00.000Z,67.14,67.18,66.355,66.66,1226168,64.2261583438,64.2644223642,63.4752269422,63.7669900982,1226168,0.0,1.0
5061,2017-02-10T00:00:00.000Z,67.16,67.57,66.84,67.28,662637,64.245290354,64.6374965637,63.9391781903,64.3600824154,662637,0.0,1.0
5062,2017-02-13T00:00:00.000Z,67.91,67.93,67.0,67.46,752594,64.9627407376,64.9818727479,64.0922342722,64.5322705075,752594,0.0,1.0
5063,2017-02-14T00:00:00.000Z,68.94,69.39,67.6,67.69,1269599,65.9480392645,66.3785094947,64.6661945791,64.7522886251,1269599,0.0,1.0
5064,2017-02-15T00:00:00.000Z,68.72,69.2,68.42,68.78,496525,65.737587152,66.1967553975,65.4506069985,65.7949831827,496525,0.0,1.0
5065,2017-02-16T00:00:00.000Z,68.44,68.88,68.01,68.86,442019,65.4697390088,65.8906432338,65.0584007888,65.8715112236,442019,0.0,1.0
5066,2017-02-17T00:00:00.000Z,68.55,68.79,67.88,68.36,674860,65.574965065,65.8045491878,64.9340427223,65.3932109678,674860,0.0,1.0
5067,2017-02-21T00:00:00.000Z,69.81,69.94,68.49,68.58,788387,66.7802817095,66.904639776,65.5175690343,65.6036630804,788387,0.0,1.0
5068,2017-02-22T00:00:00.000Z,69.38,70.1,69.06,69.73,357461,66.3689434896,67.0576958579,66.0628313259,66.7037536686,357461,0.0,1.0
5069,2017-02-23T00:00:00.000Z,69.41,69.73,68.91,69.63,318223,66.3976415049,66.7037536686,65.9193412492,66.6080936175,318223,0.0,1.0
5070,2017-02-24T00:00:00.000Z,70.25,70.26,68.18,68.18,415029,67.4690340778,67.4786382108,65.4809785541,65.4809785541,415029,0.28,1.0
5071,2017-02-27T00:00:00.000Z,70.35,70.77,70.055,70.15,502196,67.5650754075,67.968448992,67.281753485,67.3729927482,502196,0.0,1.0
5072,2017-02-28T00:00:00.000Z,70.13,70.66,69.65,70.11,458941,67.3537844823,67.8628035294,66.8927861,67.3345762163,458941,0.0,1.0
5073,2017-03-01T00:00:00.000Z,71.15,71.28,70.33,70.63,667435,68.3334060447,68.4582597732,67.5458671416,67.8339911305,667435,0.0,1.0
5074,2017-03-02T00:00:00.000Z,70.66,71.11,70.59,71.07,251228,67.8628035294,68.2949895128,67.7955745986,68.256572981,251228,0.0,1.0
5075,2017-03-03T00:00:00.000Z,70.07,70.9,69.82,70.62,449752,67.2961596845,68.0933027206,67.0560563604,67.8243869975,449752,0.0,1.0
5076,2017-03-06T00:00:00.000Z,69.46,69.68,69.06,69.52,490070,66.7103075736,66.9215984988,66.326142255,66.7679323714,490070,0.0,1.0
5077,2017-03-07T00:00:00.000Z,68.91,69.24,68.78,69.22,338602,66.1820802606,66.4990166484,66.057226532,66.4798083825,338602,0.0,1.0
5078,2017-03-08T00:00:00.000Z,68.66,69.375,68.49,69.02,305917,65.9419769364,66.6286724434,65.778706676,66.2877257232,305917,0.0,1.0
5079,2017-03-09T00:00:00.000Z,68.78,68.945,68.37,68.87,378794,66.057226532,66.2156947259,65.6634570805,66.1436637287,378794,0.0,1.0
5080,2017-03-10T00:00:00.000Z,68.57,69.28,68.2,69.18,521255,65.8555397398,66.5374331803,65.5001868201,66.4413918506,521255,0.0,1.0
5081,2017-03-13T00:00:00.000Z,68.9,68.96,68.01,68.54,480614,66.1724761276,66.2301009254,65.3177082937,65.8267273409,480614,0.0,1.0
5082,2017-03-14T00:00:00.000Z,68.42,68.81,67.88,68.6,462276,65.7114777453,66.0860389309,65.1928545652,65.8843521386,462276,0.0,1.0
5083,2017-03-15T00:00:00.000Z,69.37,69.42,68.39,68.65,595100,66.6238703769,66.6718910418,65.6826653464,65.9323728035,595100,0.0,1.0
5084,2017-03-16T00:00:00.000Z,68.57,69.63,68.42,69.63,592551,65.8555397398,66.873577834,65.7114777453,66.873577834,592551,0.0,1.0
5085,2017-03-17T00:00:00.000Z,68.72,69.05,68.4301,68.5,1186680,65.9996017342,66.3165381221,65.7211779196,65.788310809,1186680,0.0,1.0
5086,2017-03-20T00:00:00.000Z,68.6,68.89,68.105,68.72,319987,65.8843521386,66.1628719946,65.4089475569,65.9996017342,319987,0.0,1.0
5087,2017-03-21T00:00:00.000Z,68.42,69.3399,68.26,69.14,345375,65.7114777453,66.5949619367,65.5578116178,66.4029753187,345375,0.0,1.0
5088,2017-03-22T00:00:00.000Z,68.35,68.64,67.94,68.43,300971,65.6442488145,65.9227686705,65.250479363,65.7210818782,300971,0.0,1.0
5089,2017-03-23T00:00:00.000Z,68.31,68.8,68.19,68.35,183923,65.6058322827,66.0764347979,65.4905826871,65.6442488145,183923,0.0,1.0
5090,2017-03-24T00:00:00.000Z,68.63,68.94,68.14,68.43,256368,65.9131645375,66.2108926595,65.4425620223,65.7210818782,256368,0.0,1.0
5091,2017-03-27T00:00:00.000Z,68.34,68.47,67.66,68.26,305378,65.6346446816,65.7594984101,64.98156364,65.5578116178,305378,0.0,1.0
5092,2017-03-28T00:00:00.000Z,67.92,68.44,67.66,67.95,408002,65.231271097,65.7306860112,64.98156364,65.2600834959,408002,0.0,1.0
5093,2017-03-29T00:00:00.000Z,68.85,69.04,67.55,67.81,690669,66.1244554628,66.3069339891,64.8759181773,65.1256256344,690669,0.0,1.0
5094,2017-03-30T00:00:00.000Z,69.48,69.855,68.59,68.68,918143,66.7295158396,67.0896708257,65.8747480057,65.9611852024,918143,0.0,1.0
5095,2017-03-31T00:00:00.000Z,69.46,69.78,68.99,69.07,437667,66.7103075736,67.0176398285,66.2589133243,66.335746388,437667,0.0,1.0
5096,2017-04-03T00:00:00.000Z,69.9,70.25,69.45,69.75,623818,67.1328894241,67.4690340778,66.7007034407,66.9888274296,623818,0.0,1.0
5097,2017-04-04T00:00:00.000Z,69.5,70.12,69.155,69.77,321711,66.7487241055,67.3441803493,66.4173815182,67.0080356955,321711,0.0,1.0
5098,2017-04-05T00:00:00.000Z,69.39,70.0,69.29,69.82,306727,66.6430786429,67.2289307537,66.5470373132,67.0560563604,306727,0.0,1.0
5099,2017-04-06T00:00:00.000Z,70.03,70.05,69.11,69.46,243940,67.2577431526,67.2769514185,66.3741629199,66.7103075736,243940,0.0,1.0
5100,2017-04-07T00:00:00.000Z,69.9,70.19,69.78,69.82,303881,67.1328894241,67.4114092801,67.0176398285,67.0560563604,303881,0.0,1.0
5101,2017-04-10T00:00:00.000Z,69.72,70.16,69.53,69.96,209073,66.9600150307,67.3825968812,66.7775365044,67.1905142219,209073,0.0,1.0
5102,2017-04-11T00:00:00.000Z,70.24,70.24,69.41,69.54,309172,67.4594299449,67.4594299449,66.6622869088,66.7871406373,309172,0.0,1.0
5103,2017-04-12T00:00:00.000Z,69.72,70.54,69.4,70.5,341642,66.9600150307,67.7475539338,66.6526827758,67.709137402,341642,0.0,1.0
5104,2017-04-13T00:00:00.000Z,69.22,69.91,69.12,69.58,250354,66.4798083825,67.142493557,66.3837670528,66.8255571692,250354,0.0,1.0
5105,2017-04-17T00:00:00.000Z,70.02,70.03,69.27,69.48,339825,67.2481390197,67.2577431526,66.5278290473,66.7295158396,339825,0.0,1.0
5106,2017-04-18T00:00:00.000Z,69.91,70.065,69.33,69.86,185627,67.142493557,67.291357618,66.5854538451,67.0944728922,185627,0.0,1.0
5107,2017-04-19T00:00:00.000Z,70.53,70.77,70.02,70.18,218517,67.7379498009,67.968448992,67.2481390197,67.4018051471,218517,0.0,1.0
5108,2017-04-20T00:00:00.000Z,70.95,71.24,70.475,71.0,369897,68.1413233854,68.4198432414,67.6851270696,68.1893440502,369897,0.0,1.0
5109,2017-04-21T00:00:00.000Z,70.44,70.99,70.29,70.83,251099,67.6515126042,68.1797399172,67.5074506097,68.0260737898,251099,0.0,1.0
5110,2017-04-24T00:00:00.000Z,71.8,71.9,70.79,71.13,291937,68.9576746874,69.053716017,67.9876572579,68.3141977787,291937,0.0,1.0
5111,2017-04-25T00:00:00.000Z,72.29,72.68,71.5,71.99,488318,69.4282772027,69.8028383883,68.6695506984,69.1401532137,488318,0.0,1.0
5112,2017-04-26T00:00:00.000Z,72.98,73.35,72.48,72.48,326963,70.0909623772,70.4463152969,69.610755729,69.610755729,326963,0.0,1.0
5113,2017-04-27T00:00:00.000Z,73.87,73.96,72.85,73.1,379139,70.9457302111,71.0321674078,69.9661086487,70.2062119728,379139,0.0,1.0
5114,2017-04-28T00:00:00.000Z,73.8,74.88,73.19,74.02,604963,70.8785012804,71.9157476406,70.2926491695,71.0897922056,604963,0.0,1.0
5115,2017-05-01T00:00:00.000Z,74.17,74.71,73.5,74.17,378391,71.2338542001,71.7524773802,70.5903772914,71.2338542001,378391,0.0,1.0
5116,2017-05-02T00:00:00.000Z,74.39,74.4,73.66,74.05,505445,71.4451451253,71.4547492582,70.7440434188,71.1186046045,505445,0.0,1.0
5117,2017-05-03T00:00:00.000Z,75.26,75.83,74.45,74.97,1151540,72.2807046932,72.8281402722,71.5027699231,72.0021848372,1151540,0.0,1.0
5118,2017-05-04T00:00:00.000Z,75.25,75.68,74.88,75.42,407344,72.2711005603,72.6840782777,71.9157476406,72.4343708207,407344,0.0,1.0
5119,2017-05-05T00:00:00.000Z,75.71,75.82,75.12,75.65,584176,72.7128906766,72.8185361392,72.1462468317,72.6552658788,584176,0.0,1.0
5120,2017-05-08T00:00:00.000Z,75.3,75.73,74.98,75.73,651463,72.3191212251,72.7320989426,72.0117889702,72.7320989426,651463,0.0,1.0
5121,2017-05-09T00:00:00.000Z,75.92,77.5,75.08,75.08,925779,72.9145774689,74.4320304773,72.1078302998,72.1078302998,925779,0.0,1.0
5122,2017-05-10T00:00:00.000Z,76.38,76.52,75.4,75.88,666999,73.3563675853,73.4908254468,72.4151625547,72.876160937,666999,0.0,1.0
5123,2017-05-11T00:00:00.000Z,75.19,76.04,74.8,76.04,606181,72.2134757625,73.0298270645,71.8389145768,73.0298270645,606181,0.0,1.0
5124,2017-05-12T00:00:00.000Z,75.0,75.34,74.665,74.88,377390,72.0309972361,72.3575377569,71.7092587818,71.9157476406,377390,0.0,1.0
5125,2017-05-15T00:00:00.000Z,75.12,75.57,74.4,74.4,304810,72.1462468317,72.5784328151,71.4547492582,71.4547492582,304810,0.0,1.0
5126,2017-05-16T00:00:00.000Z,75.26,75.54,74.8,75.36,354890,72.2807046932,72.5496204162,71.8389145768,72.3767460229,354890,0.0,1.0
5127,2017-05-17T00:00:00.000Z,74.15,74.81,74.14,74.43,487911,71.2146459341,71.8485187098,71.2050418012,71.4835616571,487911,0.0,1.0
5128,2017-05-18T00:00:00.000Z,74.62,74.89,73.85,74.08,415531,71.6660401835,71.9253517735,70.9265219452,71.1474170034,415531,0.0,1.0
5129,2017-05-19T00:00:00.000Z,75.58,75.83,74.94,75.11,397310,72.5880369481,72.8281402722,71.9733724383,72.1366426987,397310,0.0,1.0
5130,2017-05-22T00:00:00.000Z,75.85,76.29,75.65,75.65,309184,72.8473485381,73.2699303886,72.6552658788,72.6552658788,309184,0.0,1.0
5131,2017-05-23T00:00:00.000Z,76.28,76.49,75.88,76.02,416542,73.2603262556,73.4620130479,72.876160937,73.0106187985,416542,0.0,1.0
5132,2017-05-24T00:00:00.000Z,76.67,76.86,76.06,76.06,360294,73.6348874413,73.8173659676,73.0490353304,73.0490353304,360294,0.0,1.0
5133,2017-05-25T00:00:00.000Z,77.37,77.49,76.52,76.81,430231,74.3071767488,74.4224263444,73.4908254468,73.7693453028,430231,0.0,1.0
5134,2017-05-26T00:00:00.000Z,77.1,77.38,76.83,77.04,377875,74.0478651587,74.3167808818,73.7885535687,73.990240361,377875,0.0,1.0
5135,2017-05-30T00:00:00.000Z,77.07,77.26,76.47,76.95,232040,74.0190527598,74.2015312862,73.442804782,73.9038031643,232040,0.0,1.0
5136,2017-05-31T00:00:00.000Z,77.56,77.91,77.2,77.58,344368,74.4896552751,74.8257999289,74.1439064884,74.5088635411,344368,0.0,1.0
5137,2017-06-01T00:00:00.000Z,79.26,79.35,77.78,78.0,618287,76.1223578791,76.2087950758,74.7009462004,74.9122371256,618287,0.0,1.0
5138,2017-06-02T00:00:00.000Z,79.45,80.6,79.27,79.5,687643,76.3048364055,77.4093116964,76.1319620121,76.3528570703,687643,0.0,1.0
5139,2017-06-05T00:00:00.000Z,79.06,80.23,78.94,79.43,501807,76.1991909429,77.3268541531,76.0835331777,76.5558023854,501807,0.28,1.0
5140,2017-06-06T00:00:00.000Z,78.95,79.68,78.65,78.65,469738,76.0931713248,76.7967560628,75.8040269119,75.8040269119,469738,0.0,1.0
5141,2017-06-07T00:00:00.000Z,79.02,79.4,78.86,79.1,353046,76.1606383545,76.5268879441,76.0064280009,76.2377435312,353046,0.0,1.0
5142,2017-06-08T00:00:00.000Z,80.1,80.24,78.69,78.93,437279,77.2015582409,77.3364923002,75.8425795003,76.0738950306,437279,0.0,1.0
5143,2017-06-09T00:00:00.000Z,79.78,80.72,79.22,80.16,344104,76.8931375338,77.7991233608,76.3534012964,77.2593871234,344104,0.0,1.0
5144,2017-06-12T00:00:00.000Z,79.44,80.04,78.78,79.64,486187,76.5654405325,77.1437293583,75.9293228242,76.7582034744,486187,0.0,1.0
5145,2017-06-13T00:00:00.000Z,80.46,80.9,79.68,79.71,483302,77.5485315363,77.9726100086,76.7967560628,76.8256705041,483302,0.0,1.0
5146,2017-06-14T00:00:00.000Z,80.9,81.31,80.61,80.61,472076,77.9726100086,78.3677740395,77.6931037428,77.6931037428,472076,0.0,1.0
5147,2017-06-15T00:00:00.000Z,80.88,81.09,80.08,80.44,446546,77.9533337144,78.1557348034,77.1822819467,77.5292552421,446546,0.0,1.0
5148,2017-06-16T00:00:00.000Z,81.88,82.04,80.69,80.69,730596,78.917148424,79.0713587775,77.7702089195,77.7702089195,730596,0.0,1.0
5149,2017-06-19T00:00:00.000Z,82.45,82.82,81.96,82.27,368505,79.4665228085,79.823134251,78.9942536008,79.2930361608,368505,0.0,1.0
5150,2017-06-20T00:00:00.000Z,81.35,82.9,81.22,82.56,371114,78.4063266279,79.9002394278,78.2810307156,79.5725424265,371114,0.0,1.0
5151,2017-06-21T00:00:00.000Z,81.84,82.7199,81.45,81.45,448835,78.8785958356,79.7266563986,78.5027080989,78.5027080989,448835,0.0,1.0
5152,2017-06-22T00:00:00.000Z,81.89,82.5,81.35,81.6,372002,78.9267865711,79.514713544,78.4063266279,78.6472803053,372002,0.0,1.0
5153,2017-06-23T00:00:00.000Z,82.51,83.48,81.8,82.06,5667552,79.5243516911,80.4592519594,78.8400432472,79.0906350717,5667552,0.0,1.0
5154,2017-06-26T00:00:00.000Z,83.11,83.54,82.4,82.67,582664,80.1026405168,80.517080842,79.418332073,79.6785620446,582664,0.0,1.0
5155,2017-06-27T00:00:00.000Z,81.47,83.4,81.37,82.98,604484,78.5219843931,80.3821467826,78.4256029221,79.9773446046,604484,0.0,1.0
5156,2017-06-28T00:00:00.000Z,82.32,83.26,81.58,81.95,687738,79.3412268962,80.2472127233,78.6280040111,78.9846154537,687738,0.0,1.0
5157,2017-06-29T00:00:00.000Z,81.63,82.48,81.09,82.23,496936,78.6761947466,79.4954372498,78.1557348034,79.2544835724,496936,0.0,1.0
5158,2017-06-30T00:00:00.000Z,81.5,82.32,81.5,82.19,415061,78.5508988343,79.3412268962,78.5508988343,79.215930984,415061,0.0,1.0
5159,2017-07-03T00:00:00.000Z,81.5,82.5499,81.44,81.5,245508,78.5508988343,79.562807898,78.4930699518,78.5508988343,245508,0.0,1.0
5160,2017-07-05T00:00:00.000Z,82.39,82.75,81.07,81.61,606658,79.4086939259,79.7556672214,78.1364585092,78.6569184524,606658,0.0,1.0
5161,2017-07-06T00:00:00.000Z,80.83,82.15,80.83,81.7,599886,77.9051429789,79.1773783956,77.9051429789,78.7436617763,599886,0.0,1.0
5162,2017-07-07T00:00:00.000Z,82.1,82.16,80.735,80.89,367770,79.1291876601,79.1870165427,77.8135805815,77.9629718615,367770,0.0,1.0
5163,2017-07-10T00:00:00.000Z,82.06,82.31,81.47,81.83,410668,79.0906350717,79.3315887491,78.5219843931,78.8689576885,410668,0.0,1.0
5164,2017-07-11T00:00:00.000Z,81.92,82.46,81.61,82.05,302517,78.9557010124,79.4761609556,78.6569184524,79.0809969246,302517,0.0,1.0
5165,2017-07-12T00:00:00.000Z,82.96,83.33,82.4,82.42,408041,79.9580683104,80.314679753,79.418332073,79.4376083672,408041,0.0,1.0
5166,2017-07-13T00:00:00.000Z,82.22,83.0738,81.93,82.92,500617,79.2448454253,80.0677504243,78.9653391595,79.919515722,500617,0.0,1.0
5167,2017-07-14T00:00:00.000Z,82.53,82.95,81.89,82.19,312235,79.5436279853,79.9484301633,78.9267865711,79.215930984,312235,0.0,1.0
5168,2017-07-17T00:00:00.000Z,82.45,82.8,82.0,82.8,477070,79.4665228085,79.8038579569,79.0328061892,79.8038579569,477070,0.0,1.0
5169,2017-07-18T00:00:00.000Z,81.91,82.4496,81.77,82.44,460166,78.9460628653,79.4661372826,78.8111288059,79.4568846614,460166,0.0,1.0
5170,2017-07-19T00:00:00.000Z,81.98,82.24,81.56,82.03,464369,79.013529895,79.2641217195,78.6087277169,79.0617206304,464369,0.0,1.0
5171,2017-07-20T00:00:00.000Z,82.19,82.44,81.83,82.12,358802,79.215930984,79.4568846614,78.8689576885,79.1484639543,358802,0.0,1.0
5172,2017-07-21T00:00:00.000Z,82.15,82.38,81.7,82.19,251211,79.1773783956,79.3990557788,78.7436617763,79.215930984,251211,0.0,1.0
5173,2017-07-24T00:00:00.000Z,82.77,82.84,81.85,82.14,332309,79.7749435156,79.8424105452,78.8882339827,79.1677402485,332309,0.0,1.0
5174,2017-07-25T00:00:00.000Z,83.13,83.29,82.53,82.66,410626,80.121916811,80.2761271646,79.5436279853,79.6689238975,410626,0.0,1.0
5175,2017-07-26T00:00:00.000Z,82.5,83.36,82.46,82.98,240947,79.514713544,80.3435941942,79.4761609556,79.9773446046,240947,0.0,1.0
5176,2017-07-27T00:00:00.000Z,82.01,82.61,81.58,82.61,317018,79.0424443363,79.620733162,78.6280040111,79.620733162,317018,0.0,1.0
5177,2017-07-28T00:00:00.000Z,81.87,82.395,81.54,81.92,458524,78.9075102769,79.4135129995,78.5894514227,78.9557010124,458524,0.0,1.0
5178,2017-07-31T00:00:00.000Z,81.85,82.11,81.6,82.02,275063,78.8882339827,79.1388258072,78.6472803053,79.0520824833,275063,0.0,1.0
5179,2017-08-01T00:00:00.000Z,82.7,83.42,82.3401,82.48,443192,79.7074764859,80.4014230768,79.3605995719,79.4954372498,443192,0.0,1.0
5180,2017-08-02T00:00:00.000Z,82.27,82.73,81.66,82.73,341172,79.2930361608,79.7363909272,78.7051091879,79.7363909272,341172,0.0,1.0
5181,2017-08-03T00:00:00.000Z,82.22,82.605,81.91,82.04,406561,79.2448454253,79.6159140885,78.9460628653,79.0713587775,406561,0.0,1.0
5182,2017-08-04T00:00:00.000Z,82.48,82.5,81.97,82.47,227317,79.4954372498,79.514713544,79.0038917479,79.4857991027,227317,0.0,1.0
5183,2017-08-07T00:00:00.000Z,82.21,82.59,81.94,82.44,660023,79.2352072782,79.6014568678,78.9749773066,79.4568846614,660023,0.0,1.0
5184,2017-08-08T00:00:00.000Z,86.7,87.49,84.8,86.7,1221000,83.5627353244,84.324148945,81.7314873761,83.5627353244,1221000,0.0,1.0
5185,2017-08-09T00:00:00.000Z,86.23,86.73,85.8,86.08,618255,83.1097424109,83.5916497657,82.6953020857,82.9651702044,618255,0.0,1.0
5186,2017-08-10T00:00:00.000Z,84.64,86.1398,84.52,86.0,317154,81.5772770226,83.0228063241,81.4616192574,82.8880650277,317154,0.0,1.0
5187,2017-08-11T00:00:00.000Z,84.94,85.6,84.42,84.42,353738,81.8664214354,82.5025391438,81.3652377864,81.3652377864,353738,0.0,1.0
5188,2017-08-14T00:00:00.000Z,85.68,86.75,85.36,85.73,527938,82.5796443206,83.6109260599,82.2712236135,82.6278350561,527938,0.0,1.0
5189,2017-08-15T00:00:00.000Z,85.98,86.2,85.55,85.7,341331,82.8687887335,83.0808279696,82.4543484083,82.5989206148,341331,0.0,1.0
5190,2017-08-16T00:00:00.000Z,86.58,86.78,85.69,85.72,376353,83.4470775592,83.6398405012,82.5892824677,82.618196909,376353,0.0,1.0
5191,2017-08-17T00:00:00.000Z,86.23,87.1999,86.22,86.33,329988,83.1097424109,84.0445462977,83.1001042638,83.2061238818,329988,0.0,1.0
5192,2017-08-18T00:00:00.000Z,85.13,86.585,85.12,86.0,376801,82.0495462303,83.4518966328,82.0399080832,82.8880650277,376801,0.0,1.0
5193,2017-08-21T00:00:00.000Z,84.98,85.27,84.73,85.09,270967,81.9049740238,82.1844802896,81.6640203464,82.0109936419,270967,0.0,1.0
5194,2017-08-22T00:00:00.000Z,86.26,86.47,84.9,84.93,347578,83.1386568522,83.3410579412,81.8278688471,81.8567832884,347578,0.0,1.0
5195,2017-08-23T00:00:00.000Z,85.12,86.11,85.11,85.89,262194,82.0399080832,82.9940846457,82.0302699361,82.7820454096,262194,0.0,1.0
5196,2017-08-24T00:00:00.000Z,85.0,85.31,84.87,85.26,270077,81.924250318,82.223032878,81.7989544058,82.1748421425,270077,0.0,1.0
5197,2017-08-25T00:00:00.000Z,84.91,85.21,84.63,84.96,384993,82.1362895541,82.4264896115,81.8654361673,82.1846562304,384993,0.31,1.0
5198,2017-08-28T00:00:00.000Z,85.22,85.45,84.61,85.1,621850,82.4361629467,82.6586496573,81.8460894968,82.3200829238,621850,0.0,1.0
5199,2017-08-29T00:00:00.000Z,85.46,85.76,84.67,84.83,292228,82.6683229925,82.9585230499,81.9041295083,82.0589028722,292228,0.0,1.0
5200,2017-08-30T00:00:00.000Z,86.0,86.11,85.21,85.44,319688,83.1906830957,83.2970897834,82.4264896115,82.6489763221,319688,0.0,1.0
5201,2017-08-31T00:00:00.000Z,87.16,87.195,86.17,86.26,313577,84.312789984,84.3466466573,83.3551297948,83.442189812,313577,0.0,1.0
5202,2017-09-01T00:00:00.000Z,86.88,87.24,86.65,87.17,363456,84.0419365972,84.3901766659,83.8194498865,84.3224633192,363456,0.0,1.0
5203,2017-09-05T00:00:00.000Z,87.09,87.26,86.06,86.67,468016,84.2450766373,84.4095233364,83.2487231072,83.838796557,468016,0.0,1.0
5204,2017-09-06T00:00:00.000Z,86.99,87.27,86.55,87.25,409644,84.1483432848,84.4191966717,83.7227165341,84.3998500012,409644,0.0,1.0
5205,2017-09-07T00:00:00.000Z,87.0,87.16,86.66,87.07,298343,84.1580166201,84.312789984,83.8291232218,84.2257299668,298343,0.0,1.0
5206,2017-09-08T00:00:00.000Z,87.05,87.52,86.7,86.91,531619,84.2063832963,84.6610300527,83.8678165628,84.0709566029,531619,0.0,1.0
5207,2017-09-11T00:00:00.000Z,87.48,88.105,87.17,87.71,395217,84.6223367118,85.2269201645,84.3224633192,84.8448234224,395217,0.0,1.0
5208,2017-09-12T00:00:00.000Z,87.42,87.63,86.91,87.63,256618,84.5642967003,84.7674367404,84.0709566029,84.7674367404,256618,0.0,1.0
5209,2017-09-13T00:00:00.000Z,87.09,87.31,86.81,87.22,429653,84.2450766373,84.4578900126,83.9742232504,84.3708299954,429653,0.0,1.0
5210,2017-09-14T00:00:00.000Z,86.8,87.36,86.49,86.86,318080,83.9645499152,84.5062566888,83.6646765226,84.0225899267,318080,0.0,1.0
5211,2017-09-15T00:00:00.000Z,86.64,86.96,86.26,86.8,386504,83.8097765513,84.1193232791,83.442189812,83.9645499152,386504,0.0,1.0
5212,2017-09-18T00:00:00.000Z,86.73,87.23,86.48,86.9,288230,83.8968365685,84.3805033307,83.6550031874,84.0612832676,288230,0.0,1.0
5213,2017-09-19T00:00:00.000Z,86.9,87.19,86.27,86.83,495541,84.0612832676,84.3418099897,83.4518631473,83.9935699209,495541,0.0,1.0
5214,2017-09-20T00:00:00.000Z,87.08,87.29,86.54,87.03,448484,84.235403302,84.4385433421,83.7130431989,84.1870366258,448484,0.0,1.0
5215,2017-09-21T00:00:00.000Z,86.76,87.18,86.48,87.09,391662,83.9258565742,84.3321366545,83.6550031874,84.2450766373,391662,0.0,1.0
5216,2017-09-22T00:00:00.000Z,87.04,87.3,86.7,86.71,405683,84.196709961,84.4482166774,83.8678165628,83.877489898,405683,0.0,1.0
5217,2017-09-25T00:00:00.000Z,86.5,87.0,86.49,87.0,322908,83.6743498579,84.1580166201,83.6646765226,84.1580166201,322908,0.0,1.0
5218,2017-09-26T00:00:00.000Z,86.78,87.01,86.63,86.82,450605,83.9452032447,84.1676899553,83.8001032161,83.9838965857,450605,0.0,1.0
5219,2017-09-27T00:00:00.000Z,87.61,87.73,86.52,87.07,445799,84.7480900699,84.8641700929,83.6936965284,84.2257299668,445799,0.0,1.0
5220,2017-09-28T00:00:00.000Z,87.66,88.08,87.28,88.08,286413,84.7964567462,85.2027368264,84.4288700069,85.2027368264,286413,0.0,1.0
5221,2017-09-29T00:00:00.000Z,88.4,88.43,87.31,87.67,454718,85.5122835542,85.5413035599,84.4578900126,84.8061300814,454718,0.0,1.0
5222,2017-10-02T00:00:00.000Z,88.8,88.92,87.98,88.7,378760,85.8992169639,86.0152969869,85.106003474,85.8024836115,378760,0.0,1.0
5223,2017-10-03T00:00:00.000Z,89.64,89.67,88.81,89.04,437814,86.7117771244,86.7407971301,85.9088902992,86.1313770098,437814,0.0,1.0
5224,2017-10-04T00:00:00.000Z,90.32,90.76,89.39,89.61,457256,87.369563921,87.7951906717,86.4699437433,86.6827571187,457256,0.0,1.0
5225,2017-10-05T00:00:00.000Z,91.02,91.18,90.06,90.3,438772,88.046697388,88.2014707519,87.1180572046,87.3502172505,438772,0.0,1.0
5226,2017-10-06T00:00:00.000Z,90.51,91.15,90.32,90.91,271640,87.5533572906,88.1724507462,87.369563921,87.9402907004,271640,0.0,1.0
5227,2017-10-09T00:00:00.000Z,89.91,90.51,89.63,90.37,216691,86.972957176,87.5533572906,86.7021037892,87.4179305972,216691,0.0,1.0
5228,2017-10-10T00:00:00.000Z,89.9,90.02,89.23,89.84,465454,86.9632838407,87.0793638637,86.3151703794,86.9052438293,465454,0.0,1.0
5229,2017-10-11T00:00:00.000Z,90.0,90.22,89.76,90.07,407915,87.0600171932,87.2728305685,86.8278571473,87.1277305399,407915,0.0,1.0
5230,2017-10-12T00:00:00.000Z,90.6,90.74,89.79,90.0,250158,87.6404173078,87.7758440012,86.8568771531,87.0600171932,250158,0.0,1.0
5231,2017-10-13T00:00:00.000Z,89.49,90.93,89.29,90.38,450521,86.5666770958,87.9596373708,86.3732103909,87.4276039324,450521,0.0,1.0
5232,2017-10-16T00:00:00.000Z,90.67,90.76,89.66,89.97,269923,87.7081306545,87.7951906717,86.7311237949,87.0309971874,269923,0.0,1.0
5233,2017-10-17T00:00:00.000Z,90.79,90.97,90.35,90.35,233371,87.8242106774,87.9983307118,87.3985839267,87.3985839267,233371,0.0,1.0
5234,2017-10-18T00:00:00.000Z,90.5,90.98,90.2104,90.98,287259,87.5436839554,88.0080040471,87.2635441667,88.0080040471,287259,0.0,1.0
5235,2017-10-19T00:00:00.000Z,90.6,90.66,90.0,90.44,319492,87.6404173078,87.6984573193,87.0600171932,87.4856439439,319492,0.0,1.0
5236,2017-10-20T00:00:00.000Z,91.24,91.49,90.82,91.0,214697,88.2595107634,88.5013441445,87.8532306832,88.0273507175,214697,0.0,1.0
5237,2017-10-23T00:00:00.000Z,91.27,92.195,91.0919,91.51,242782,88.2885307691,89.1833142792,88.1162486684,88.520690815,242782,0.0,1.0
5238,2017-10-24T00:00:00.000Z,91.23,91.56,90.3,91.27,275578,88.2498374282,88.5690574912,87.3502172505,88.2885307691,275578,0.0,1.0
5239,2017-10-25T00:00:00.000Z,91.06,91.325,90.34,91.16,301703,88.085390729,88.341734113,87.3889105915,88.1821240814,301703,0.0,1.0
5240,2017-10-26T00:00:00.000Z,91.2,92.0,90.97,90.97,306125,88.2208174224,88.9946842419,87.9983307118,87.9983307118,306125,0.0,1.0
5241,2017-10-27T00:00:00.000Z,92.8,92.96,91.2,91.28,386150,89.7685510614,89.9233244253,88.2208174224,88.2982041044,386150,0.0,1.0
5242,2017-10-30T00:00:00.000Z,92.13,92.59,91.44,92.54,338621,89.1204376001,89.5654110213,88.4529774683,89.5170443451,338621,0.0,1.0
5243,2017-10-31T00:00:00.000Z,93.33,93.39,91.7,92.14,522109,90.2812378293,90.3392778408,88.7044841846,89.1301109353,522109,0.0,1.0
5244,2017-11-01T00:00:00.000Z,89.25,91.74,87.16,91.61,1042300,86.3345170499,88.7431775256,84.312789984,88.6174241674,1042300,0.0,1.0
5245,2017-11-02T00:00:00.000Z,87.72,90.42,87.63,89.61,697775,84.8544967576,87.4662972734,84.7674367404,86.6827571187,697775,0.0,1.0
5246,2017-11-03T00:00:00.000Z,88.63,89.36,87.4089,87.72,467223,85.7347702648,86.4409237376,84.5535592982,84.8544967576,467223,0.0,1.0
5247,2017-11-06T00:00:00.000Z,87.2,88.8,87.01,88.23,344969,84.3514833249,85.8992169639,84.1676899553,85.347836855,344969,0.0,1.0
5248,2017-11-07T00:00:00.000Z,87.31,87.46,86.895,87.31,299274,84.4578900126,84.6029900413,84.0564466,84.4578900126,299274,0.0,1.0
5249,2017-11-08T00:00:00.000Z,87.69,87.75,86.68,87.31,239754,84.8254767519,84.8835167634,83.8484698923,84.4578900126,239754,0.0,1.0
5250,2017-11-09T00:00:00.000Z,88.15,88.34,87.23,87.6,365230,85.2704501731,85.4542435427,84.3805033307,84.7384167347,365230,0.0,1.0
5251,2017-11-10T00:00:00.000Z,86.85,88.15,86.34,88.15,224437,84.0129165914,85.2704501731,83.519576494,85.2704501731,224437,0.0,1.0
5252,2017-11-13T00:00:00.000Z,87.53,87.7,86.02,86.58,348285,84.670703388,84.8351500871,83.2100297662,83.7517365398,348285,0.0,1.0
5253,2017-11-14T00:00:00.000Z,88.26,88.31,86.95,87.32,315924,85.3768568608,85.425223537,84.1096499439,84.4675633479,315924,0.0,1.0
5254,2017-11-15T00:00:00.000Z,87.61,87.95,86.96,87.79,238443,84.7480900699,85.0769834682,84.1193232791,84.9222101043,238443,0.0,1.0
5255,2017-11-16T00:00:00.000Z,87.89,88.45,87.6,87.84,320840,85.0189434568,85.5606502304,84.7384167347,84.9705767805,320840,0.0,1.0
5256,2017-11-17T00:00:00.000Z,87.85,88.06,87.18,87.45,245510,84.9802501158,85.1833901559,84.3321366545,84.593316706,245510,0.0,1.0
5257,2017-11-20T00:00:00.000Z,88.14,88.26,87.25,87.95,188327,85.2607768379,85.3768568608,84.3998500012,85.0769834682,188327,0.0,1.0
5258,2017-11-21T00:00:00.000Z,88.58,88.62,88.0,88.0,290425,85.9862769811,86.0251057357,85.42326004,85.42326004,290425,0.31,1.0
5259,2017-11-22T00:00:00.000Z,87.9,88.39,87.58,88.39,237363,85.3261881536,85.801840397,85.015558117,85.801840397,237363,0.0,1.0
5260,2017-11-24T00:00:00.000Z,88.48,88.59,87.65,87.91,89204,85.8892050947,85.9959841698,85.0835084375,85.3358953422,89204,0.0,1.0
5261,2017-11-27T00:00:00.000Z,88.45,88.86,88.23,88.44,199500,85.8600835288,86.2580782631,85.6465253787,85.8503763402,199500,0.0,1.0
5262,2017-11-28T00:00:00.000Z,88.93,88.93,87.98,88.8,161442,86.3260285836,86.3260285836,85.4038456627,86.1998351312,161442,0.0,1.0
5263,2017-11-29T00:00:00.000Z,89.44,89.85,88.85,88.93,222600,86.8210952042,87.2190899385,86.2483710744,86.3260285836,222600,0.0,1.0
5264,2017-11-30T00:00:00.000Z,89.96,90.35,89.3,89.51,324000,87.3258690136,87.7044493706,86.6851945633,86.8890455247,324000,0.0,1.0
5265,2017-12-01T00:00:00.000Z,89.65,90.07,87.91,90.07,243100,87.0249461657,87.4326480886,85.3358953422,87.4326480886,243100,0.0,1.0
5266,2017-12-04T00:00:00.000Z,89.47,90.625,89.35,90.0,355936,86.8502167702,87.9713970582,86.7337305065,87.3646977681,355936,0.0,1.0
5267,2017-12-05T00:00:00.000Z,89.08,90.075,88.81,89.4,239225,86.4716364132,87.4375016829,86.2095423199,86.7822664497,239225,0.0,1.0
5268,2017-12-06T00:00:00.000Z,89.0,89.57,88.81,88.98,332931,86.393978904,86.9472886566,86.2095423199,86.3745645268,332931,0.0,1.0
5269,2017-12-07T00:00:00.000Z,88.74,89.18,88.41,89.18,280400,86.1415919994,86.5687082996,85.8212547742,86.5687082996,280400,0.0,1.0
5270,2017-12-08T00:00:00.000Z,88.45,89.24,88.32,88.83,317878,85.8600835288,86.6269514314,85.7338900765,86.2289566972,317878,0.0,1.0
5271,2017-12-11T00:00:00.000Z,87.83,88.74,87.74,88.29,416826,85.2582378331,86.1415919994,85.1708731353,85.7047685105,416826,0.0,1.0
5272,2017-12-12T00:00:00.000Z,87.9,88.27,87.67,87.92,396010,85.3261881536,85.6853541333,85.1029228148,85.3456025308,396010,0.0,1.0
5273,2017-12-13T00:00:00.000Z,87.93,88.91,87.86,87.96,444078,85.3553097195,86.3066142063,85.287359399,85.3844312854,444078,0.0,1.0
5274,2017-12-14T00:00:00.000Z,87.57,88.84,87.52,88.01,368233,85.0058509284,86.2386638858,84.9573149852,85.4329672286,368233,0.0,1.0
5275,2017-12-15T00:00:00.000Z,89.19,89.77,87.61,87.67,1056072,86.5784154882,87.1414324294,85.044679683,85.1029228148,1056072,0.0,1.0
5276,2017-12-18T00:00:00.000Z,89.09,90.61,88.99,89.42,324547,86.4813436018,87.9568362752,86.3842717154,86.801680827,324547,0.0,1.0
5277,2017-12-19T00:00:00.000Z,89.98,90.3,89.22,89.35,314129,87.3452833909,87.6559134274,86.6075370541,86.7337305065,314129,0.0,1.0
5278,2017-12-20T00:00:00.000Z,89.29,90.54,88.99,90.5,270971,86.6754873746,87.8888859547,86.3842717154,87.8500572002,270971,0.0,1.0
5279,2017-12-21T00:00:00.000Z,88.25,89.79,88.18,89.21,302528,85.665939756,87.1608468067,85.5979894355,86.5978298655,302528,0.0,1.0
5280,2017-12-22T00:00:00.000Z,88.13,88.48,87.53,88.39,427540,85.5494534923,85.8892050947,84.9670221738,85.801840397,427540,0.0,1.0
5281,2017-12-26T00:00:00.000Z,87.87,88.63,87.8,87.97,173036,85.2970665876,86.0348129243,85.2291162671,85.394138474,173036,0.0,1.0
5282,2017-12-27T00:00:00.000Z,88.33,88.54,87.61,87.87,181478,85.7435972651,85.9474482266,85.044679683,85.2970665876,181478,0.0,1.0
5283,2017-12-28T00:00:00.000Z,88.27,88.63,87.58,88.63,193688,85.6853541333,86.0348129243,85.015558117,86.0348129243,193688,0.0,1.0
5284,2017-12-29T00:00:00.000Z,87.47,88.8,87.43,88.23,204691,84.908779042,86.1998351312,84.8699502874,85.6465253787,204691,0.0,1.0
5285,2018-01-02T00:00:00.000Z,88.31,88.55,87.71,88.23,377801,85.7241828878,85.9571554152,85.1417515694,85.6465253787,377801,0.0,1.0
5286,2018-01-03T00:00:00.000Z,87.14,88.09,86.26,87.0,498388,84.5884418168,85.5106247377,83.7342092164,84.4525411759,498388,0.0,1.0
5287,2018-01-04T00:00:00.000Z,86.59,87.79,86.5,87.61,400641,84.0545464416,85.2194090785,83.9671817438,85.044679683,400641,0.0,1.0
5288,2018-01-05T00:00:00.000Z,86.95,87.18,86.44,86.59,508960,84.4040052327,84.6272705714,83.908938612,84.0545464416,508960,0.0,1.0
5289,2018-01-08T00:00:00.000Z,88.81,89.1,86.87,87.38,379948,86.2095423199,86.4910507905,84.3263477235,84.8214143442,379948,0.0,1.0
5290,2018-01-09T00:00:00.000Z,89.96,90.44,88.72,89.3,505371,87.3258690136,87.7918140683,86.1221776221,86.6851945633,505371,0.0,1.0
5291,2018-01-10T00:00:00.000Z,90.06,90.12,89.1,89.82,311818,87.4229409,87.4811840318,86.4910507905,87.1899683726,311818,0.0,1.0
5292,2018-01-11T00:00:00.000Z,90.43,90.66,89.88,89.98,264491,87.7821068797,88.0053722184,87.2482115044,87.3452833909,264491,0.0,1.0
5293,2018-01-12T00:00:00.000Z,91.67,91.81,90.46,90.75,263298,88.9857982712,89.1216989121,87.8112284456,88.0927369162,263298,0.0,1.0
5294,2018-01-16T00:00:00.000Z,91.71,93.71,91.23,91.68,400959,89.0246270257,90.9660647539,88.558681971,88.9955054598,400959,0.0,1.0
5295,2018-01-17T00:00:00.000Z,91.9,92.89,91.84,92.27,193580,89.2090636099,90.1700752854,89.1508204781,89.5682295896,193580,0.0,1.0
5296,2018-01-18T00:00:00.000Z,91.43,92.07,91.01,91.89,296676,88.7528257438,89.3740858168,88.3451238209,89.1993564213,296676,0.0,1.0
5297,2018-01-19T00:00:00.000Z,91.96,92.22,91.2,91.93,268987,89.2673067418,89.5196936464,88.529560405,89.2381851758,268987,0.0,1.0
5298,2018-01-22T00:00:00.000Z,91.85,92.61,91.42,91.51,311179,89.1605276667,89.8982740034,88.7431185551,88.8304832529,311179,0.0,1.0
5299,2018-01-23T00:00:00.000Z,91.61,92.48,91.5,91.91,186809,88.9275551393,89.7720805511,88.8207760643,89.2187707986,186809,0.0,1.0
5300,2018-01-24T00:00:00.000Z,91.7,92.35,91.35,91.99,324235,89.0149198371,89.6458870988,88.6751682347,89.2964283077,324235,0.0,1.0
5301,2018-01-25T00:00:00.000Z,91.85,92.98,91.44,92.38,864323,89.1605276667,90.2574399831,88.7625329324,89.6750086647,864323,0.0,1.0
5302,2018-01-26T00:00:00.000Z,92.1,92.42,91.44,92.19,225840,89.4032073827,89.7138374192,88.7625329324,89.4905720805,225840,0.0,1.0
5303,2018-01-29T00:00:00.000Z,92.72,93.16,92.09,92.09,213786,90.0050530785,90.4321693787,89.3935001941,89.3935001941,213786,0.0,1.0
5304,2018-01-30T00:00:00.000Z,92.31,92.79,91.92,92.17,229948,89.6070583442,90.073003399,89.2284779872,89.4711577032,229948,0.0,1.0
5305,2018-01-31T00:00:00.000Z,90.92,92.91,90.89,92.58,346037,88.2577591231,90.1894896626,88.2286375572,89.8691524375,346037,0.0,1.0
5306,2018-02-01T00:00:00.000Z,91.39,91.59,89.66,90.62,216858,88.7139969892,88.908140762,87.0346533543,87.9665434639,216858,0.0,1.0
5307,2018-02-02T00:00:00.000Z,90.6,91.6,90.51,91.11,266134,87.9471290866,88.9178479507,87.8597643888,88.4421957073,266134,0.0,1.0
5308,2018-02-05T00:00:00.000Z,88.08,90.51,87.63,89.95,433364,85.5009175491,87.8597643888,85.0640940602,87.3161618249,433364,0.0,1.0
5309,2018-02-06T00:00:00.000Z,88.33,88.65,85.52,86.81,460303,85.7435972651,86.0542273016,83.015877257,84.2681045917,460303,0.0,1.0
5310,2018-02-07T00:00:00.000Z,86.17,88.77,83.92,87.6,974475,83.6468445187,86.1707135653,81.4627270745,85.0349724943,974475,0.0,1.0
5311,2018-02-08T00:00:00.000Z,84.19,87.69,84.17,86.81,600941,81.7248211678,85.1223371921,81.7054067905,84.2681045917,600941,0.0,1.0
5312,2018-02-09T00:00:00.000Z,85.57,86.24,82.88,84.63,597520,83.0644132002,83.7147948392,80.4531794558,82.151937468,597520,0.0,1.0
5313,2018-02-12T00:00:00.000Z,85.86,86.57,84.86,85.8,298723,83.3459216708,84.0351320643,82.3752028067,83.287678539,298723,0.0,1.0
5314,2018-02-13T00:00:00.000Z,85.65,86.05,83.44,85.59,484391,83.1420707093,83.530358255,80.9967820197,83.0838275775,484391,0.0,1.0
5315,2018-02-14T00:00:00.000Z,88.33,88.47,85.4,85.67,468835,85.7435972651,85.8794979061,82.8993909933,83.1614850866,468835,0.0,1.0
5316,2018-02-15T00:00:00.000Z,89.49,89.63,87.77,88.66,355904,86.8696311475,87.0055317884,85.1999947012,86.0639344903,355904,0.0,1.0
5317,2018-02-16T00:00:00.000Z,90.11,90.91,89.25,89.49,268263,87.4714768432,88.2480519345,86.6366586201,86.8696311475,268263,0.0,1.0
5318,2018-02-20T00:00:00.000Z,89.51,90.06,88.81,90.06,343479,86.8890455247,87.4229409,86.2095423199,87.4229409,343479,0.0,1.0
5319,2018-02-21T00:00:00.000Z,90.12,91.42,89.47,89.65,385078,87.4811840318,88.7431185551,86.8502167702,87.0249461657,385078,0.0,1.0
5320,2018-02-22T00:00:00.000Z,90.64,91.91,90.22,90.45,389164,87.9859578412,89.2187707986,87.5782559182,87.801521257,389164,0.0,1.0
5321,2018-02-23T00:00:00.000Z,91.78,91.9,90.69,90.88,228734,89.0925773462,89.2090636099,88.0344937844,88.2189303685,228734,0.0,1.0
5322,2018-02-26T00:00:00.000Z,92.55,92.87,91.09,92.45,232115,89.8400308716,90.1506609081,88.42278133,89.7429589852,232115,0.0,1.0
5323,2018-02-27T00:00:00.000Z,92.03,92.69,91.8,92.21,250624,89.6361799101,90.279012451,89.4121625095,89.8114978758,250624,0.31,1.0
5324,2018-02-28T00:00:00.000Z,91.3,92.77,91.21,92.0,234548,88.9251681603,90.3569315469,88.8375091775,89.6069602492,234548,0.0,1.0
5325,2018-03-01T00:00:00.000Z,90.12,91.43,89.03,91.1,406700,87.7758614962,89.0517866911,86.714213815,88.7303704206,406700,0.0,1.0
5326,2018-03-02T00:00:00.000Z,89.76,90.45,88.92,89.4,280900,87.4252255648,88.0972777667,86.6070750582,87.0745896334,280900,0.0,1.0
5327,2018-03-05T00:00:00.000Z,90.92,91.09,89.13,89.37,332600,88.5550524549,88.7206305337,86.8116126849,87.0453699725,332600,0.0,1.0
5328,2018-03-06T00:00:00.000Z,93.15,93.23,90.45,91.11,507100,90.7270472523,90.8049663481,88.0972777667,88.7401103076,507100,0.0,1.0
5329,2018-03-07T00:00:00.000Z,92.76,93.53,92.46,92.49,518051,90.3471916599,91.0971629577,90.0549950504,90.0842147114,518051,0.0,1.0
5330,2018-03-08T00:00:00.000Z,93.45,93.89,92.55,93.37,284448,91.0192438618,91.4477988891,90.1426540333,90.9413247659,284448,0.0,1.0
5331,2018-03-09T00:00:00.000Z,95.2,95.41,93.81,94.09,412619,92.7237240839,92.9282617106,91.3698797932,91.6425966287,412619,0.0,1.0
5332,2018-03-12T00:00:00.000Z,95.85,96.34,95.22,95.45,335511,93.3568167378,93.8340712,92.7432038579,92.9672212585,335511,0.0,1.0
5333,2018-03-13T00:00:00.000Z,95.02,96.43,94.7,96.03,360306,92.5484061182,93.9217301829,92.2367297347,93.5321347036,360306,0.0,1.0
5334,2018-03-14T00:00:00.000Z,94.91,95.58,94.48,95.26,222097,92.4412673614,93.0938397893,92.0224522211,92.7821634058,222097,0.0,1.0
5335,2018-03-15T00:00:00.000Z,95.08,95.44,94.85,95.11,183119,92.6068454401,92.9574813715,92.3828280395,92.6360651011,183119,0.0,1.0
5336,2018-03-16T00:00:00.000Z,95.28,95.72,95.0,95.27,378959,92.8016431798,93.2301982071,92.5289263442,92.7919032928,378959,0.0,1.0
5337,2018-03-19T00:00:00.000Z,94.7,95.1,94.01,95.03,270223,92.2367297347,92.6263252141,91.5646775329,92.5581460052,270223,0.0,1.0
5338,2018-03-20T00:00:00.000Z,94.64,95.37,94.21,94.63,175179,92.1782904128,92.8893021626,91.7594752725,92.1685505258,175179,0.0,1.0
5339,2018-03-21T00:00:00.000Z,93.81,95.13,93.81,94.65,276594,91.3698797932,92.655544875,91.3698797932,92.1880302998,276594,0.0,1.0
5340,2018-03-22T00:00:00.000Z,92.06,93.8,91.92,93.44,563454,89.6653995711,91.3601399062,89.5290411533,91.0095039748,563454,0.0,1.0
5341,2018-03-23T00:00:00.000Z,89.69,92.58,89.67,92.23,408889,87.3570463559,90.1718736942,87.337566582,89.8309776498,408889,0.0,1.0
5342,2018-03-26T00:00:00.000Z,91.53,91.68,89.87,90.98,469583,89.1491855609,89.2952838657,87.5323643217,88.6134917768,469583,0.0,1.0
5343,2018-03-27T00:00:00.000Z,90.42,91.62,90.01,91.47,472522,88.0680581058,89.2368445438,87.6687227394,89.090746239,472522,0.0,1.0
5344,2018-03-28T00:00:00.000Z,91.2,91.61,90.2,90.71,295800,88.8277692905,89.2271046568,87.8537805921,88.3505148283,295800,0.0,1.0
5345,2018-03-29T00:00:00.000Z,93.36,93.75,91.4,91.62,533700,90.9315848789,91.3114404713,89.0225670301,89.2368445438,533700,0.0,1.0
5346,2018-04-02T00:00:00.000Z,91.02,94.22,90.54,93.96,406300,88.6524513248,91.7692151595,88.1849367496,91.5159780979,406300,0.0,1.0
5347,2018-04-03T00:00:00.000Z,92.46,92.95,90.93,91.52,407000,90.0549950504,90.5322495126,88.5647923419,89.1394456739,407000,0.0,1.0
5348,2018-04-04T00:00:00.000Z,92.88,93.07,91.1,91.52,261500,90.4640703037,90.6491281564,88.7303704206,89.1394456739,261500,0.0,1.0
5349,2018-04-05T00:00:00.000Z,94.2,94.82,92.87,93.57,461700,91.7497353856,92.3536083785,90.4543304167,91.1361225056,461700,0.0,1.0
5350,2018-04-06T00:00:00.000Z,92.25,93.94,91.18,93.4,293600,89.8504574238,91.496498324,88.8082895165,90.9705444269,293600,0.0,1.0
5351,2018-04-09T00:00:00.000Z,93.1,94.12,92.49,92.49,215900,90.6783478174,91.6718162897,90.0842147114,90.0842147114,215900,0.0,1.0
5352,2018-04-10T00:00:00.000Z,94.25,94.87,93.86,93.92,315500,91.7984348205,92.4023078135,91.4185792281,91.47701855,315500,0.0,1.0
5353,2018-04-11T00:00:00.000Z,93.75,93.97,93.08,93.6,228600,91.3114404713,91.5257179849,90.6588680434,91.1653421665,228600,0.0,1.0
5354,2018-04-12T00:00:00.000Z,94.39,94.92,93.87,94.19,428100,91.9347932382,92.4510072484,91.4283191151,91.7399954986,428100,0.0,1.0
5355,2018-04-13T00:00:00.000Z,94.41,95.06,94.03,94.74,209200,91.9542730122,92.5873656661,91.5841573068,92.2756892827,209200,0.0,1.0
5356,2018-04-16T00:00:00.000Z,95.89,96.21,94.8,95.37,229900,93.3957762858,93.7074526693,92.3341286046,92.8893021626,229900,0.0,1.0
5357,2018-04-17T00:00:00.000Z,96.96,97.47,95.66,96.15,201200,94.437944193,94.9346784292,93.1717588852,93.6490133474,201200,0.0,1.0
5358,2018-04-18T00:00:00.000Z,96.86,97.45,96.66,97.45,285400,94.3405453232,94.9151986552,94.1457475835,94.9151986552,285400,0.0,1.0
5359,2018-04-19T00:00:00.000Z,96.22,96.9,95.73,96.9,466100,93.7171925562,94.3795048711,93.239938094,94.3795048711,466100,0.0,1.0
5360,2018-04-20T00:00:00.000Z,96.04,96.91,95.78,96.17,228600,93.5418745905,94.3892447581,93.288637529,93.6684931213,228600,0.0,1.0
5361,2018-04-23T00:00:00.000Z,96.43,97.12,95.58,96.45,190700,93.9217301829,94.5937823848,93.0938397893,93.9412099569,190700,0.0,1.0
5362,2018-04-24T00:00:00.000Z,95.27,97.09,94.46,96.92,305400,92.7919032928,94.5645627238,92.0029724471,94.3989846451,305400,0.0,1.0
5363,2018-04-25T00:00:00.000Z,95.1,95.34,94.03,94.93,578400,92.6263252141,92.8600825017,91.5841573068,92.4607471354,578400,0.0,1.0
5364,2018-04-26T00:00:00.000Z,95.93,96.64,94.7,95.22,324800,93.4347358337,94.1262678096,92.2367297347,92.7432038579,324800,0.0,1.0
5365,2018-04-27T00:00:00.000Z,95.41,96.52,95.08,96.41,310600,92.9282617106,94.0093891658,92.6068454401,93.9022504089,310600,0.0,1.0
5366,2018-04-30T00:00:00.000Z,94.52,96.0,94.51,95.56,281500,92.061411769,93.5029150426,92.051671882,93.0743600153,281500,0.0,1.0
5367,2018-05-01T00:00:00.000Z,95.1,95.4,94.1,94.18,248500,92.6263252141,92.9185218236,91.6523365157,91.7302556116,248500,0.0,1.0
5368,2018-05-02T00:00:00.000Z,94.9,95.32,94.49,95.08,358100,92.4315274744,92.8406027277,92.0321921081,92.6068454401,358100,0.0,1.0
5369,2018-05-03T00:00:00.000Z,94.44,95.21,93.5,94.41,317500,91.9834926732,92.7334639709,91.0679432967,91.9542730122,317500,0.0,1.0
5370,2018-05-04T00:00:00.000Z,96.56,96.9,93.83,94.32,378100,94.0483487137,94.3795048711,91.3893595672,91.8666140294,378100,0.0,1.0
5371,2018-05-07T00:00:00.000Z,97.04,97.42,96.25,96.45,455800,94.5158632889,94.8859789943,93.7464122172,93.9412099569,455800,0.0,1.0
5372,2018-05-08T00:00:00.000Z,98.1,98.56,96.61,97.04,826900,95.5482913092,95.9963261104,94.0970481486,94.5158632889,826900,0.0,1.0
5373,2018-05-09T00:00:00.000Z,101.02,101.94,96.95,97.5,796200,98.3923383084,99.2884079109,94.428204306,94.9638980901,796200,0.0,1.0
5374,2018-05-10T00:00:00.000Z,102.67,103.32,101.01,101.2,764900,99.9994196607,100.6325123146,98.3825984214,98.5676562741,764900,0.0,1.0
5375,2018-05-11T00:00:00.000Z,103.7,104.09,102.11,102.65,404700,101.00262802,101.3824836123,99.4539859896,99.9799398867,404700,0.0,1.0
5376,2018-05-14T00:00:00.000Z,102.6,104.31,102.4,104.0,560400,99.9312404518,101.596761126,99.7364427121,101.2948246295,560400,0.0,1.0
5377,2018-05-15T00:00:00.000Z,101.24,102.3,100.8,102.12,557100,98.606615822,99.6390438423,98.1780607947,99.4637258766,557100,0.0,1.0
5378,2018-05-16T00:00:00.000Z,102.92,103.25,101.28,101.38,585100,100.2429168353,100.5643331057,98.6455753699,98.7429742398,585100,0.0,1.0
5379,2018-05-17T00:00:00.000Z,103.27,103.67,102.46,103.02,388800,100.5838128797,100.973408359,99.794882034,100.3403157051,388800,0.0,1.0
5380,2018-05-18T00:00:00.000Z,103.46,103.82,103.11,103.14,361700,100.7688707324,101.1195066638,100.4279746879,100.4571943489,361700,0.0,1.0
5381,2018-05-21T00:00:00.000Z,104.66,105.09,103.52,104.15,474400,101.9376571704,102.3564723107,100.8273100543,101.4409229342,474400,0.0,1.0
5382,2018-05-22T00:00:00.000Z,104.08,105.01,103.79,104.83,240500,101.3727437254,102.2785532148,101.0902870028,102.1032352491,240500,0.0,1.0
5383,2018-05-23T00:00:00.000Z,104.68,104.88,103.53,103.53,229400,101.9571369444,102.151934684,100.8370499413,100.8370499413,229400,0.0,1.0
5384,2018-05-24T00:00:00.000Z,104.49,105.38,104.12,104.78,295292,101.7720790917,102.6389290332,101.4117032733,102.0545358142,295292,0.0,1.0
5385,2018-05-25T00:00:00.000Z,103.69,105.39,103.18,104.21,249400,100.992888133,102.6486689202,100.4961538968,101.4993622561,249400,0.0,1.0
5386,2018-05-29T00:00:00.000Z,103.97,104.16,102.53,102.97,339600,101.2656049685,101.4506628212,99.8630612429,100.2916162702,339600,0.0,1.0
5387,2018-05-30T00:00:00.000Z,104.57,105.475,104.34,104.34,308640,101.8499981876,102.7314579596,101.6259807869,101.6259807869,308640,0.0,1.0
5388,2018-05-31T00:00:00.000Z,103.84,104.93,103.83,104.54,356700,101.1389864377,102.200634119,101.1292465508,101.8207785266,356700,0.0,1.0
5389,2018-06-01T00:00:00.000Z,104.57,105.32,104.08,104.75,319800,101.8499981876,102.5804897113,101.3727437254,102.0253161533,319800,0.0,1.0
5390,2018-06-04T00:00:00.000Z,105.13,105.36,104.37,104.92,335000,102.3954318586,102.6194492593,101.6552004479,102.190894232,335000,0.0,1.0
5391,2018-06-05T00:00:00.000Z,105.62,105.85,104.58,105.21,305100,102.8726863208,103.0967037215,101.8597380745,102.4733509545,305100,0.0,1.0
5392,2018-06-06T00:00:00.000Z,106.3,106.48,105.3,105.7,273600,103.5349986357,103.7103166014,102.5610099374,102.9506054167,273600,0.0,1.0
5393,2018-06-07T00:00:00.000Z,104.7,106.16,104.04,105.9,300500,102.2785532148,103.7047870992,101.6338173493,103.4508002431,300500,0.31,1.0
5394,2018-06-08T00:00:00.000Z,106.57,106.73,104.72,104.72,352000,104.1053048339,104.2616044376,102.2980906653,102.2980906653,352000,0.0,1.0
5395,2018-06-11T00:00:00.000Z,106.82,107.16,105.84,106.53,180300,104.3495229647,104.6816596227,103.3921878917,104.0662299329,180300,0.0,1.0
5396,2018-06-12T00:00:00.000Z,106.06,107.62,105.97,106.8,372100,103.6070998468,105.1310209836,103.5191813197,104.3299855143,372100,0.0,1.0
5397,2018-06-13T00:00:00.000Z,105.37,106.95,105.2,106.1,393200,102.9330578056,104.4765163928,102.7669894766,103.6461747478,393200,0.0,1.0
5398,2018-06-14T00:00:00.000Z,106.63,106.68,105.57,105.95,257600,104.1639171853,104.2127608114,103.1284323103,103.4996438693,257600,0.0,1.0
5399,2018-06-15T00:00:00.000Z,106.07,106.6,105.49,106.59,539200,103.6168685721,104.1346110096,103.0502825084,104.1248422843,539200,0.0,1.0
5400,2018-06-18T00:00:00.000Z,107.54,107.72,105.36,105.85,250900,105.0528711817,105.2287082359,102.9232890804,103.4019566169,250900,0.0,1.0
5401,2018-06-19T00:00:00.000Z,106.75,107.39,106.26,106.56,555600,104.2811418881,104.9063403032,103.8024743516,104.0955361086,555600,0.0,1.0
5402,2018-06-20T00:00:00.000Z,106.97,107.58,106.3,107.58,319900,104.4960538433,105.0919460826,103.8415492525,105.0919460826,319900,0.0,1.0
5403,2018-06-21T00:00:00.000Z,106.82,107.47,106.23,106.92,370900,104.3495229647,104.984490105,103.7731681758,104.4472102171,370900,0.0,1.0
5404,2018-06-22T00:00:00.000Z,106.48,107.97,106.34,107.3,594500,104.0173863067,105.4729263668,103.8806241534,104.818421776,594500,0.0,1.0
5405,2018-06-25T00:00:00.000Z,105.0,106.38,104.58,106.38,344300,102.5716149719,103.9196990544,102.161328512,103.9196990544,344300,0.0,1.0
5406,2018-06-26T00:00:00.000Z,104.75,106.19,104.51,105.11,1171400,102.327396841,103.7340932749,102.0929474354,102.6790709495,1171400,0.0,1.0
5407,2018-06-27T00:00:00.000Z,103.2,105.29,103.17,104.81,626100,100.8132444295,102.8549080037,100.7839382538,102.3860091924,626100,0.0,1.0
5408,2018-06-28T00:00:00.000Z,103.46,103.98,102.8,103.11,519600,101.0672312856,101.5752049979,100.4224954201,100.7253259024,519600,0.0,1.0
5409,2018-06-29T00:00:00.000Z,105.01,106.03,103.57,103.65,466300,102.5813836971,103.5777936711,101.1746872632,101.2528370651,466300,0.0,1.0
5410,2018-07-02T00:00:00.000Z,106.69,106.97,104.79,104.88,409700,104.2225295367,104.4960538433,102.3664717419,102.4543902691,409700,0.0,1.0
5411,2018-07-03T00:00:00.000Z,106.27,107.34,106.1,107.02,165300,103.8122430768,104.857496677,103.6461747478,104.5448974694,165300,0.0,1.0
5412,2018-07-05T00:00:00.000Z,106.67,106.82,105.84,106.82,405868,104.2029920862,104.3495229647,103.3921878917,104.3495229647,405868,0.0,1.0
5413,2018-07-06T00:00:00.000Z,108.62,108.7,106.83,106.95,337000,106.1078935071,106.186043309,104.35929169,104.4765163928,337000,0.0,1.0
5414,2018-07-09T00:00:00.000Z,109.01,109.39,108.66,108.78,331000,106.4888737913,106.8600853502,106.1469684081,106.2641931109,331000,0.0,1.0
5415,2018-07-10T00:00:00.000Z,109.68,110.36,109.06,109.76,264400,107.1433783821,107.8076516981,106.5377174175,107.221528184,264400,0.0,1.0
5416,2018-07-11T00:00:00.000Z,109.24,109.83,108.69,109.08,194400,106.7135544717,107.2899092606,106.1762745838,106.5572548679,194400,0.0,1.0
5417,2018-07-12T00:00:00.000Z,110.17,110.5,109.41,109.99,240400,107.6220459186,107.9444138514,106.8796228007,107.4462088644,240400,0.0,1.0
5418,2018-07-13T00:00:00.000Z,110.38,111.03,109.63,110.07,300200,107.8271891485,108.4621562888,107.0945347559,107.5243586662,300200,0.0,1.0
5419,2018-07-16T00:00:00.000Z,109.72,111.19,109.62,111.19,280300,107.182453283,108.6184558926,107.0847660307,108.6184558926,280300,0.0,1.0
5420,2018-07-17T00:00:00.000Z,110.2,110.51,109.28,109.72,357600,107.6513520943,107.9541825766,106.7526293727,107.182453283,357600,0.0,1.0
5421,2018-07-18T00:00:00.000Z,110.49,110.74,109.61,110.13,252400,107.9346451261,108.178863257,107.0749973054,107.5829710177,252400,0.0,1.0
5422,2018-07-19T00:00:00.000Z,111.31,111.56,110.41,110.62,314300,108.7356805954,108.9798987263,107.8564953243,108.0616385542,314300,0.0,1.0
5423,2018-07-20T00:00:00.000Z,111.96,112.08,111.0,111.28,232700,109.3706477357,109.4878724386,108.4328501131,108.7063744197,232700,0.0,1.0
5424,2018-07-23T00:00:00.000Z,112.52,112.97,111.01,111.72,270000,109.9176963489,110.3572889845,108.4426188384,109.1361983301,270000,0.0,1.0
5425,2018-07-24T00:00:00.000Z,112.7,113.26,111.94,113.06,376700,110.0935334032,110.6405820163,109.3511102853,110.4452075116,376700,0.0,1.0
5426,2018-07-25T00:00:00.000Z,113.16,113.56,112.5,112.82,556800,110.542894764,110.9336437734,109.8981588985,110.210758106,556800,0.0,1.0
5427,2018-07-26T00:00:00.000Z,113.5,114.29,112.98,113.38,378900,110.875031422,111.6467607156,110.3670577098,110.7578067192,378900,0.0,1.0
5428,2018-07-27T00:00:00.000Z,112.82,113.4,111.4,113.4,688900,110.210758106,110.7773441696,108.8235991226,110.7773441696,688900,0.0,1.0
5429,2018-07-30T00:00:00.000Z,112.2,113.25,112.11,112.88,273100,109.6050971414,110.6308132911,109.5171786143,110.2693704574,273100,0.0,1.0
5430,2018-07-31T00:00:00.000Z,114.47,114.89,111.82,112.62,386200,111.8225977698,112.2328842297,109.2338855824,110.0153836013,386200,0.0,1.0
5431,2018-08-01T00:00:00.000Z,115.01,115.21,113.84,114.36,320000,112.3501089325,112.5454834373,111.20716808,111.7151417922,320000,0.0,1.0
5432,2018-08-02T00:00:00.000Z,116.4,117.11,114.47,114.51,458500,113.7079617403,114.401541232,111.8225977698,111.8616726708,458500,0.0,1.0
5433,2018-08-03T00:00:00.000Z,116.75,116.8,115.09,115.7,538800,114.0498671235,114.0987107497,112.4282587344,113.0241509738,538800,0.0,1.0
5434,2018-08-06T00:00:00.000Z,116.2,117.48,115.95,117.0,720600,113.5125872356,114.7629840657,113.2683691047,114.2940852544,720600,0.0,1.0
5435,2018-08-07T00:00:00.000Z,115.52,116.75,114.85,116.54,764100,112.8483139196,114.0498671235,112.1938093288,113.8447238936,764100,0.0,1.0
5436,2018-08-08T00:00:00.000Z,113.39,113.82,105.98,112.75,717500,110.7675754444,111.1876306295,103.528950045,110.1423770293,717500,0.0,1.0
5437,2018-08-09T00:00:00.000Z,114.74,117.36,114.66,116.15,530800,112.0863533512,114.6457593629,112.0082035493,113.4637436094,530800,0.0,1.0
5438,2018-08-10T00:00:00.000Z,114.83,115.65,113.76,113.91,472300,112.1742718783,112.9753073476,111.1290182781,111.2755491567,472300,0.0,1.0
5439,2018-08-13T00:00:00.000Z,114.28,115.75,114.01,114.6,393500,111.6369919904,113.0729946,111.373236409,111.9495911979,393500,0.0,1.0
5440,2018-08-14T00:00:00.000Z,114.54,115.19,114.24,114.39,690700,111.8909788465,112.5259459868,111.5979170894,111.744447968,690700,0.0,1.0
5441,2018-08-15T00:00:00.000Z,113.0,114.5,112.62,114.17,442700,110.3865951602,111.8519039455,110.0153836013,111.5295360128,442700,0.0,1.0
5442,2018-08-16T00:00:00.000Z,113.35,114.0,112.55,113.38,514600,110.7285005435,111.3634676838,109.9470025246,110.7578067192,514600,0.0,1.0
5443,2018-08-17T00:00:00.000Z,114.11,114.24,112.73,113.43,403900,111.4709236614,111.5979170894,110.1228395789,110.8066503454,403900,0.0,1.0
5444,2018-08-20T00:00:00.000Z,114.3,114.94,114.13,114.49,164000,111.6565294408,112.2817278559,111.4904611118,111.8421352203,164000,0.0,1.0
5445,2018-08-21T00:00:00.000Z,115.03,115.31,114.35,114.99,339300,112.369646383,112.6431706896,111.705373067,112.3305714821,339300,0.0,1.0
5446,2018-08-22T00:00:00.000Z,115.44,115.62,114.41,114.6,162900,112.7701641177,112.9460011719,111.7639854184,111.9495911979,162900,0.0,1.0
5447,2018-08-23T00:00:00.000Z,115.38,115.98,115.11,115.4,150000,112.7115517663,113.2976752804,112.4477961849,112.7310892167,150000,0.0,1.0
5448,2018-08-24T00:00:00.000Z,114.95,115.77,114.12,115.2,305000,112.2914965811,113.0925320504,111.4806923866,112.535714712,305000,0.0,1.0
5449,2018-08-27T00:00:00.000Z,115.09,115.88,114.92,115.45,232000,112.4282587344,113.199988028,112.2621904054,112.7799328429,232000,0.0,1.0
5450,2018-08-28T00:00:00.000Z,114.93,115.49,114.44,114.98,212200,112.6040957887,113.152762748,112.1240121992,112.65308391,212200,0.34,1.0
5451,2018-08-29T00:00:00.000Z,114.99,115.27,114.48,115.21,160000,112.6628815343,112.937215014,112.1632026963,112.8784292684,160000,0.0,1.0
5452,2018-08-30T00:00:00.000Z,114.24,114.96,114.11,114.75,258900,111.9280597137,112.6334886615,111.8006905981,112.4277385517,258900,0.0,1.0
5453,2018-08-31T00:00:00.000Z,114.42,114.81,113.54,114.09,205700,112.1044169507,112.4865242974,111.2422260145,111.7810953496,205700,0.0,1.0
5454,2018-09-04T00:00:00.000Z,113.78,114.99,113.29,114.39,196600,111.4773689971,112.6628815343,110.9972854076,112.0750240778,196600,0.0,1.0
5455,2018-09-05T00:00:00.000Z,112.97,113.16,112.04,113.12,199500,110.6837614308,110.8699162921,109.7725823733,110.830725795,199500,0.0,1.0
5456,2018-09-06T00:00:00.000Z,113.34,113.88,112.53,112.97,215400,111.046273529,111.5753452398,110.2526659627,110.6837614308,215400,0.0,1.0
5457,2018-09-07T00:00:00.000Z,113.32,114.5,112.97,113.09,198900,111.0266782804,112.1827979449,110.6837614308,110.8013329221,198900,0.0,1.0
5458,2018-09-10T00:00:00.000Z,113.07,113.68,112.72,113.65,184900,110.7817376736,111.3793927543,110.438820824,111.3499998815,184900,0.0,1.0
5459,2018-09-11T00:00:00.000Z,113.84,114.13,112.86,112.88,250122,111.5361547427,111.8202858467,110.5759875638,110.5955828124,250122,0.0,1.0
5460,2018-09-12T00:00:00.000Z,113.35,114.15,112.55,114.02,241000,111.0560711533,111.8398810952,110.2722612113,111.7125119797,241000,0.0,1.0
5461,2018-09-13T00:00:00.000Z,113.1,114.26,112.83,113.69,262400,110.8111305464,111.9476549623,110.546594691,111.3891903786,262400,0.0,1.0
5462,2018-09-14T00:00:00.000Z,115.25,115.62,113.13,113.13,470600,112.9176197655,113.2801318636,110.8405234192,110.8405234192,470600,0.0,1.0
5463,2018-09-17T00:00:00.000Z,113.1,115.21,112.99,115.21,360000,110.8111305464,112.8784292684,110.7033566794,112.8784292684,360000,0.0,1.0
5464,2018-09-18T00:00:00.000Z,114.55,115.02,112.3,112.83,417000,112.2317860662,112.6922744071,110.0273206044,110.546594691,417000,0.0,1.0
5465,2018-09-19T00:00:00.000Z,113.59,114.84,113.17,114.68,215800,111.2912141359,112.5159171702,110.8797139163,112.3591551818,215800,0.0,1.0
5466,2018-09-20T00:00:00.000Z,114.26,114.46,113.9,114.09,277500,111.9476549623,112.1436074478,111.5949404884,111.7810953496,277500,0.0,1.0
5467,2018-09-21T00:00:00.000Z,113.97,114.58,113.79,114.21,546200,111.6635238583,112.2611789391,111.4871666214,111.8986668409,546200,0.0,1.0
5468,2018-09-24T00:00:00.000Z,114.11,114.21,113.24,113.89,286800,111.8006905981,111.8986668409,110.9482972862,111.5851428641,286800,0.0,1.0
5469,2018-09-25T00:00:00.000Z,114.48,115.0,113.94,114.09,271300,112.1632026963,112.6726791586,111.6341309855,111.7810953496,271300,0.0,1.0
5470,2018-09-26T00:00:00.000Z,113.6,114.88,113.57,114.68,252400,111.3010117601,112.5551076673,111.2716188873,112.3591551818,252400,0.0,1.0
5471,2018-09-27T00:00:00.000Z,113.47,114.06,112.69,113.74,336100,111.1736426446,111.7517024768,110.4094279511,111.4381785,336100,0.0,1.0
5472,2018-09-28T00:00:00.000Z,114.4,115.0,113.44,113.44,274800,112.0848217021,112.6726791586,111.1442497717,111.1442497717,274800,0.0,1.0
5473,2018-10-01T00:00:00.000Z,114.16,115.4,113.82,115.02,303300,111.8496787195,113.0645841296,111.5165594942,112.6922744071,303300,0.0,1.0
5474,2018-10-02T00:00:00.000Z,112.79,114.14,112.5,113.97,276800,110.5074041939,111.830083471,110.2232730899,111.6635238583,276800,0.0,1.0
5475,2018-10-03T00:00:00.000Z,111.26,113.51,111.03,113.02,221900,109.0083676799,111.2128331417,108.7830223216,110.7327495522,221900,0.0,1.0
5476,2018-10-04T00:00:00.000Z,109.31,111.06,108.81,110.89,337700,107.0978309463,108.8124151944,106.6079497326,108.6458555817,337700,0.0,1.0
5477,2018-10-05T00:00:00.000Z,108.99,109.88,108.37,109.48,318400,106.7843069695,107.65629553,106.1768542645,107.264390559,318400,0.0,1.0
5478,2018-10-08T00:00:00.000Z,107.71,109.45,106.18,108.72,378900,105.5302110624,107.2349976862,104.0311745483,106.5197711141,378900,0.0,1.0
5479,2018-10-09T00:00:00.000Z,107.71,108.17,106.25,107.73,351000,105.5302110624,105.980901779,104.0997579183,105.5498063109,351000,0.0,1.0
5480,2018-10-10T00:00:00.000Z,104.97,107.84,104.79,107.65,402300,102.8456620111,105.6575801779,102.6693047742,105.4714253167,402300,0.0,1.0
5481,2018-10-11T00:00:00.000Z,104.76,106.85,104.31,104.66,670400,102.6399119013,104.6876153747,102.199018809,102.5419356586,670400,0.0,1.0
5482,2018-10-12T00:00:00.000Z,106.1,106.64,104.8,106.46,469300,103.9527935541,104.481865265,102.6791023984,104.305508028,469300,0.0,1.0
5483,2018-10-15T00:00:00.000Z,106.44,107.34,105.16,105.69,307200,104.2859127795,105.1676989642,103.0318168723,103.5510909589,307200,0.0,1.0
5484,2018-10-16T00:00:00.000Z,110.23,110.43,107.1,107.32,338800,107.9992123796,108.1951648651,104.9325559816,105.1481037157,338800,0.0,1.0
5485,2018-10-17T00:00:00.000Z,110.01,110.8,109.35,110.12,264100,107.7836646455,108.5576769632,107.1370214434,107.8914385126,264100,0.0,1.0
5486,2018-10-18T00:00:00.000Z,108.64,110.38,108.22,109.95,290200,106.4413901199,108.1461767437,106.0298899004,107.7248788999,290200,0.0,1.0
5487,2018-10-19T00:00:00.000Z,106.68,109.39,106.25,109.07,332600,104.5210557621,107.1762119405,104.0997579183,106.8626879637,332600,0.0,1.0
5488,2018-10-22T00:00:00.000Z,105.68,106.93,105.6,106.93,310600,103.5412933346,104.7659963689,103.4629123404,104.7659963689,310600,0.0,1.0
5489,2018-10-23T00:00:00.000Z,105.41,106.39,103.36,104.59,409000,103.2767574792,104.2369246581,101.2682445029,102.4733522887,409000,0.0,1.0
5490,2018-10-24T00:00:00.000Z,106.39,107.77,105.28,105.28,515300,104.2369246581,105.588996808,103.1493883636,103.1493883636,515300,0.0,1.0
5491,2018-10-25T00:00:00.000Z,107.8,108.41,105.56,106.94,602200,105.6183896808,106.2160447616,103.4237218433,104.7757939932,602200,0.0,1.0
5492,2018-10-26T00:00:00.000Z,105.82,107.69,105.36,107.0,307200,103.6784600745,105.5106158138,103.2277693578,104.8345797389,307200,0.0,1.0
5493,2018-10-29T00:00:00.000Z,107.94,108.19,106.41,107.21,345300,105.7555564207,106.0004970275,104.2565199067,105.0403298486,345300,0.0,1.0
5494,2018-10-30T00:00:00.000Z,107.83,108.78,106.83,107.95,326900,105.6477825537,106.5785568598,104.6680201262,105.765354045,326900,0.0,1.0
5495,2018-10-31T00:00:00.000Z,109.31,109.98,107.86,108.97,449900,107.0978309463,107.7542717727,105.6771754265,106.764711721,449900,0.0,1.0
5496,2018-11-01T00:00:00.000Z,111.77,111.94,109.63,109.63,498300,109.5080465179,109.6746061305,107.4113549231,107.4113549231,498300,0.0,1.0
5497,2018-11-02T00:00:00.000Z,111.87,113.36,110.58,112.46,280100,109.6060227606,111.0658687775,108.3421292292,110.1840825928,280100,0.0,1.0
5498,2018-11-05T00:00:00.000Z,112.04,112.67,111.22,111.87,350500,109.7725823733,110.3898327026,108.9691771828,109.6060227606,350500,0.0,1.0
5499,2018-11-06T00:00:00.000Z,117.46,117.96,111.55,111.55,754100,115.0828947302,115.5727759439,109.2924987838,109.2924987838,754100,0.0,1.0
5500,2018-11-07T00:00:00.000Z,119.89,120.97,117.55,118.0,630000,117.4637174289,118.5218608506,115.1710733486,115.611966441,630000,0.0,1.0
5501,2018-11-08T00:00:00.000Z,120.7,121.67,119.83,119.83,521400,118.2573249951,119.2076945498,117.4049316833,117.4049316833,521400,0.0,1.0
5502,2018-11-09T00:00:00.000Z,120.35,121.2,119.44,120.67,495900,117.9144081455,118.7472062089,117.0228243365,118.2279321223,495900,0.0,1.0
5503,2018-11-12T00:00:00.000Z,119.94,121.11,118.89,120.32,500000,117.5127055503,118.6590275904,116.4839550014,117.8850152727,500000,0.0,1.0
5504,2018-11-13T00:00:00.000Z,118.54,121.27,118.35,121.0,419700,116.1410381518,118.8157895788,115.9548832906,118.5512537234,419700,0.0,1.0
5505,2018-11-14T00:00:00.000Z,116.41,119.49,115.65,119.49,503700,114.0541441813,117.0718124579,113.3095247364,117.0718124579,503700,0.0,1.0
5506,2018-11-15T00:00:00.000Z,118.15,118.44,115.43,115.68,348700,115.7589308051,116.0430619091,113.0939770024,113.3389176093,348700,0.0,1.0
5507,2018-11-16T00:00:00.000Z,118.37,119.37,117.51,117.76,703600,115.9744785392,116.9542409666,115.1318828515,115.3768234584,703600,0.0,1.0
5508,2018-11-19T00:00:00.000Z,115.75,118.47,115.32,118.37,343500,113.4075009792,116.0724547819,112.9862031354,115.9744785392,343500,0.0,1.0
5509,2018-11-20T00:00:00.000Z,112.68,115.31,112.32,115.31,483300,110.3996303269,112.9764055111,110.046915853,112.9764055111,483300,0.0,1.0
5510,2018-11-21T00:00:00.000Z,113.25,113.75,112.08,112.94,334100,110.9580949105,111.4479761243,109.8117728704,110.654368558,334100,0.0,1.0
5511,2018-11-23T00:00:00.000Z,113.36,114.35,112.37,112.37,111046,111.0658687775,112.0358335807,110.0959039744,110.0959039744,111046,0.0,1.0
5512,2018-11-26T00:00:00.000Z,114.04,115.01,113.3,114.74,427900,111.7321072282,112.6824767829,111.0070830319,112.4179409274,427900,0.0,1.0
5513,2018-11-27T00:00:00.000Z,114.81,115.06,113.0,113.5,279600,112.8196435227,113.0653095002,111.0410218454,111.5323538004,279600,0.34,1.0
5514,2018-11-28T00:00:00.000Z,119.0,119.31,115.39,115.39,645300,116.9370053062,117.2416311183,113.3895885906,113.3895885906,645300,0.0,1.0
5515,2018-11-29T00:00:00.000Z,119.54,120.97,118.08,118.28,579600,117.4676438177,118.8728532091,116.0329545089,116.2294872909,579600,0.0,1.0
5516,2018-11-30T00:00:00.000Z,119.08,120.83,118.53,119.7,516600,117.015618419,118.7352802617,116.4751532684,117.6248700433,516600,0.0,1.0
5517,2018-12-03T00:00:00.000Z,120.31,120.47,118.55,119.66,479300,118.2242950285,118.3815212541,116.4948065466,117.5855634869,479300,0.0,1.0
5518,2018-12-04T00:00:00.000Z,119.19,121.08,117.66,120.46,387600,117.1237114491,118.9809462393,115.6202356666,118.371694615,387600,0.0,1.0
5519,2018-12-06T00:00:00.000Z,118.12,121.261,115.64,118.27,647880,116.0722610653,119.158808407,113.6352545681,116.2196606518,647880,0.0,1.0
5520,2018-12-07T00:00:00.000Z,113.94,118.29,112.99,117.26,536000,111.9647259209,116.23931393,111.0311952063,115.2271701025,536000,0.0,1.0
5521,2018-12-10T00:00:00.000Z,115.1,115.49,112.41,114.05,340900,113.1046160567,113.4878549816,110.4612501384,112.072818951,340900,0.0,1.0
5522,2018-12-11T00:00:00.000Z,114.56,116.96,114.18,116.46,429700,112.5739775452,114.9323709295,112.2005652593,114.4410389744,429700,0.0,1.0
5523,2018-12-12T00:00:00.000Z,117.01,118.75,115.91,116.21,469400,114.981504125,116.6913393286,113.9005738239,114.1953729969,469400,0.0,1.0
5524,2018-12-13T00:00:00.000Z,114.44,118.21,113.45,117.62,317200,112.456057876,116.1607008172,111.4832206049,115.5809291102,317200,0.0,1.0
5525,2018-12-14T00:00:00.000Z,113.15,115.46,112.59,113.8,577400,111.1884214319,113.4583750643,110.6381296422,111.8271529735,577400,0.0,1.0
5526,2018-12-17T00:00:00.000Z,110.55,112.9,110.09,112.33,438342,108.6334952655,110.9427554544,108.1814698669,110.3826370256,438342,0.0,1.0
5527,2018-12-18T00:00:00.000Z,109.08,111.93,108.18,111.65,570100,107.1889793176,109.9895714615,106.3045817985,109.7144255667,570100,0.0,1.0
5528,2018-12-19T00:00:00.000Z,108.14,111.0,107.07,109.61,386002,106.2652752421,109.0756940251,105.2138248583,107.70979119,386002,0.0,1.0
5529,2018-12-20T00:00:00.000Z,105.03,108.25,104.06,107.94,577700,103.2091904816,106.3733682722,102.2560064887,106.0687424601,577700,0.0,1.0
5530,2018-12-21T00:00:00.000Z,102.82,106.77,102.64,105.03,1196500,101.0375032402,104.9190256852,100.8606237364,103.2091904816,1196500,0.0,1.0
5531,2018-12-24T00:00:00.000Z,99.58,102.43,99.46,102.18,232700,97.8536721713,100.6542643152,97.7357525021,100.4085983377,232700,0.0,1.0
5532,2018-12-26T00:00:00.000Z,103.34,103.39,99.14,99.78,661800,101.5484884735,101.597621669,97.4213000509,98.0502049534,661800,0.0,1.0
5533,2018-12-27T00:00:00.000Z,104.78,104.8,100.73,102.06,408100,102.963524504,102.9831777822,98.983735668,100.2906786685,408100,0.0,1.0
5534,2018-12-28T00:00:00.000Z,105.21,106.105,103.25,104.71,387188,103.3860699854,104.265554185,101.4600487215,102.8947380303,387188,0.0,1.0
5535,2018-12-31T00:00:00.000Z,106.85,106.98,105.52,105.9,360147,104.997638798,105.1253851063,103.6906957975,104.0641080834,360147,0.0,1.0
5536,2019-01-02T00:00:00.000Z,104.14,105.65,103.06,105.65,323100,102.3346196016,103.8184421059,101.2733425786,103.8184421059,323100,0.0,1.0
5537,2019-01-03T00:00:00.000Z,101.48,103.66,100.91,103.66,312600,99.7207336006,101.8629409247,99.1606151718,101.8629409247,312600,0.0,1.0
5538,2019-01-04T00:00:00.000Z,103.91,105.08,102.38,102.38,569100,102.1086069022,103.2583236771,100.6051311197,100.6051311197,569100,0.0,1.0
5539,2019-01-07T00:00:00.000Z,104.14,105.41,103.09,103.55,386800,102.3346196016,103.5826027674,101.3028224959,101.7548478946,386800,0.0,1.0
5540,2019-01-08T00:00:00.000Z,106.71,106.85,104.08,104.98,454900,104.8600658506,104.997638798,102.275659767,103.1600572861,454900,0.0,1.0
5541,2019-01-09T00:00:00.000Z,107.55,108.39,107.17,107.54,316400,105.6855035351,106.5109412196,105.3120912493,105.675676896,316400,0.0,1.0
5542,2019-01-10T00:00:00.000Z,109.03,109.18,106.72,107.34,219800,107.1398461221,107.2872457086,104.8698924897,105.479144114,219800,0.0,1.0
5543,2019-01-11T00:00:00.000Z,110.0,110.0,108.53,108.59,410300,108.093030115,108.093030115,106.6485141671,106.7074740017,410300,0.0,1.0
5544,2019-01-14T00:00:00.000Z,107.83,109.71,107.82,109.29,284600,105.96064943,107.808057581,105.9508227909,107.3953387388,284600,0.0,1.0
5545,2019-01-15T00:00:00.000Z,109.66,109.68,107.79,108.23,424900,107.7589243855,107.7785776637,105.9213428736,106.353714994,424900,0.0,1.0
5546,2019-01-16T00:00:00.000Z,111.25,111.93,110.19,110.19,369500,109.3213600026,109.9895714615,108.2797362579,108.2797362579,369500,0.0,1.0
5547,2019-01-17T00:00:00.000Z,112.65,113.56,110.44,110.51,526100,110.6970894768,111.591313635,108.5254022354,108.5941887091,526100,0.0,1.0
5548,2019-01-18T00:00:00.000Z,112.8,114.11,112.28,113.54,477100,110.8444890633,112.1317787856,110.3335038301,111.5716603568,477100,0.0,1.0
5549,2019-01-22T00:00:00.000Z,112.7,112.91,111.37,112.06,251500,110.7462226723,110.9525820935,109.4392796718,110.1173177698,251500,0.0,1.0
5550,2019-01-23T00:00:00.000Z,113.45,114.66,112.78,113.04,354100,111.4832206049,112.6722439362,110.8248357851,111.0803284018,354100,0.0,1.0
5551,2019-01-24T00:00:00.000Z,114.75,114.92,113.46,113.65,328200,112.7606836881,112.9277365528,111.493047244,111.679753387,328200,0.0,1.0
5552,2019-01-25T00:00:00.000Z,116.13,116.96,114.77,114.77,327400,114.1167598841,114.9323709295,112.7803369663,112.7803369663,327400,0.0,1.0
5553,2019-01-28T00:00:00.000Z,114.98,116.25,114.24,115.28,451000,112.9866963874,114.2346795533,112.2595250939,113.2814955605,451000,0.0,1.0
5554,2019-01-29T00:00:00.000Z,113.98,115.67,113.33,115.0,473800,112.0040324773,113.6647344854,111.3653009357,113.0063496656,473800,0.0,1.0
5555,2019-01-30T00:00:00.000Z,113.64,115.18,112.25,114.48,364000,111.6699267479,113.1832291695,110.3040239128,112.4953644324,364000,0.0,1.0
5556,2019-01-31T00:00:00.000Z,114.06,115.3,112.61,113.69,545800,112.0826455901,113.3011488387,110.6577829204,111.7190599434,545800,0.0,1.0
5557,2019-02-01T00:00:00.000Z,114.73,115.12,113.55,114.14,349600,112.7410304099,113.1242693349,111.5814869959,112.1612587029,349600,0.0,1.0
5558,2019-02-04T00:00:00.000Z,115.46,115.59,113.26,114.23,291500,113.4583750643,113.5861213726,111.296514462,112.2496984548,291500,0.0,1.0
5559,2019-02-05T00:00:00.000Z,118.11,118.51,115.27,115.95,559400,116.0624344262,116.4554999902,113.2716689214,113.9398803803,559400,0.0,1.0
5560,2019-02-06T00:00:00.000Z,118.59,119.02,117.79,117.92,529400,116.534113103,116.9566585844,115.7479819749,115.8757282832,529400,0.0,1.0
5561,2019-02-07T00:00:00.000Z,119.15,119.54,117.48,118.2,553100,117.0844048927,117.4676438177,115.4433561628,116.1508741781,553100,0.0,1.0
5562,2019-02-08T00:00:00.000Z,118.59,118.72,117.75,118.47,355900,116.534113103,116.6618594113,115.7086754185,116.4161934338,355900,0.0,1.0
5563,2019-02-11T00:00:00.000Z,119.86,120.68,118.59,119.03,789400,117.7820962689,118.5878806752,116.534113103,116.9664852235,789400,0.0,1.0
5564,2019-02-12T00:00:00.000Z,120.8,123.5,119.56,121.17,1029300,118.7058003444,121.3589929018,117.4872970959,119.0693859912,1029300,0.0,1.0
5565,2019-02-13T00:00:00.000Z,120.19,121.2,119.6,120.54,578700,118.1063753592,119.0988659085,117.5266036523,118.4503077278,578700,0.0,1.0
5566,2019-02-14T00:00:00.000Z,121.04,121.4,118.78,119.46,419800,118.9416396829,119.2953986905,116.7208192459,117.3890307048,419800,0.0,1.0
5567,2019-02-15T00:00:00.000Z,122.28,122.41,121.33,121.82,311900,120.1601429314,120.2878892397,119.2266122168,119.7081175328,311900,0.0,1.0
5568,2019-02-19T00:00:00.000Z,122.51,123.53,121.67,122.0,373252,120.3861556308,121.3884728191,119.5607179462,119.8849970366,373252,0.0,1.0
5569,2019-02-20T00:00:00.000Z,122.85,123.35,121.77,122.15,272800,120.7202613602,121.2115933153,119.6589843373,120.0323966231,272800,0.0,1.0
5570,2019-02-21T00:00:00.000Z,122.38,123.42,121.84,122.54,317409,120.2584093224,121.280379789,119.727770811,120.4156355481,317409,0.0,1.0
5571,2019-02-22T00:00:00.000Z,122.39,123.46,121.68,122.3,361978,120.2682359615,121.3196863454,119.5705445853,120.1797962096,361978,0.0,1.0
5572,2019-02-25T00:00:00.000Z,121.96,123.75,121.42,123.0,478985,119.8456904802,121.6046588793,119.3150519687,120.8676609467,478985,0.0,1.0
5573,2019-02-26T00:00:00.000Z,120.56,121.56,120.32,121.51,300300,118.8040667354,119.7895019273,118.5675622894,119.7402301677,300300,0.34,1.0
5574,2019-02-27T00:00:00.000Z,120.62,120.93,119.79,120.46,272600,118.863192847,119.1686777564,118.0452816377,118.7055232162,272600,0.0,1.0
5575,2019-02-28T00:00:00.000Z,120.96,121.57,120.06,120.36,395100,119.1982408122,119.7993562793,118.3113491395,118.6069796971,395100,0.0,1.0
5576,2019-03-01T00:00:00.000Z,122.6,122.9,120.44,121.97,349600,120.8143545269,121.1099850845,118.6858145124,120.193530356,349600,0.0,1.0
5577,2019-03-04T00:00:00.000Z,122.03,123.17,120.82,122.84,356200,120.2526564675,121.3760525863,119.0602798853,121.050858973,356200,0.0,1.0
5578,2019-03-05T00:00:00.000Z,121.28,122.56,120.25,121.86,175400,119.5135800736,120.7749371192,118.4985818259,120.0851324849,175400,0.0,1.0
5579,2019-03-06T00:00:00.000Z,120.06,121.34,119.65,121.32,460700,118.3113491395,119.5727061851,117.9073207108,119.5529974813,460700,0.0,1.0
5580,2019-03-07T00:00:00.000Z,119.8,120.67,119.49,120.06,199900,118.0551359896,118.9124646065,117.7496510801,118.3113491395,199900,0.0,1.0
5581,2019-03-08T00:00:00.000Z,119.17,119.76,118.18,118.93,344500,117.4343118187,118.0157185819,116.4587309787,117.1978073726,344500,0.0,1.0
5582,2019-03-11T00:00:00.000Z,120.98,121.04,119.07,119.51,219500,119.217949516,119.2770756276,117.3357682995,117.7693597839,219500,0.0,1.0
5583,2019-03-12T00:00:00.000Z,122.23,122.37,120.5,121.08,260200,120.4497435059,120.5877044328,118.7449406239,119.3164930352,260200,0.0,1.0
5584,2019-03-13T00:00:00.000Z,122.81,123.64,122.35,122.69,578100,121.0212959172,121.8392071265,120.5679957289,120.9030436942,578100,0.0,1.0
5585,2019-03-14T00:00:00.000Z,123.55,123.71,121.79,122.73,381200,121.7505179592,121.9081875899,120.0161520215,120.9424611019,381200,0.0,1.0
5586,2019-03-15T00:00:00.000Z,123.38,124.26,122.77,124.0,650443,121.5829939766,122.4501769455,120.9818785095,122.1939637956,650443,0.0,1.0
5587,2019-03-18T00:00:00.000Z,123.23,123.56,121.54,123.56,460700,121.4351786978,121.7603723111,119.7697932235,121.7603723111,460700,0.0,1.0
5588,2019-03-19T00:00:00.000Z,123.31,123.68,122.555,123.5,168213,121.5140135132,121.8786245342,120.7700099433,121.7012461996,168213,0.0,1.0
5589,2019-03-20T00:00:00.000Z,123.22,124.49,122.3,122.3,262100,121.4253243459,122.6768270396,120.5187239693,120.5187239693,262100,0.0,1.0
5590,2019-03-21T00:00:00.000Z,125.16,125.49,122.88,122.88,496300,123.3370686182,123.6622622315,121.0902763806,121.0902763806,496300,0.0,1.0
5591,2019-03-22T00:00:00.000Z,123.02,124.88,122.97,124.54,272800,121.2282373075,123.0611467644,121.1789655479,122.7260987992,272800,0.0,1.0
5592,2019-03-25T00:00:00.000Z,122.44,122.87,121.29,122.58,331500,120.6566848962,121.0804220287,119.5234344255,120.7946458231,331500,0.0,1.0
5593,2019-03-26T00:00:00.000Z,123.24,123.74,122.34,123.54,336000,121.4450330497,121.9377506457,120.558141377,121.7406636073,336000,0.0,1.0
5594,2019-03-27T00:00:00.000Z,125.27,125.82,122.27,123.36,399400,123.4454664893,123.9874558448,120.4891609136,121.5632852728,399400,0.0,1.0
5595,2019-03-28T00:00:00.000Z,126.67,127.27,124.54,125.13,219300,124.8250757579,125.4163368731,122.7260987992,123.3075055624,219300,0.0,1.0
5596,2019-03-29T00:00:00.000Z,128.03,128.64,126.47,127.46,352700,126.1652676189,126.766383086,124.6279887196,125.6035695595,352700,0.0,1.0
5597,2019-04-01T00:00:00.000Z,127.43,129.53,126.07,128.35,296700,125.5740065038,127.6434204068,124.2338146428,126.4806068803,296700,0.0,1.0
5598,2019-04-02T00:00:00.000Z,126.55,128.03,125.82,127.69,259300,124.7068235349,126.1652676189,123.9874558448,125.8302196537,259300,0.0,1.0
5599,2019-04-03T00:00:00.000Z,125.98,127.25,125.59,127.21,372700,124.1451254755,125.3966281692,123.7608057507,125.3572107616,372700,0.0,1.0
5600,2019-04-04T00:00:00.000Z,125.81,126.99,124.96,126.23,323400,123.9776014929,125.1404150194,123.1399815798,124.3914842735,323400,0.0,1.0
5601,2019-04-05T00:00:00.000Z,125.47,127.13,125.0,126.03,477700,123.6425535277,125.2783759462,123.1793989875,124.1943972351,477700,0.0,1.0
5602,2019-04-08T00:00:00.000Z,125.53,125.95,124.03,125.59,694000,123.7016796392,124.1155624198,122.2235268513,123.7608057507,694000,0.0,1.0
5603,2019-04-09T00:00:00.000Z,125.7,127.08,124.7,125.53,291500,123.8692036218,125.2291041866,122.8837684299,123.7016796392,291500,0.0,1.0
5604,2019-04-10T00:00:00.000Z,126.42,127.12,125.58,126.04,511900,124.57871696,125.2685215943,123.7509513988,124.204251587,511900,0.0,1.0
5605,2019-04-11T00:00:00.000Z,128.1,128.36,126.44,126.72,436700,126.2342480824,126.4904612323,124.5984256638,124.8743475175,436700,0.0,1.0
5606,2019-04-12T00:00:00.000Z,128.66,129.23,127.93,128.49,377900,126.7860917898,127.3477898492,126.0667240997,126.6185678072,377900,0.0,1.0
5607,2019-04-15T00:00:00.000Z,128.68,129.87,128.26,128.97,388900,126.8058004937,127.978468372,126.3919177131,127.0915766993,388900,0.0,1.0
5608,2019-04-16T00:00:00.000Z,125.2,129.7,124.99,129.7,443444,123.3764860259,127.8109443894,123.1695446356,127.8109443894,443444,0.0,1.0
5609,2019-04-17T00:00:00.000Z,120.49,126.24,119.62,126.03,897300,118.735086272,124.4013386254,117.8777576551,124.1943972351,897300,0.0,1.0
5610,2019-04-18T00:00:00.000Z,122.83,123.31,120.19,121.12,641100,121.0410046211,121.5140135132,118.4394557144,119.3559104429,641100,0.0,1.0
5611,2019-04-22T00:00:00.000Z,123.25,125.49,122.24,122.24,359400,121.4548874016,123.6622622315,120.4595978578,120.4595978578,359400,0.0,1.0
5612,2019-04-23T00:00:00.000Z,125.72,126.56,123.65,123.65,411700,123.8889123256,124.7166778868,121.8490614784,121.8490614784,411700,0.0,1.0
5613,2019-04-24T00:00:00.000Z,127.61,127.98,125.51,125.51,372500,125.7513848383,126.1159958593,123.6819709353,123.6819709353,372500,0.0,1.0
5614,2019-04-25T00:00:00.000Z,127.99,128.66,126.47,126.92,189200,126.1258502113,126.7860917898,124.6279887196,125.0714345559,189200,0.0,1.0
5615,2019-04-26T00:00:00.000Z,129.11,129.51,127.51,127.99,279002,127.2295376262,127.6237117029,125.6528413191,126.1258502113,279002,0.0,1.0
5616,2019-04-29T00:00:00.000Z,130.33,130.85,128.84,129.44,575300,128.4317685603,128.9441948601,126.9634701244,127.5547312395,575300,0.0,1.0
5617,2019-04-30T00:00:00.000Z,130.98,131.7,130.18,130.75,335500,129.072301435,129.7818147732,128.2839532815,128.8456513409,335500,0.0,1.0
5618,2019-05-01T00:00:00.000Z,131.5,132.52,130.13,131.58,387800,129.5847277348,130.5898716306,128.2346815219,129.6635625502,387800,0.0,1.0
5619,2019-05-02T00:00:00.000Z,131.96,132.69,130.48,131.01,352500,130.0380279231,130.7573956132,128.5795838391,129.1018644908,352500,0.0,1.0
5620,2019-05-03T00:00:00.000Z,133.23,134.99,132.95,133.0,476400,131.2895306168,133.0238965546,131.0136087631,131.0628805227,476400,0.0,1.0
5621,2019-05-06T00:00:00.000Z,134.01,134.06,131.55,131.56,629100,132.0581700665,132.1074418261,129.6339994944,129.6438538463,629100,0.0,1.0
5622,2019-05-07T00:00:00.000Z,130.97,133.53,129.91,132.93,493600,129.0624470831,131.5851611744,128.0178857797,130.9939000592,493600,0.0,1.0
5623,2019-05-08T00:00:00.000Z,130.21,131.8,129.6,131.03,845200,128.3135163373,129.8803582924,127.7124008702,129.1215731946,845200,0.0,1.0
5624,2019-05-09T00:00:00.000Z,129.91,130.64,127.96,129.41,410700,128.0178857797,128.7372534698,126.0962871555,127.5251681838,410700,0.0,1.0
5625,2019-05-10T00:00:00.000Z,129.23,130.05,127.07,129.67,866200,127.3477898492,128.1558467066,125.2192498347,127.7813813336,866200,0.0,1.0
5626,2019-05-13T00:00:00.000Z,125.07,127.35,124.54,126.74,552600,123.2483794509,125.4951716884,122.7260987992,124.8940562214,552600,0.0,1.0
5627,2019-05-14T00:00:00.000Z,130.64,134.49,127.05,127.05,1053600,128.7372534698,132.5311789586,125.1995411309,125.1995411309,1053600,0.0,1.0
5628,2019-05-15T00:00:00.000Z,131.42,132.87,130.04,130.8,502800,129.5058929195,130.9347739477,128.1459923546,128.8949231005,502800,0.0,1.0
5629,2019-05-16T00:00:00.000Z,133.72,135.97,132.04,132.2,596400,131.7723938608,133.9896230426,130.1168627384,130.2745323692,596400,0.0,1.0
5630,2019-05-17T00:00:00.000Z,133.35,135.67,132.4,132.4,419000,131.4077828398,133.693992485,130.4716194075,130.4716194075,419000,0.0,1.0
5631,2019-05-20T00:00:00.000Z,134.76,135.1,132.51,132.98,554400,132.7972464604,133.1322944257,130.5800172786,131.0431718188,554400,0.0,1.0
5632,2019-05-21T00:00:00.000Z,135.8,137.27,134.8,134.8,703500,133.82209906,135.2706887921,132.8366638681,132.8366638681,703500,0.0,1.0
5633,2019-05-22T00:00:00.000Z,136.11,137.6,135.64,136.39,442300,134.1275839695,135.5958824054,133.6644294293,134.4035058232,442300,0.0,1.0
5634,2019-05-23T00:00:00.000Z,134.8,135.92,134.3,135.21,486500,132.8366638681,133.940351283,132.3439462721,133.2406922968,486500,0.0,1.0
5635,2019-05-24T00:00:00.000Z,135.11,136.48,134.72,135.6,530400,133.1421487776,134.4921949905,132.7578290527,133.6250120216,530400,0.0,1.0
5636,2019-05-28T00:00:00.000Z,133.92,137.62,132.66,135.49,4043700,131.9694808992,135.6155911092,130.7278325574,133.5166141505,4043700,0.0,1.0
5637,2019-05-29T00:00:00.000Z,133.41,133.92,131.76,132.68,527800,131.4669089514,131.9694808992,129.8409408847,130.7475412613,527800,0.0,1.0
5638,2019-05-30T00:00:00.000Z,133.35,134.84,132.53,133.34,502500,131.4077828398,132.8760812758,130.5997259825,131.3979284879,502500,0.0,1.0
5639,2019-05-31T00:00:00.000Z,133.68,133.97,130.29,131.77,668600,131.7329764532,132.0187526588,128.3923511526,129.8507952366,668600,0.0,1.0
5640,2019-06-03T00:00:00.000Z,134.07,134.92,133.11,133.89,513100,132.117296178,132.9549160911,131.1712783938,131.9399178435,513100,0.0,1.0
5641,2019-06-04T00:00:00.000Z,135.92,136.16,134.52,135.0,576399,133.940351283,134.1768557291,132.5607420144,133.0337509065,576399,0.0,1.0
5642,2019-06-05T00:00:00.000Z,136.98,136.98,135.35,136.4,605800,134.9849125864,134.9849125864,133.3786532236,134.4133601751,605800,0.0,1.0
5643,2019-06-06T00:00:00.000Z,137.23,137.68,135.61,136.98,490500,135.2312713844,135.6747172208,133.6348663735,134.9849125864,490500,0.0,1.0
5644,2019-06-07T00:00:00.000Z,138.02,138.87,136.73,137.64,535400,136.009765186,136.8473850991,134.7385537885,135.6352998131,535400,0.0,1.0
5645,2019-06-10T00:00:00.000Z,140.9,141.26,138.36,138.52,409972,138.8478185387,139.2025752078,136.3448131513,136.502482782,409972,0.0,1.0
5646,2019-06-11T00:00:00.000Z,140.45,142.35,139.01,141.28,472600,138.7394206676,140.6162800429,137.3169588252,139.5593118684,472600,0.34,1.0
5647,2019-06-12T00:00:00.000Z,142.39,142.48,140.05,140.49,585500,140.6557928719,140.744696737,138.344292378,138.7789334965,585500,0.0,1.0
5648,2019-06-13T00:00:00.000Z,141.83,142.98,140.67,142.75,436700,140.1026132665,141.238607099,138.9567412268,141.0114083325,436700,0.0,1.0
5649,2019-06-14T00:00:00.000Z,140.43,142.85,140.39,142.09,278800,138.7196642531,141.1101904049,138.6801514241,140.3594466547,278800,0.0,1.0
5650,2019-06-17T00:00:00.000Z,142.65,142.81,140.36,140.44,337400,140.9126262601,141.0706775759,138.6505168024,138.7295424603,337400,0.0,1.0
5651,2019-06-18T00:00:00.000Z,142.92,144.57,142.55,143.47,332200,141.1793378555,142.8092420499,140.8138441877,141.7226392537,332200,0.0,1.0
5652,2019-06-19T00:00:00.000Z,145.05,145.55,142.62,142.62,392151,143.2833959974,143.7773063593,140.8829916384,140.8829916384,392151,0.0,1.0
5653,2019-06-20T00:00:00.000Z,145.33,146.62,143.72,146.51,242107,143.5599858001,144.8342745338,141.9695944346,144.7256142542,242107,0.0,1.0
5654,2019-06-21T00:00:00.000Z,144.92,144.92,142.65,144.29,1515500,143.1549793033,143.1549793033,140.9126262601,142.5326522472,1515500,0.0,1.0
5655,2019-06-24T00:00:00.000Z,145.3,145.79,144.08,144.92,425500,143.5303511783,144.014383333,142.3252098952,143.1549793033,425500,0.0,1.0
5656,2019-06-25T00:00:00.000Z,146.07,146.96,145.27,145.64,465100,144.2909731357,145.17013358,143.5007165566,143.8662102245,465100,0.0,1.0
5657,2019-06-26T00:00:00.000Z,145.35,146.96,144.9,146.19,496200,143.5797422145,145.17013358,143.1352228888,144.4095116226,496200,0.0,1.0
5658,2019-06-27T00:00:00.000Z,146.54,146.96,145.83,146.09,605000,144.7552488759,145.17013358,144.053896162,144.3107295502,605000,0.0,1.0
5659,2019-06-28T00:00:00.000Z,148.88,148.88,146.15,146.64,1001200,147.0667493698,147.0667493698,144.3699987936,144.8540309483,1001200,0.0,1.0
5660,2019-07-01T00:00:00.000Z,149.89,151.6,148.77,149.98,608200,148.0644483009,149.7536217387,146.9580890902,148.1533521661,608200,0.0,1.0
5661,2019-07-02T00:00:00.000Z,150.97,151.56,149.48,149.73,490000,149.1312946827,149.7141089098,147.6594418041,147.9063969851,490000,0.0,1.0
5662,2019-07-03T00:00:00.000Z,153.05,154.09,151.38,151.54,534900,151.1859617883,152.2132953412,149.5363011795,149.6943524953,534900,0.0,1.0
5663,2019-07-05T00:00:00.000Z,152.78,152.9,151.24,152.43,272300,150.9192501929,151.0377886798,149.3980062781,150.5735129395,272300,0.0,1.0
5664,2019-07-08T00:00:00.000Z,152.07,152.34,151.35,152.34,332900,150.2178974789,150.4846090744,149.5066665578,150.4846090744,332900,0.0,1.0
5665,2019-07-09T00:00:00.000Z,152.49,152.98,151.76,151.8,429600,150.632782183,151.1168143377,149.9116730545,149.9511858835,429600,0.0,1.0
5666,2019-07-10T00:00:00.000Z,149.7,152.59,149.51,151.72,537900,147.8767623634,150.7315642554,147.6890764258,149.8721602256,537900,0.0,1.0
5667,2019-07-11T00:00:00.000Z,150.22,151.43,149.75,150.94,649400,148.3904291398,149.5856922157,147.9261533996,149.101660061,649400,0.0,1.0
5668,2019-07-12T00:00:00.000Z,147.98,150.73,147.09,150.01,716800,146.1777107183,148.894217709,145.2985502741,148.1829867878,716800,0.0,1.0
5669,2019-07-15T00:00:00.000Z,148.73,149.67,146.77,147.91,428100,146.9185762612,147.8471277417,144.9824476424,146.1085632676,428100,0.0,1.0
5670,2019-07-16T00:00:00.000Z,148.36,149.48,147.55,149.08,316800,146.5530825934,147.6594418041,145.752947807,147.2643135146,316800,0.0,1.0
5671,2019-07-17T00:00:00.000Z,147.84,149.15,147.66,148.86,341000,146.039415817,147.3334609652,145.8616080867,147.0469929553,341000,0.0,1.0
5672,2019-07-18T00:00:00.000Z,147.87,148.7,147.3,147.91,651600,146.0690504387,146.8889416395,145.5059926261,146.1085632676,651600,0.0,1.0
5673,2019-07-19T00:00:00.000Z,146.25,148.67,146.18,148.17,473000,144.468780866,146.8593070178,144.3996334153,146.3653966558,473000,0.0,1.0
5674,2019-07-22T00:00:00.000Z,147.22,147.76,146.4,146.65,345700,145.4269669682,145.9603901591,144.6169539746,144.8639091556,345700,0.0,1.0
5675,2019-07-23T00:00:00.000Z,147.27,148.05,146.17,147.71,426500,145.4763580044,146.246858169,144.3897552081,145.9109991229,426500,0.0,1.0
5676,2019-07-24T00:00:00.000Z,148.36,149.15,146.38,147.11,395300,146.5530825934,147.3334609652,144.5971975601,145.3183066885,395300,0.0,1.0
5677,2019-07-25T00:00:00.000Z,147.9,149.42,147.4,148.01,345400,146.0986850604,147.6001725607,145.6047746985,146.20734534,345400,0.0,1.0
5678,2019-07-26T00:00:00.000Z,149.44,150.14,147.69,148.1,339700,147.6199289752,148.3114034819,145.8912427084,146.2962492052,339700,0.0,1.0
5679,2019-07-29T00:00:00.000Z,150.34,150.79,149.07,149.76,257400,148.5089676266,148.9534869524,147.2544353073,147.9360316068,257400,0.0,1.0
5680,2019-07-30T00:00:00.000Z,149.52,149.78,148.58,149.26,408800,147.6989546331,147.9557880213,146.7704031526,147.4421212449,408800,0.0,1.0
5681,2019-07-31T00:00:00.000Z,148.86,150.58,148.16,149.45,493000,147.0469929553,148.7460446004,146.3555184486,147.6298071824,493000,0.0,1.0
5682,2019-08-01T00:00:00.000Z,149.09,151.03,148.43,149.04,330000,147.2741917218,149.1905639261,146.6222300441,147.2248006856,330000,0.0,1.0
5683,2019-08-02T00:00:00.000Z,147.89,148.69,147.11,148.48,277800,146.0888068532,146.8790634323,145.3183066885,146.6716210802,277800,0.0,1.0
5684,2019-08-05T00:00:00.000Z,144.61,146.49,143.25,145.47,363900,142.8487548789,144.7058578397,141.5053186944,143.6982807014,363900,0.0,1.0
5685,2019-08-06T00:00:00.000Z,152.32,153.67,148.55,150.7,660500,150.4648526599,151.7984106371,146.7407685309,148.8645830872,660500,0.0,1.0
5686,2019-08-07T00:00:00.000Z,152.93,153.07,148.73,151.65,783800,151.0674233015,151.2057182028,146.9185762612,149.8030127749,783800,0.0,1.0
5687,2019-08-08T00:00:00.000Z,154.62,154.7,152.79,153.07,674800,152.7368403248,152.8158659827,150.9291284001,151.2057182028,674800,0.0,1.0
5688,2019-08-09T00:00:00.000Z,153.94,154.9,152.5,154.21,262800,152.0651222326,153.0134301275,150.6426603902,152.331833828,262800,0.0,1.0
5689,2019-08-12T00:00:00.000Z,154.25,155.5,152.94,153.33,180200,152.371346657,153.6061225618,151.0773015087,151.462551591,180200,0.0,1.0
5690,2019-08-13T00:00:00.000Z,155.4,156.12,153.72,153.72,334700,153.5073404894,154.2185714106,151.8478016733,151.8478016733,334700,0.0,1.0
5691,2019-08-14T00:00:00.000Z,151.69,154.18,151.51,153.28,239100,149.8425256039,152.3021992063,149.6647178736,151.4131605548,239100,0.0,1.0
5692,2019-08-15T00:00:00.000Z,151.97,153.29,151.21,151.86,372200,150.1191154066,151.4230387621,149.3683716564,150.0104551269,372200,0.0,1.0
5693,2019-08-16T00:00:00.000Z,152.74,154.32,152.13,152.94,346071,150.8797373639,152.4404941077,150.2771667224,151.0773015087,346071,0.0,1.0
5694,2019-08-19T00:00:00.000Z,153.21,154.87,153.01,154.37,337700,151.3440131042,152.9837955058,151.1464489594,152.4898851438,337700,0.0,1.0
5695,2019-08-20T00:00:00.000Z,151.09,153.79,150.97,153.45,548600,149.2498331695,151.916949124,149.1312946827,151.5810900779,548600,0.0,1.0
5696,2019-08-21T00:00:00.000Z,151.16,152.14,150.83,151.67,782400,149.3189806202,150.2870449296,148.9929997813,149.8227691894,782400,0.0,1.0
5697,2019-08-22T00:00:00.000Z,151.19,151.74,150.0,151.66,450200,149.3486152419,149.8919166401,148.1731085805,149.8128909822,450200,0.0,1.0
5698,2019-08-23T00:00:00.000Z,148.46,151.92,148.03,150.8,365900,146.6518646658,150.0697243704,146.2271017545,148.9633651596,365900,0.0,1.0
5699,2019-08-26T00:00:00.000Z,149.62,150.4,149.02,149.32,411900,147.7977367055,148.5682368701,147.2050442711,147.5013904883,411900,0.0,1.0
5700,2019-08-27T00:00:00.000Z,153.02,153.08,150.04,150.87,726000,151.1563271666,151.2155964101,148.2126214095,149.0325126103,726000,0.0,1.0
5701,2019-08-28T00:00:00.000Z,152.96,153.83,151.7,152.51,466400,151.0970579232,151.956461953,149.8524038111,150.6525385974,466400,0.0,1.0
5702,2019-08-29T00:00:00.000Z,155.14,155.72,153.51,154.22,305700,153.2505071012,153.8234431211,151.6403593213,152.3417120353,305700,0.0,1.0
5703,2019-08-30T00:00:00.000Z,154.4,156.66,152.88,156.09,332600,152.5195197656,154.7519946015,151.0180322653,154.1889367889,332600,0.0,1.0
5704,2019-09-03T00:00:00.000Z,152.21,154.33,150.74,153.71,342500,150.3561923803,152.4503723149,148.9040959162,151.8379234661,342500,0.0,1.0
5705,2019-09-04T00:00:00.000Z,152.37,153.86,151.63,153.55,317200,150.5142436961,151.9860965747,149.7832563604,151.6798721503,317200,0.0,1.0
5706,2019-09-05T00:00:00.000Z,153.5,154.45,151.93,153.89,489400,151.6304811141,152.5689108018,150.0796025776,152.0157311964,489400,0.0,1.0
5707,2019-09-06T00:00:00.000Z,154.49,155.85,153.79,153.88,494700,152.6084236307,153.9518598152,151.916949124,152.0058529891,494700,0.0,1.0
5708,2019-09-09T00:00:00.000Z,145.28,154.44,144.87,154.36,677700,143.8760884317,152.9475708796,143.4700504619,152.8683439587,677700,0.37,1.0
5709,2019-09-10T00:00:00.000Z,141.62,144.06,140.76,144.06,1094200,140.2514567986,142.6678778873,139.3997673984,142.6678778873,1094200,0.0,1.0
5710,2019-09-11T00:00:00.000Z,144.51,144.52,140.13,141.62,867500,143.1135293176,143.1234326827,138.775855396,140.2514567986,867500,0.0,1.0
5711,2019-09-12T00:00:00.000Z,147.94,148.18,145.85,145.89,488400,146.510383553,146.7480643159,144.4405802434,144.4801937039,488400,0.0,1.0
5712,2019-09-13T00:00:00.000Z,144.12,148.22,143.67,147.94,636200,142.727298078,146.7876777763,142.2816466477,146.510383553,636200,0.0,1.0
5713,2019-09-16T00:00:00.000Z,144.33,144.91,142.21,143.21,501100,142.9352687455,143.5096639223,140.8357553405,141.8260918523,501100,0.0,1.0
5714,2019-09-17T00:00:00.000Z,145.5,146.79,144.13,144.13,564900,144.0939624643,145.3714965645,142.7372014431,142.7372014431,564900,0.0,1.0
5715,2019-09-18T00:00:00.000Z,144.44,147.79,143.36,146.24,983600,143.0442057618,146.3618330763,141.9746423291,144.826811483,983600,0.0,1.0
5716,2019-09-19T00:00:00.000Z,145.79,147.1,144.49,144.49,428300,144.3811600527,145.6785008831,143.0937225874,143.0937225874,428300,0.0,1.0
5717,2019-09-20T00:00:00.000Z,146.66,148.05,146.26,146.26,1435800,145.242752818,146.6193205693,144.8466182132,144.8466182132,1435800,0.0,1.0
5718,2019-09-23T00:00:00.000Z,146.37,147.74,146.05,146.05,827100,144.9555552295,146.3123162507,144.6386475458,144.6386475458,827100,0.0,1.0
5719,2019-09-24T00:00:00.000Z,146.81,148.98,146.11,147.35,417100,145.3913032947,147.5403335253,144.6980677365,145.9260850111,417100,0.0,1.0
5720,2019-09-25T00:00:00.000Z,146.71,147.64,144.63,146.48,356900,145.2922696435,146.2132825995,143.232369699,145.0644922458,356900,0.0,1.0
5721,2019-09-26T00:00:00.000Z,145.08,147.41,144.04,146.56,445700,143.6780211293,145.9855052018,142.6480711571,145.1437191668,445700,0.0,1.0
5722,2019-09-27T00:00:00.000Z,141.78,146.22,141.28,146.22,327100,140.4099106405,144.8070047528,139.9147423846,144.8070047528,327100,0.0,1.0
5723,2019-09-30T00:00:00.000Z,144.49,144.98,141.61,141.96,385400,143.0937225874,143.5789874782,140.2415534335,140.5881712126,385400,0.0,1.0
5724,2019-10-01T00:00:00.000Z,140.62,144.97,140.16,144.77,360000,139.2611202868,143.569084113,138.8055654914,143.3710168107,360000,0.0,1.0
5725,2019-10-02T00:00:00.000Z,139.01,139.98,137.54,139.66,452700,137.6666785028,138.6273049193,136.2108838305,138.3103972355,452700,0.0,1.0
5726,2019-10-03T00:00:00.000Z,141.21,141.46,137.95,138.61,446000,139.8454188287,140.0930029567,136.6169218003,137.2705438981,446000,0.0,1.0
5727,2019-10-04T00:00:00.000Z,142.66,143.84,141.35,142.15,347100,141.2814067708,142.4500038547,139.9840659404,140.7763351498,347100,0.0,1.0
5728,2019-10-07T00:00:00.000Z,141.91,142.44,141.22,141.72,256000,140.538654387,141.0635327382,139.8553221939,140.3504904498,256000,0.0,1.0
5729,2019-10-08T00:00:00.000Z,138.04,140.85,137.92,140.85,253700,136.7060520864,139.4888976845,136.587211705,139.4888976845,253700,0.0,1.0
5730,2019-10-09T00:00:00.000Z,139.44,140.62,138.97,139.18,305500,138.0925232029,139.2611202868,137.6270650424,137.8350357098,305500,0.0,1.0
5731,2019-10-10T00:00:00.000Z,139.7,140.24,138.79,138.83,422200,138.350010696,138.8847924123,137.4488044702,137.4884179307,422200,0.0,1.0
5732,2019-10-11T00:00:00.000Z,140.68,141.86,140.5,141.12,331600,139.3205404775,140.4891375614,139.1422799054,139.7562885427,331600,0.0,1.0
5733,2019-10-14T00:00:00.000Z,140.08,141.95,139.57,141.18,171500,138.7263385704,140.5782678475,138.2212669494,139.8157087334,171500,0.0,1.0
5734,2019-10-15T00:00:00.000Z,143.1,143.19,140.85,141.49,448300,141.717154836,141.8062851221,139.4888976845,140.122713052,448300,0.0,1.0
5735,2019-10-16T00:00:00.000Z,142.4,143.31,141.61,142.75,483300,141.0239192778,141.9251255035,140.2415534335,141.3705370569,483300,0.0,1.0
5736,2019-10-17T00:00:00.000Z,143.15,143.97,142.26,143.07,532100,141.7666716616,142.5787476013,140.8852721661,141.6874447407,532100,0.0,1.0
5737,2019-10-18T00:00:00.000Z,143.37,143.96,142.61,142.71,901200,141.9845456942,142.5688442361,141.2318899452,141.3309235964,901200,0.0,1.0
5738,2019-10-21T00:00:00.000Z,140.55,144.0,140.37,144.0,486500,139.191796731,142.6084576966,139.0135361588,142.6084576966,486500,0.0,1.0
5739,2019-10-22T00:00:00.000Z,136.92,141.71,136.37,141.05,739200,135.5968751932,140.3405870846,135.0521901117,139.6869649869,739200,0.0,1.0
5740,2019-10-23T00:00:00.000Z,137.85,138.25,136.96,137.61,468600,136.5178881492,136.9140227539,135.6364886537,136.2802073863,468600,0.0,1.0
5741,2019-10-24T00:00:00.000Z,137.39,139.27,136.93,138.42,356500,136.0623333537,137.9241659959,135.6067785583,137.0823799609,356500,0.0,1.0
5742,2019-10-25T00:00:00.000Z,138.01,139.39,137.02,137.55,332700,136.676341991,138.0430063773,135.6959088444,136.2207871956,332700,0.0,1.0
5743,2019-10-28T00:00:00.000Z,139.46,140.2,138.41,138.41,304100,138.1123299331,138.8451789518,137.0724765958,137.0724765958,304100,0.0,1.0
5744,2019-10-29T00:00:00.000Z,141.45,142.15,139.05,139.1,247400,140.0830995916,140.7763351498,137.7062919633,137.7558087889,247400,0.0,1.0
5745,2019-10-30T00:00:00.000Z,142.68,143.01,140.07,141.78,359500,141.3012135011,141.62802455,138.7164352053,140.4099106405,359500,0.0,1.0
5746,2019-10-31T00:00:00.000Z,141.57,143.43,140.77,142.13,367400,140.201939973,142.0439658849,139.4096707636,140.7565284196,367400,0.0,1.0
5747,2019-11-01T00:00:00.000Z,142.14,143.87,141.55,142.61,312600,140.7664317847,142.4797139501,140.1821332427,141.2318899452,312600,0.0,1.0
5748,2019-11-04T00:00:00.000Z,140.53,143.47,139.43,143.03,416000,139.1719900007,142.0835793454,138.0826198378,141.6478312802,416000,0.0,1.0
5749,2019-11-05T00:00:00.000Z,145.48,148.11,143.08,146.0,878500,144.0741557341,146.67874076,141.6973481058,144.5891307202,878500,0.0,1.0
5750,2019-11-06T00:00:00.000Z,145.49,146.55,144.18,145.5,490100,144.0840590992,145.1338158017,142.7867182687,144.0939624643,490100,0.0,1.0
5751,2019-11-07T00:00:00.000Z,145.19,147.49,144.47,146.5,481600,143.7869581456,146.0647321227,143.0739158572,145.0842989761,481600,0.0,1.0
5752,2019-11-08T00:00:00.000Z,145.84,146.79,144.74,145.14,282700,144.4306768783,145.3714965645,143.3413067153,143.73744132,282700,0.0,1.0
5753,2019-11-11T00:00:00.000Z,144.69,146.81,144.11,145.08,373400,143.2917898897,145.3913032947,142.7173947129,143.6780211293,373400,0.0,1.0
5754,2019-11-12T00:00:00.000Z,145.6,146.4,144.76,145.18,275400,144.1929961155,144.9852653249,143.3611134456,143.7770547805,275400,0.0,1.0
5755,2019-11-13T00:00:00.000Z,145.61,146.76,144.99,145.3,265000,144.2028994806,145.3417864691,143.5888908433,143.8958951619,265000,0.0,1.0
5756,2019-11-14T00:00:00.000Z,146.74,146.82,145.14,145.73,296100,145.3219797389,145.4012066598,143.73744132,144.321739862,296100,0.0,1.0
5757,2019-11-15T00:00:00.000Z,148.75,148.83,146.78,147.43,319200,147.3125561276,147.3917830485,145.3615931994,146.005311932,319200,0.0,1.0
5758,2019-11-18T00:00:00.000Z,149.38,149.81,148.47,148.86,398000,147.93646813,148.3623128301,147.0352619043,147.4214931439,398000,0.0,1.0
5759,2019-11-19T00:00:00.000Z,151.89,152.16,149.66,150.21,385700,150.4222127746,150.6896036328,148.2137623533,148.7584474348,385700,0.0,1.0
5760,2019-11-20T00:00:00.000Z,151.87,153.51,151.31,151.95,635400,150.4024060443,152.0265579237,149.8478175977,150.4816329653,635400,0.0,1.0
5761,2019-11-21T00:00:00.000Z,150.83,152.56,150.15,152.36,329000,149.3724560721,151.0857382375,148.6990272441,150.8876709351,329000,0.0,1.0
5762,2019-11-22T00:00:00.000Z,151.89,152.06,150.29,151.8,494000,150.4222127746,150.5905699816,148.8376743557,150.3330824885,494000,0.0,1.0
5763,2019-11-25T00:00:00.000Z,151.5,152.46,151.14,151.9,285600,150.4024060443,151.3554509935,150.0450141884,150.7995081065,285600,0.37,1.0
5764,2019-11-26T00:00:00.000Z,151.74,153.3,150.94,151.34,445100,150.6406672816,152.1893653241,149.8464631573,150.2435652195,445100,0.0,1.0
5765,2019-11-27T00:00:00.000Z,152.68,153.14,151.47,152.24,260200,151.5738571277,152.0305244992,150.3726233897,151.1370448593,260200,0.0,1.0
5766,2019-11-29T00:00:00.000Z,151.14,153.06,151.14,152.45,237200,150.0450141884,151.9511040868,150.0450141884,151.345523442,237200,0.0,1.0
5767,2019-12-02T00:00:00.000Z,150.24,151.99,149.34,151.99,308100,149.1515345485,150.8888560705,148.2580549087,150.8888560705,308100,0.0,1.0
5768,2019-12-03T00:00:00.000Z,152.08,152.4,149.45,149.74,406900,150.9782040345,151.2958856842,148.3672579758,148.6551569708,406900,0.0,1.0
5769,2019-12-04T00:00:00.000Z,154.07,154.3,152.51,152.51,473400,152.9537867937,153.1821204795,151.4050887513,151.4050887513,473400,0.0,1.0
5770,2019-12-05T00:00:00.000Z,152.95,153.93,152.59,153.62,338700,151.8419010197,152.814801072,151.4845091637,152.5070469738,338700,0.0,1.0
5771,2019-12-06T00:00:00.000Z,154.3,155.07,153.67,154.0,340800,153.1821204795,153.9465419491,152.5566847316,152.8842939329,340800,0.0,1.0
5772,2019-12-09T00:00:00.000Z,152.54,154.13,152.35,153.67,279300,151.434871406,153.0133521031,151.2462479264,152.5566847316,279300,0.0,1.0
5773,2019-12-10T00:00:00.000Z,153.94,154.02,151.78,152.94,304100,152.8247286235,152.904149036,150.6803774879,151.8319734681,304100,0.0,1.0
5774,2019-12-11T00:00:00.000Z,153.68,155.0,153.2,154.32,440000,152.5666122831,153.8770490883,152.0900898085,153.2019755826,440000,0.0,1.0
5775,2019-12-12T00:00:00.000Z,153.66,154.4,152.3,154.18,410400,152.54675718,153.281395995,151.1966101687,153.0629898608,410400,0.0,1.0
5776,2019-12-13T00:00:00.000Z,151.93,153.98,151.53,153.12,503200,150.8292907612,152.8644388298,150.432188699,152.0106693961,503200,0.0,1.0
5777,2019-12-16T00:00:00.000Z,150.75,152.85,149.58,152.29,1253500,149.6578396778,151.7426255041,148.496316146,151.1866826171,1253500,0.0,1.0
5778,2019-12-17T00:00:00.000Z,151.52,151.9,149.38,150.61,758900,150.4222611474,150.7995081065,148.2977651149,149.518853956,758900,0.0,1.0
5779,2019-12-18T00:00:00.000Z,149.26,152.4,148.39,152.08,753900,148.1786344962,151.2958856842,147.314937511,150.9782040345,753900,0.0,1.0
5780,2019-12-19T00:00:00.000Z,148.39,149.71,147.24,149.31,1200200,147.314937511,148.6253743162,146.1732690823,148.228272254,1200200,0.0,1.0
5781,2019-12-20T00:00:00.000Z,149.84,151.92,148.52,149.45,14904400,148.7544324864,150.8193632096,147.4439956812,148.3672579758,14904400,0.0,1.0
5782,2019-12-23T00:00:00.000Z,151.48,152.86,149.6,150.1,786300,150.3825509412,151.7525530557,148.5161712491,149.0125488268,786300,0.0,1.0
5783,2019-12-24T00:00:00.000Z,152.03,152.08,150.92,151.61,137700,150.9285662767,150.9782040345,149.8266080542,150.5116091114,137700,0.0,1.0
5784,2019-12-26T00:00:00.000Z,151.35,152.84,150.6,152.18,649300,150.253492771,151.7326979526,149.5089264045,151.07747955,649300,0.0,1.0
5785,2019-12-27T00:00:00.000Z,151.81,152.38,150.49,151.96,433400,150.7101601425,151.2760305811,149.3997233374,150.8590734158,433400,0.0,1.0
5786,2019-12-30T00:00:00.000Z,151.94,152.94,151.42,152.12,600500,150.8392183127,151.8319734681,150.3229856319,151.0179142407,600500,0.0,1.0
5787,2019-12-31T00:00:00.000Z,152.42,152.56,151.26,151.91,330200,151.3157407873,151.4547265091,150.164144807,150.8094356581,330200,0.0,1.0
5788,2020-01-02T00:00:00.000Z,151.7,153.21,150.53,152.58,641200,150.6009570754,152.1000173601,149.4394335436,151.4745816122,641200,0.0,1.0
5789,2020-01-03T00:00:00.000Z,150.63,151.5,149.2,149.43,638000,149.5387090591,150.4024060443,148.1190691869,148.3474028726,638000,0.0,1.0
5790,2020-01-06T00:00:00.000Z,151.62,152.13,150.23,150.5,581900,150.521536663,151.0278417922,149.141606997,149.4096508889,581900,0.0,1.0
5791,2020-01-07T00:00:00.000Z,151.04,151.71,150.61,150.71,429900,149.9457386729,150.610884627,149.518853956,149.6181294716,429900,0.0,1.0
5792,2020-01-08T00:00:00.000Z,150.95,152.01,150.42,151.6,839000,149.8563907089,150.9087111736,149.3302304765,150.5016815599,839000,0.0,1.0
5793,2020-01-09T00:00:00.000Z,151.78,153.16,151.3,151.55,644100,150.6803774879,152.0503796023,150.2038550133,150.4520438021,644100,0.0,1.0
5794,2020-01-10T00:00:00.000Z,151.01,152.53,150.51,152.39,432000,149.9159560182,151.4249438544,149.4195784405,151.2859581327,432000,0.0,1.0
5795,2020-01-13T00:00:00.000Z,151.54,151.82,150.33,150.88,522700,150.4421162506,150.7200876941,149.2408825125,149.786897848,522700,0.0,1.0
5796,2020-01-14T00:00:00.000Z,152.41,152.5,150.29,151.05,519500,151.3058132358,151.3951611997,149.2011723063,149.9556662244,519500,0.0,1.0
5797,2020-01-15T00:00:00.000Z,152.57,153.77,152.15,152.34,550300,151.4646540606,152.6559602471,151.0476968954,151.2363203749,550300,0.0,1.0
5798,2020-01-16T00:00:00.000Z,154.13,154.17,152.68,153.05,399300,153.0133521031,153.0530623093,151.5738571277,151.9411765352,399300,0.0,1.0
5799,2020-01-17T00:00:00.000Z,154.13,154.4,153.01,154.23,628100,153.0133521031,153.281395995,151.901466329,153.1126276186,628100,0.0,1.0
5800,2020-01-21T00:00:00.000Z,153.81,154.75,152.89,153.96,521200,152.6956704533,153.6288602994,151.7823357104,152.8445837266,521200,0.0,1.0
5801,2020-01-22T00:00:00.000Z,152.79,155.0,152.77,154.45,369800,151.6830601948,153.8770490883,151.6632050917,153.3310337528,369800,0.0,1.0
5802,2020-01-23T00:00:00.000Z,151.81,152.43,151.32,152.43,399100,150.7101601425,151.3256683389,150.2237101164,151.3256683389,399100,0.0,1.0
5803,2020-01-24T00:00:00.000Z,151.29,151.93,150.09,151.93,486500,150.1939274617,150.8292907612,149.0026212752,150.8292907612,486500,0.0,1.0
5804,2020-01-27T00:00:00.000Z,150.11,151.38,148.92,149.51,831200,149.0224763783,150.2832754257,147.8410977434,148.4268232851,831200,0.0,1.0
5805,2020-01-28T00:00:00.000Z,151.05,151.79,150.11,150.11,452800,149.9556662244,150.6903050394,149.0224763783,149.0224763783,452800,0.0,1.0
5806,2020-01-29T00:00:00.000Z,151.52,152.73,150.45,151.3,514200,150.4222611474,151.6234948855,149.3600131312,150.2038550133,514200,0.0,1.0
5807,2020-01-30T00:00:00.000Z,153.31,153.39,150.11,150.5,568407,152.1992928756,152.2787132881,149.0224763783,149.4096508889,568407,0.0,1.0
5808,2020-01-31T00:00:00.000Z,150.69,153.51,150.44,152.81,659300,149.5982743685,152.3978439067,149.3500855796,151.7029152979,659300,0.0,1.0
5809,2020-02-03T00:00:00.000Z,151.0,152.1,150.58,151.51,398800,149.9060284666,150.9980591376,149.4890713014,150.4123335959,398800,0.0,1.0
5810,2020-02-04T00:00:00.000Z,152.21,153.38,151.56,152.68,382400,151.1072622047,152.2687857365,150.4619713537,151.5738571277,382400,0.0,1.0
5811,2020-02-05T00:00:00.000Z,152.92,154.2,152.46,153.02,341492,151.812118365,153.0828449639,151.3554509935,151.9113938806,341492,0.0,1.0
5812,2020-02-06T00:00:00.000Z,154.25,154.79,152.03,153.01,459500,153.1324827217,153.6685705056,150.9285662767,151.901466329,459500,0.0,1.0
5813,2020-02-07T00:00:00.000Z,152.87,154.46,152.01,153.86,353500,151.7624806072,153.3409613043,150.9087111736,152.7453082111,353500,0.0,1.0
5814,2020-02-10T00:00:00.000Z,153.88,155.32,151.77,152.53,591400,152.7651633142,154.194730738,150.6704499363,151.4249438544,591400,0.0,1.0
5815,2020-02-11T00:00:00.000Z,162.27,162.63,155.77,157.0,2184600,161.0943790681,161.451770924,154.6414705579,155.8625593991,2184600,0.0,1.0
5816,2020-02-12T00:00:00.000Z,167.83,168.12,163.0,163.0,1099400,166.6140977322,166.9019967272,161.8190903315,161.8190903315,1099400,0.0,1.0
5817,2020-02-13T00:00:00.000Z,167.0,167.56,164.12,166.68,783700,165.7901109532,166.3460538402,162.9309761056,165.4724293034,783700,0.0,1.0
5818,2020-02-14T00:00:00.000Z,168.51,168.61,166.15,167.0,404500,167.2891712378,167.3884467534,164.9462690711,165.7901109532,404500,0.0,1.0
5819,2020-02-18T00:00:00.000Z,167.93,168.39,166.99,168.11,563600,166.7133732477,167.1700406192,165.7801834016,166.8920691757,563600,0.0,1.0
5820,2020-02-19T00:00:00.000Z,168.26,168.78,167.44,168.2,382000,167.040982449,167.5572151298,166.2269232215,166.9814171397,382000,0.0,1.0
5821,2020-02-20T00:00:00.000Z,168.28,168.64,166.72,167.89,519000,167.0608375521,167.418229408,165.5121395097,166.6736630415,519000,0.0,1.0
5822,2020-02-21T00:00:00.000Z,167.95,168.66,167.23,168.06,546600,166.7332283508,167.4380845111,166.0184446389,166.8424314179,546600,0.0,1.0
5823,2020-02-24T00:00:00.000Z,167.46,168.34,164.56,165.15,860100,166.6140977322,167.4896525274,163.7287467025,164.3157663948,860100,0.37,1.0
5824,2020-02-25T00:00:00.000Z,164.87,168.98,163.82,167.74,1276200,164.0371807781,168.1264196511,162.9924847156,166.8926833488,1276200,0.0,1.0
5825,2020-02-26T00:00:00.000Z,165.44,167.99,165.22,165.81,1086800,164.6043014977,167.1414205065,164.3854127989,164.9724324912,1086800,0.0,1.0
5826,2020-02-27T00:00:00.000Z,163.62,168.55,162.87,163.79,1159000,162.7934949895,167.6985917398,162.0472835163,162.9626362567,1159000,0.0,1.0
5827,2020-02-28T00:00:00.000Z,158.62,162.86,155.16,160.08,1618500,157.8187518349,162.03733403,154.376229572,159.271376836,1618500,0.0,1.0
5828,2020-03-02T00:00:00.000Z,163.4,163.4,156.09,159.05,1089700,162.5746062907,162.5746062907,155.3015317987,158.2465797462,1089700,0.0,1.0
5829,2020-03-03T00:00:00.000Z,161.03,165.88,158.17,163.48,897900,160.2165780354,165.0420788953,157.371024951,162.6542021811,897900,0.0,1.0
5830,2020-03-04T00:00:00.000Z,164.45,165.82,159.84,163.52,851300,163.6193023531,164.9823819775,159.0325891646,162.6940001264,851300,0.0,1.0
5831,2020-03-05T00:00:00.000Z,158.14,162.84,155.99,161.54,931700,157.3411764921,162.0174350574,155.2020369356,160.7240018372,931700,0.0,1.0
5832,2020-03-06T00:00:00.000Z,157.03,157.42,152.26,154.51,788800,156.2367835118,156.6248134778,151.4908785423,153.7295129619,788800,0.0,1.0
5833,2020-03-09T00:00:00.000Z,145.5,151.03,144.87,150.08,1061100,144.7650257974,150.2670917263,144.1382081599,149.3218905269,1061100,0.0,1.0
5834,2020-03-10T00:00:00.000Z,151.09,151.09,145.15,148.49,918600,150.3267886442,150.3267886442,144.4167937766,147.7399222038,918600,0.0,1.0
5835,2020-03-11T00:00:00.000Z,145.25,148.79,143.26,147.67,704700,144.5162886396,148.0384067931,142.5363408641,146.9240643265,704700,0.0,1.0
5836,2020-03-12T00:00:00.000Z,131.06,138.67,130.71,138.18,870900,130.397967567,137.9695266483,130.0497355462,137.4820018191,870900,0.0,1.0
5837,2020-03-13T00:00:00.000Z,136.29,137.47,127.27,136.59,900300,135.6015489067,136.7755882912,126.6271122559,135.900033496,900300,0.0,1.0
5838,2020-03-16T00:00:00.000Z,120.5,129.03,120.05,124.54,894500,119.8913100246,128.3782218463,119.4435831407,123.9109024935,894500,0.0,1.0
5839,2020-03-17T00:00:00.000Z,130.63,133.88,118.04,123.32,922200,129.9701396557,133.2037227062,117.4437363926,122.6970651638,922200,0.0,1.0
5840,2020-03-18T00:00:00.000Z,122.78,130.88,111.74,121.27,925400,122.1597929031,130.2188768135,111.1755600179,120.6574204704,925400,0.0,1.0
5841,2020-03-19T00:00:00.000Z,121.22,125.44,116.91,121.86,811700,120.6076730389,124.8063562613,116.3194444397,121.2444401627,811700,0.0,1.0
5842,2020-03-20T00:00:00.000Z,115.7,122.87,115.33,121.41,833000,115.1155565963,122.2493382799,114.7474256028,120.7967132788,833000,0.0,1.0
5843,2020-03-23T00:00:00.000Z,107.76,117.75,105.69,115.43,920000,107.2156644668,117.1552012896,105.1561208009,114.8469204659,920000,0.0,1.0
5844,2020-03-24T00:00:00.000Z,118.11,118.99,110.82,112.78,783000,117.5133827968,118.388937592,110.2602072774,112.210306594,783000,0.0,1.0
5845,2020-03-25T00:00:00.000Z,117.82,123.37,115.31,117.3,787300,117.2248476938,122.7468125953,114.7275266302,116.7074744057,787300,0.0,1.0
5846,2020-03-26T00:00:00.000Z,129.61,130.27,119.0,119.14,1020800,128.9552920522,129.6119581486,118.3988870783,118.5381798866,1020800,0.0,1.0
5847,2020-03-27T00:00:00.000Z,129.74,133.53,123.8,125.61,1027700,129.0846353742,132.8554906854,123.1746405066,124.9754975286,1027700,0.0,1.0
5848,2020-03-30T00:00:00.000Z,139.99,140.4,131.14,131.21,898700,139.2828588411,139.6907877797,130.4775634575,130.5472098617,898700,0.0,1.0
5849,2020-03-31T00:00:00.000Z,139.97,142.36,137.7,139.58,1276100,139.2629598684,141.6408870963,137.0044264763,138.8749299024,1276100,0.0,1.0
5850,2020-04-01T00:00:00.000Z,137.7,140.03,133.79,135.21,1044200,137.0044264763,139.3226567863,133.1141773294,134.5270043853,1044200,0.0,1.0
5851,2020-04-02T00:00:00.000Z,139.55,141.43,136.01,137.35,732400,138.8450814435,140.7155848696,135.32296329,136.6561944555,732400,0.0,1.0
5852,2020-04-03T00:00:00.000Z,138.72,140.94,137.57,138.47,908300,138.0192740798,140.2280600404,136.8750831543,137.7705369221,908300,0.0,1.0
5853,2020-04-06T00:00:00.000Z,148.65,149.51,142.21,143.96,978800,147.8991139847,148.7547698073,141.4916448017,143.2328049058,978800,0.0,1.0
5854,2020-04-07T00:00:00.000Z,148.76,154.37,147.76,149.99,1080600,148.0085583341,153.5902201535,147.0136097032,149.2323451502,1080600,0.0,1.0
5855,2020-04-08T00:00:00.000Z,149.25,150.6,146.22,149.64,826600,148.4960831633,149.839263815,145.4813888116,148.8841131293,826600,0.0,1.0
5856,2020-04-09T00:00:00.000Z,152.69,153.73,147.86,149.15,669500,151.9187064536,152.9534530298,147.1131045663,148.3965883002,669500,0.0,1.0
5857,2020-04-13T00:00:00.000Z,149.51,153.41,145.26,152.54,737400,148.7547698073,152.6350694679,144.526238126,151.769464159,737400,0.0,1.0
5858,2020-04-14T00:00:00.000Z,157.16,158.53,151.25,152.27,930300,156.3661268338,157.7292064581,150.4859804251,151.5008280286,930300,0.0,1.0
5859,2020-04-15T00:00:00.000Z,154.75,156.04,151.97,154.17,589300,153.9683006333,155.2517843672,151.2023434394,153.3912304274,589300,0.0,1.0
5860,2020-04-16T00:00:00.000Z,150.33,156.23,149.46,155.57,888400,149.5706276847,155.440824607,148.7050223758,154.7841585106,888400,0.0,1.0
5861,2020-04-17T00:00:00.000Z,154.97,155.46,149.49,152.96,717300,154.1871893321,154.6747141612,148.7348708347,152.187342584,717300,0.0,1.0
5862,2020-04-20T00:00:00.000Z,157.45,160.16,153.44,153.9,889200,156.6546619367,159.3509727265,152.6649179268,153.122594297,889200,0.0,1.0
5863,2020-04-21T00:00:00.000Z,147.78,155.39,146.41,155.02,718800,147.0335086758,154.6050677571,145.6704290515,154.2369367636,718800,0.0,1.0
5864,2020-04-22T00:00:00.000Z,150.88,152.28,147.57,149.95,393900,150.1178494317,151.5107775149,146.8245694634,149.1925472049,393900,0.0,1.0
5865,2020-04-23T00:00:00.000Z,149.45,153.07,149.04,150.42,593600,148.6950728895,152.2967869334,148.2871439508,149.6601730615,593600,0.0,1.0
5866,2020-04-24T00:00:00.000Z,147.82,151.12,145.53,150.5,766900,147.0733066211,150.3566371031,144.7948742563,149.7397689519,766900,0.0,1.0
5867,2020-04-27T00:00:00.000Z,149.67,150.82,148.0,149.36,408200,148.9139615883,150.0581525138,147.2523973747,148.6055275127,408200,0.0,1.0
5868,2020-04-28T00:00:00.000Z,146.21,151.75,146.14,150.6,523700,145.4714393253,150.9834547406,145.4017929212,149.839263815,523700,0.0,1.0
5869,2020-04-29T00:00:00.000Z,146.86,149.21,145.61,147.25,519300,146.1181559354,148.4562852181,144.8744701468,146.5061859015,519300,0.0,1.0
5870,2020-04-30T00:00:00.000Z,142.5,146.24,141.23,145.86,780100,141.7801799046,145.5012877842,140.5165951434,145.1232073045,780100,0.0,1.0
5871,2020-05-01T00:00:00.000Z,141.4,143.04,139.7,141.23,639500,140.6857364106,142.3174521653,138.9943237381,140.5165951434,639500,0.0,1.0
5872,2020-05-04T00:00:00.000Z,139.54,141.43,138.66,141.39,400100,138.8351319572,140.7155848696,137.959577162,140.6757869243,400100,0.0,1.0
5873,2020-05-05T00:00:00.000Z,141.66,143.72,140.53,140.72,964200,140.9444230547,142.9940172344,139.8201311018,140.0091713416,964200,0.0,1.0
5874,2020-05-06T00:00:00.000Z,140.99,142.68,139.51,142.42,582600,140.277807472,141.9592706582,138.8052834982,141.7005840142,582600,0.0,1.0
5875,2020-05-07T00:00:00.000Z,143.86,145.42,142.68,143.39,664800,143.1333100427,144.6854299069,141.9592706582,142.6656841862,664800,0.0,1.0
5876,2020-05-08T00:00:00.000Z,148.25,148.78,145.24,146.5,644600,147.5011345324,148.0284573068,144.5063391533,145.7599744283,644600,0.0,1.0
5877,2020-05-11T00:00:00.000Z,152.78,153.59,147.0,147.0,603100,152.0082518304,152.8141602214,146.2574487437,146.2574487437,603100,0.0,1.0
5878,2020-05-12T00:00:00.000Z,149.14,153.95,149.14,153.5,608200,148.3866388139,153.1723417286,148.3866388139,152.7246148447,608200,0.0,1.0
5879,2020-05-13T00:00:00.000Z,147.06,150.04,145.29,148.61,689900,146.3171456616,149.2820925817,144.5560865849,147.8593160395,689900,0.0,1.0
5880,2020-05-14T00:00:00.000Z,150.89,153.55,144.11,146.4,1131900,150.127798918,152.7743622762,143.3820472004,145.6604795652,1131900,0.0,1.0
5881,2020-05-15T00:00:00.000Z,151.32,153.5,149.88,150.29,1530100,150.5556268293,152.7246148447,149.1229008008,149.5308297394,1530100,0.0,1.0
5882,2020-05-18T00:00:00.000Z,159.54,160.54,153.64,154.58,568000,158.7341045753,159.7290532063,152.863907653,153.799159366,568000,0.0,1.0
5883,2020-05-19T00:00:00.000Z,157.65,160.57,157.54,159.22,484600,156.8536516629,159.7589016652,156.7442073135,158.4157210135,484600,0.0,1.0
5884,2020-05-20T00:00:00.000Z,158.03,159.87,157.82,159.27,498100,157.2317321427,159.0624376236,157.0227929302,158.465468445,498100,0.0,1.0
5885,2020-05-21T00:00:00.000Z,156.3,157.69,155.7,156.84,332400,155.5104710112,156.8934496082,154.9135018327,156.0477432719,332400,0.0,1.0
5886,2020-05-22T00:00:00.000Z,157.48,157.81,155.12,156.62,443700,156.6845103957,157.0128434439,154.3364316267,155.8288545731,443700,0.0,1.0
5887,2020-05-26T00:00:00.000Z,158.68,161.1,158.05,159.65,376700,157.8784487528,160.2862244396,157.2516311153,158.8435489247,376700,0.0,1.0
5888,2020-05-27T00:00:00.000Z,159.98,160.02,156.94,158.92,434200,159.1718819729,159.2116799182,156.147238135,158.1172364242,434200,0.0,1.0
5889,2020-05-28T00:00:00.000Z,162.81,164.57,160.01,161.1,430300,161.9875865984,163.7386961888,159.2017304319,160.2862244396,430300,0.0,1.0
5890,2020-05-29T00:00:00.000Z,165.89,166.39,161.14,163.53,737900,165.0520283816,165.5495026971,160.3260223848,162.7039496127,737900,0.0,1.0
5891,2020-06-01T00:00:00.000Z,165.65,166.64,164.33,165.49,554300,164.8132407102,165.7982398548,163.4999085174,164.6540489293,554300,0.0,1.0
5892,2020-06-02T00:00:00.000Z,164.44,166.98,161.75,165.94,574700,163.6093528668,166.1365223893,160.9329410497,165.1017758132,574700,0.0,1.0
5893,2020-06-03T00:00:00.000Z,163.17,165.53,162.95,165.0,565200,162.3457681056,164.6938468745,162.1268794068,164.1665241001,565200,0.0,1.0
5894,2020-06-04T00:00:00.000Z,160.63,164.0,159.99,162.58,544200,159.818598583,163.1715754692,159.1818314593,161.7587484133,544200,0.0,1.0
5895,2020-06-05T00:00:00.000Z,163.91,165.23,162.06,162.64,555300,163.0820300924,164.3953622852,161.2413751252,161.8184453312,555300,0.0,1.0
5896,2020-06-08T00:00:00.000Z,165.43,165.8,162.66,162.66,550900,164.5943520114,164.9624830048,161.8383443038,161.8383443038,550900,0.0,1.0
5897,2020-06-09T00:00:00.000Z,161.56,165.59,161.32,164.51,486000,160.7439008098,164.7535437924,160.5051131384,163.678999271,486000,0.0,1.0
5898,2020-06-10T00:00:00.000Z,159.64,162.06,158.96,162.06,456800,158.8335994384,161.2413751252,158.1570343694,161.2413751252,456800,0.0,1.0
5899,2020-06-11T00:00:00.000Z,149.33,157.16,148.91,157.16,556000,148.9438100472,156.7535604836,148.5248962307,156.7535604836,556000,0.37,1.0
5900,2020-06-12T00:00:00.000Z,151.82,154.51,149.34,153.1,522200,151.4273705308,154.1104137842,148.9537841857,152.7040602573,522200,0.0,1.0
5901,2020-06-15T00:00:00.000Z,153.85,154.3,148.08,149.08,396900,153.452120644,153.9009568759,147.6970427361,148.694456585,396900,0.0,1.0
5902,2020-06-16T00:00:00.000Z,154.9,157.35,154.17,157.08,424500,154.4994051852,156.9430691149,153.7712930756,156.6737673757,424500,0.0,1.0
5903,2020-06-17T00:00:00.000Z,154.94,156.83,154.4,156.19,309600,154.5393017392,156.4244139135,154.0006982608,155.7860690502,309600,0.0,1.0
5904,2020-06-18T00:00:00.000Z,153.36,154.88,152.68,154.13,332800,152.963387858,154.4794569083,152.2851464408,153.7313965216,332800,0.0,1.0
5905,2020-06-19T00:00:00.000Z,152.24,156.14,152.07,155.91,860800,151.8462843473,155.7361983578,151.676723993,155.5067931726,860800,0.0,1.0
5906,2020-06-22T00:00:00.000Z,153.17,154.38,150.4,152.0,575700,152.7738792267,153.9807499838,150.0110428655,151.6069050236,575700,0.0,1.0
5907,2020-06-23T00:00:00.000Z,154.81,156.16,153.02,154.76,689000,154.4096379388,155.7561466348,152.6242671494,154.3597672464,689000,0.0,1.0
5908,2020-06-24T00:00:00.000Z,149.04,153.42,148.29,153.42,522100,148.654560031,153.023232689,147.9064996444,153.023232689,522100,0.0,1.0
5909,2020-06-25T00:00:00.000Z,149.15,149.32,146.12,149.32,566400,148.7642755544,148.9338359087,145.7421115924,148.9338359087,566400,0.0,1.0
5910,2020-06-26T00:00:00.000Z,148.33,150.3,147.54,149.0,1432900,147.9463961984,149.9113014806,147.1584392578,148.6146634771,1432900,0.0,1.0
5911,2020-06-29T00:00:00.000Z,149.68,151.02,148.19,150.21,544306,149.2929048943,150.6294394517,147.8067582595,149.8215342342,544306,0.0,1.0
5912,2020-06-30T00:00:00.000Z,153.44,154.28,149.45,149.45,517900,153.0431809659,153.881008599,149.0634997091,149.0634997091,517900,0.0,1.0
5913,2020-07-01T00:00:00.000Z,154.28,155.2,152.47,154.7,678400,153.881008599,154.7986293399,152.0756895326,154.2999224155,678400,0.0,1.0
5914,2020-07-02T00:00:00.000Z,154.01,157.13,153.57,155.68,585700,153.6117068598,156.7236380681,153.1728447663,155.2773879873,585700,0.0,1.0
5915,2020-07-06T00:00:00.000Z,153.65,156.21,153.24,155.51,646200,153.2526378742,155.8060173272,152.8436981962,155.107827633,646200,0.0,1.0
5916,2020-07-07T00:00:00.000Z,151.78,154.02,150.83,151.96,482200,151.3874739769,153.6216809983,150.4399308205,151.5670084696,482200,0.0,1.0
5917,2020-07-08T00:00:00.000Z,150.82,152.54,149.34,152.4,510400,150.429956682,152.145508502,148.9537841857,152.0058705631,510400,0.0,1.0
5918,2020-07-09T00:00:00.000Z,150.44,151.83,147.32,150.78,881200,150.0509394194,151.4373446693,146.939008211,150.390060128,881200,0.0,1.0
5919,2020-07-10T00:00:00.000Z,150.51,150.81,148.91,150.53,296100,150.1207583888,150.4199825435,148.5248962307,150.1407066658,296100,0.0,1.0
5920,2020-07-13T00:00:00.000Z,150.16,153.88,149.83,151.62,402200,149.7716635417,153.4820430594,149.4425169716,151.227887761,402200,0.0,1.0
5921,2020-07-14T00:00:00.000Z,153.32,153.53,149.82,150.16,458300,152.9234913041,153.1329482123,149.4325428331,149.7716635417,458300,0.0,1.0
5922,2020-07-15T00:00:00.000Z,157.59,158.41,155.13,155.82,378700,157.1824484386,158.0003277947,154.7288103705,155.4170259262,378700,0.0,1.0
5923,2020-07-16T00:00:00.000Z,157.1,157.95,156.21,157.63,276600,156.6937156527,157.5415174242,155.8060173272,157.2223449926,276600,0.0,1.0
5924,2020-07-17T00:00:00.000Z,159.96,160.81,157.18,158.02,464500,159.5463192604,160.3941210319,156.7735087606,157.6113363936,464500,0.0,1.0
5925,2020-07-20T00:00:00.000Z,157.45,160.5,156.87,159.94,284500,157.0428104998,160.0849227387,156.4643104674,159.5263709834,284500,0.0,1.0
5926,2020-07-21T00:00:00.000Z,157.16,158.51,156.17,157.51,455000,156.7535604836,158.1000691795,155.7661207733,157.1026553307,455000,0.0,1.0
5927,2020-07-22T00:00:00.000Z,157.84,158.05,156.22,157.08,307315,157.4318019008,157.6412588091,155.8159914657,156.6737673757,307315,0.0,1.0
5928,2020-07-23T00:00:00.000Z,158.03,159.135,156.975,158.23,358074,157.6213105321,158.7234528351,156.5690389216,157.8207933019,358074,0.0,1.0
5929,2020-07-24T00:00:00.000Z,156.35,158.14,154.86,158.14,312379,155.9456552661,157.7310260555,154.4595086313,157.7310260555,312379,0.0,1.0
5930,2020-07-27T00:00:00.000Z,157.69,158.82,156.34,156.35,441701,157.2821898235,158.4092674727,155.9356811276,155.9456552661,441701,0.0,1.0
5931,2020-07-28T00:00:00.000Z,157.11,158.66,155.85,157.27,548096,156.7036897912,158.2496812569,155.4469483416,156.863276007,548096,0.0,1.0
5932,2020-07-29T00:00:00.000Z,161.73,163.34,157.8,157.8,593546,161.3117417728,162.9175780694,157.3919053469,157.3919053469,593546,0.0,1.0
5933,2020-07-30T00:00:00.000Z,161.13,161.46,158.13,159.08,344557,160.7132934635,161.0424400336,157.721051917,158.6685950734,344557,0.0,1.0
5934,2020-07-31T00:00:00.000Z,159.63,160.65,157.2763,160.22,416497,159.2171726902,160.2345348161,156.8695597142,159.8056468611,416497,0.0,1.0
5935,2020-08-03T00:00:00.000Z,161.07,162.9,159.94,159.94,478350,160.6534486326,162.4787159759,159.5263709834,159.5263709834,478350,0.0,1.0
5936,2020-08-04T00:00:00.000Z,158.0,164.12,157.3,161.58,612144,157.5913881166,163.6955608715,156.8931984224,161.1621296955,612144,0.0,1.0
5937,2020-08-05T00:00:00.000Z,157.67,159.91,157.12,159.7,355447,157.2622415465,159.4964485679,156.7136639297,159.2869916597,355447,0.0,1.0
5938,2020-08-06T00:00:00.000Z,155.98,157.65,154.645,157.65,421049,155.576612142,157.2422932695,154.2450646538,157.2422932695,421049,0.0,1.0
5939,2020-08-07T00:00:00.000Z,154.22,157.14,152.37,155.9,498659,153.821163768,156.7336122066,151.9759481477,155.4968190341,498659,0.0,1.0
5940,2020-08-10T00:00:00.000Z,155.88,156.895,153.52,154.1,568498,155.4768707571,156.4892458137,153.1229740738,153.7014741062,568498,0.0,1.0
5941,2020-08-11T00:00:00.000Z,158.72,160.26,156.24,156.71,566588,158.3095260878,159.845543415,155.8359397427,156.3047242516,566588,0.0,1.0
5942,2020-08-12T00:00:00.000Z,160.51,160.97,158.78,159.33,346536,160.0948968772,160.5537072477,158.3693709187,158.9179485356,346536,0.0,1.0
5943,2020-08-13T00:00:00.000Z,159.2,160.33,158.62,159.53,243763,158.7882847352,159.9153623844,158.2097847029,159.1174313054,243763,0.0,1.0
5944,2020-08-14T00:00:00.000Z,158.7,159.9,158.05,158.15,245284,158.2895778108,159.4864744294,157.6412588091,157.741000194,245284,0.0,1.0
5945,2020-08-17T00:00:00.000Z,158.11,160.6943,157.66,158.7,253234,157.70110364,160.2787202496,157.252267408,158.2895778108,253234,0.0,1.0
5946,2020-08-18T00:00:00.000Z,157.75,159.62,155.88,158.71,291748,157.3420346544,159.2071985518,155.4768707571,158.2995519493,291748,0.0,1.0
5947,2020-08-19T00:00:00.000Z,156.96,157.94,156.27,157.94,367152,156.5540777138,157.5315432857,155.8658621581,157.5315432857,367152,0.0,1.0
5948,2020-08-20T00:00:00.000Z,154.66,156.97,154.59,156.14,241823,154.2600258615,156.5640518523,154.1902068921,155.7361983578,241823,0.0,1.0
5949,2020-08-21T00:00:00.000Z,153.46,155.0,152.385,154.91,362657,153.0631292429,154.5991465701,151.9909093554,154.5093793237,362657,0.0,1.0
5950,2020-08-24T00:00:00.000Z,153.12,154.87,151.87,153.84,302584,152.7240085343,154.4694827698,151.4772412232,153.4421465055,302584,0.0,1.0
5951,2020-08-25T00:00:00.000Z,154.59,155.21,153.75,154.3,300611,154.1902068921,154.8086034784,153.3523792591,153.9009568759,300611,0.0,1.0
5952,2020-08-26T00:00:00.000Z,154.27,154.61,151.79,153.68,325548,154.27,154.61,151.79,153.68,325548,0.4,1.0
5953,2020-08-27T00:00:00.000Z,156.93,157.71,153.8,154.27,332242,156.93,157.71,153.8,154.27,332242,0.0,1.0
5954,2020-08-28T00:00:00.000Z,157.64,158.58,155.63,157.75,251874,157.64,158.58,155.63,157.75,251874,0.0,1.0
5955,2020-08-31T00:00:00.000Z,159.64,160.4,157.6,157.84,395359,159.64,160.4,157.6,157.84,395359,0.0,1.0
5956,2020-09-01T00:00:00.000Z,158.77,160.23,157.7,158.85,371728,158.77,160.23,157.7,158.85,371728,0.0,1.0
5957,2020-09-02T00:00:00.000Z,163.55,164.16,159.2,160.25,396520,163.55,164.16,159.2,160.25,396520,0.0,1.0
5958,2020-09-03T00:00:00.000Z,160.48,163.55,158.47,163.55,371184,160.48,163.55,158.47,163.55,371184,0.0,1.0
5959,2020-09-04T00:00:00.000Z,157.92,162.15,156.965,161.69,317401,157.92,162.15,156.965,161.69,317401,0.0,1.0
5960,2020-09-08T00:00:00.000Z,159.02,159.59,155.99,157.1,611939,159.02,159.59,155.99,157.1,611939,0.0,1.0
5961,2020-09-09T00:00:00.000Z,163.02,163.74,160.14,160.14,581273,163.02,163.74,160.14,160.14,581273,0.0,1.0
5962,2020-09-10T00:00:00.000Z,162.09,165.32,161.2536,163.6,604049,162.09,165.32,161.2536,163.6,604049,0.0,1.0
5963,2020-09-11T00:00:00.000Z,162.28,164.41,161.62,162.9,552223,162.28,164.41,161.62,162.9,552223,0.0,1.0
5964,2020-09-14T00:00:00.000Z,167.17,167.85,163.58,163.67,446452,167.17,167.85,163.58,163.67,446452,0.0,1.0
5965,2020-09-15T00:00:00.000Z,169.64,170.71,166.97,167.17,636621,169.64,170.71,166.97,167.17,636621,0.0,1.0
5966,2020-09-16T00:00:00.000Z,170.16,171.71,169.36,170.63,584615,170.16,171.71,169.36,170.63,584615,0.0,1.0
5967,2020-09-17T00:00:00.000Z,171.51,171.89,168.02,169.17,464672,171.51,171.89,168.02,169.17,464672,0.0,1.0
5968,2020-09-18T00:00:00.000Z,175.91,176.06,171.25,171.93,1054658,175.91,176.06,171.25,171.93,1054658,0.0,1.0
5969,2020-09-21T00:00:00.000Z,172.05,173.95,168.55,173.95,744644,172.05,173.95,168.55,173.95,744644,0.0,1.0
5970,2020-09-22T00:00:00.000Z,169.59,172.21,166.5,171.79,500583,169.59,172.21,166.5,171.79,500583,0.0,1.0
5971,2020-09-23T00:00:00.000Z,165.67,170.44,165.19,169.77,407098,165.67,170.44,165.19,169.77,407098,0.0,1.0
5972,2020-09-24T00:00:00.000Z,167.26,168.44,164.19,165.28,402685,167.26,168.44,164.19,165.28,402685,0.0,1.0
5973,2020-09-25T00:00:00.000Z,170.21,170.67,165.76,166.14,537750,170.21,170.67,165.76,166.14,537750,0.0,1.0
5974,2020-09-28T00:00:00.000Z,172.96,175.37,172.47,172.97,449079,172.96,175.37,172.47,172.97,449079,0.0,1.0
5975,2020-09-29T00:00:00.000Z,172.82,174.73,172.18,173.47,420932,172.82,174.73,172.18,173.47,420932,0.0,1.0
5976,2020-09-30T00:00:00.000Z,176.19,177.75,173.0,173.0,537612,176.19,177.75,173.0,173.0,537612,0.0,1.0
5977,2020-10-01T00:00:00.000Z,174.47,178.755,173.215,177.11,476034,174.47,178.755,173.215,177.11,476034,0.0,1.0
5978,2020-10-02T00:00:00.000Z,172.67,174.18,171.35,172.04,491186,172.67,174.18,171.35,172.04,491186,0.0,1.0
5979,2020-10-05T00:00:00.000Z,174.72,175.02,173.19,173.43,426489,174.72,175.02,173.19,173.43,426489,0.0,1.0
5980,2020-10-06T00:00:00.000Z,181.01,184.99,176.03,176.19,693462,181.01,184.99,176.03,176.19,693462,0.0,1.0
5981,2020-10-07T00:00:00.000Z,185.29,186.02,181.3801,182.68,473567,185.29,186.02,181.3801,182.68,473567,0.0,1.0
5982,2020-10-08T00:00:00.000Z,186.75,187.0,185.92,187.0,306084,186.75,187.0,185.92,187.0,306084,0.0,1.0
5983,2020-10-09T00:00:00.000Z,188.45,189.345,186.6,187.57,550372,188.45,189.345,186.6,187.57,550372,0.0,1.0
5984,2020-10-12T00:00:00.000Z,191.82,192.97,188.435,189.2,334982,191.82,192.97,188.435,189.2,334982,0.0,1.0
5985,2020-10-13T00:00:00.000Z,187.68,191.185,187.36,190.63,343633,187.68,191.185,187.36,190.63,343633,0.0,1.0
5986,2020-10-14T00:00:00.000Z,186.58,190.82,185.61,187.92,361166,186.58,190.82,185.61,187.92,361166,0.0,1.0
5987,2020-10-15T00:00:00.000Z,187.33,188.42,184.33,185.51,309142,187.33,188.42,184.33,185.51,309142,0.0,1.0
5988,2020-10-16T00:00:00.000Z,188.88,190.565,187.52,187.52,236047,188.88,190.565,187.52,187.52,236047,0.0,1.0
